<?xml version="1.0" encoding="UTF-8" standalone="no" ?>
<COLLADA version="1.4.1" xmlns="http://www.collada.org/2005/11/COLLADASchema">

  <asset>
    <contributor>
      <authoring_tool>ONSHAPE BY PTC INC, 1.193</authoring_tool>
    </contributor>
    <created>2025-02-09T15:30:27</created>
    <modified>2025-02-09T15:30:27</modified>
    <unit meter="1" name="meters"/>
    <up_axis>Z_UP</up_axis>
  </asset>

  <library_materials>
    <material id="ID10" name="ID10">
      <instance_effect url="#ID10-fx"/>
    </material>
    <material id="ID18" name="ID18">
      <instance_effect url="#ID18-fx"/>
    </material>
  </library_materials>

  <library_effects>
    <effect id="ID10-fx" name="ID10">
      <profile_COMMON>
        <technique sid="COMMON">
          <lambert>
            <diffuse>
              <color sid="diffuse">0.623529 0.666667 0.698039 1</color>
            </diffuse>
            <transparent opaque="A_ONE">
              <color sid="transparent">1 1 1 1</color>
            </transparent>
            <transparency>
              <float sid="transparency">1</float>
            </transparency>
          </lambert>
        </technique>
        <extra>
          <technique profile="OTHER">
            <double_sided>1</double_sided>
          </technique>
        </extra>
      </profile_COMMON>
    </effect>
    <effect id="ID18-fx" name="ID18">
      <profile_COMMON>
        <technique sid="COMMON">
          <lambert>
            <diffuse>
              <color sid="diffuse">0.615686 0.811765 0.92549 1</color>
            </diffuse>
            <transparent opaque="A_ONE">
              <color sid="transparent">1 1 1 1</color>
            </transparent>
            <transparency>
              <float sid="transparency">1</float>
            </transparency>
          </lambert>
        </technique>
        <extra>
          <technique profile="OTHER">
            <double_sided>1</double_sided>
          </technique>
        </extra>
      </profile_COMMON>
    </effect>
  </library_effects>

  <library_geometries>
    <geometry id="ID4">
      <mesh>
        <source id="ID5">
          <float_array count="144" id="ID6">-1.95 -3 0 1.95 -3 0.025 -1.95 -3 0.025 1.95 -3 0 -1.95 -2.7 0.025 -1.95 -2.7 0 -1.95 -3 0 -1.95 -2.675 -0.15 -1.95 -2.7 -0.15 -1.95 -2.675 0.175 -1.95 -3 0.025 -1.95 -2.7 0.175 1.95 -2.675 0.175 1.95 -2.7 0 1.95 -2.675 -0.15 1.95 -2.7 0.025 1.95 -2.7 -0.15 1.95 -3 0 1.95 -2.7 0.175 1.95 -3 0.025 -1.95 -2.7 0.025 1.95 -3 0.025 1.95 -2.7 0.025 -1.95 -3 0.025 1.95 -3 0 -1.95 -2.7 0 1.95 -2.7 0 -1.95 -3 0 -1.95 -2.7 -0.15 1.95 -2.7 -0.15 1.95 -2.7 0 -1.95 -2.7 0 -1.95 -2.675 0.175 1.95 -2.7 0.175 1.95 -2.675 0.175 -1.95 -2.7 0.175 1.95 -2.7 -0.15 -1.95 -2.675 -0.15 1.95 -2.675 -0.15 -1.95 -2.7 -0.15 -1.95 -2.675 -0.15 1.95 -2.675 0.175 1.95 -2.675 -0.15 -1.95 -2.675 0.175 -1.95 -2.7 0.025 1.95 -2.7 0.025 1.95 -2.7 0.175 -1.95 -2.7 0.175</float_array>
          <technique_common>
            <accessor count="48" source="#ID6" stride="3">
              <param name="X" type="float"/>
              <param name="Y" type="float"/>
              <param name="Z" type="float"/>
            </accessor>
          </technique_common>
        </source>
        <source id="ID7">
          <float_array count="144" id="ID8">0 -1 0 0 -1 0 0 -1 0 0 -1 0 -1 -0 -0 -1 -0 -0 -1 -0 -0 -1 -0 -0 -1 -0 -0 -1 -0 -0 -1 -0 -0 -1 -0 -0 1 0 0 1 0 0 1 0 0 1 0 0 1 0 0 1 0 0 1 0 0 1 0 0 0 0 1 0 0 1 0 0 1 0 0 1 -0 -0 -1 -0 -0 -1 -0 -0 -1 -0 -0 -1 0 -1 0 0 -1 0 0 -1 0 0 -1 0 0 0 1 0 0 1 0 0 1 0 0 1 -0 -0 -1 -0 -0 -1 -0 -0 -1 -0 -0 -1 0 1 0 0 1 0 0 1 0 0 1 0 0 -1 0 0 -1 0 0 -1 0 0 -1 0</float_array>
          <technique_common>
            <accessor count="48" source="#ID8" stride="3">
              <param name="X" type="float"/>
              <param name="Y" type="float"/>
              <param name="Z" type="float"/>
            </accessor>
          </technique_common>
        </source>
        <vertices id="ID9">
          <input semantic="POSITION" source="#ID5"/>
          <input semantic="NORMAL" source="#ID7"/>
        </vertices>
        <triangles count="28" material="ID10">
          <input offset="0" semantic="VERTEX" source="#ID9"/>
          <p>0 1 2 1 0 3 4 5 6 7 8 5 9 7 5 4 6 10 5 4 9 9 4 11 12 13 14 13 12 15 14 13 16 13 15 17 12 18 15 15 19 17 20 21 22 21 20 23 24 25 26 24 27 25 28 29 30 30 31 28 32 33 34 33 32 35 36 37 38 36 39 37 40 41 42 41 40 43 44 45 46 46 47 44</p>
        </triangles>
      </mesh>
    </geometry>
    <geometry id="ID12">
      <mesh>
        <source id="ID13">
          <float_array count="7992" id="ID14">10.25 -3.47523 0.551025 10.25 -3.52477 0.551025 10.25 -2.1 0.05 10.25 -3.20409 0.800622 10.25 -3.2 0.85 10.25 -3.23616 3.45722 10.25 -3.23616 1.19278 10.25 -3.21625 3.50259 10.25 -3.8 0.85 10.25 -5 0.05 10.25 -3.79591 0.800622 10.25 -3.23616 0.707216 10.25 -3.21625 0.75259 10.25 -3.29682 0.629283 10.25 -3.26326 0.665736 10.25 -3.37949 0.575268 10.25 -3.33592 0.59885 10.25 -3.42635 0.55918 10.25 -3.57365 0.55918 10.25 -3.66408 0.59885 10.25 -3.62051 0.575268 10.25 -3.73674 0.665736 10.25 -3.70318 0.629283 10.25 -3.78375 0.75259 10.25 -3.76384 0.707216 10.25 -3.57365 3.30918 10.25 -3.62051 1.32473 10.25 -3.57365 1.34082 10.25 -3.8 1.05 10.25 -3.79591 1.09938 10.25 -3.73674 3.41574 10.25 -3.73674 1.23426 10.25 -3.70318 3.37928 10.25 -3.78375 1.14741 10.25 -3.70318 1.27072 10.25 -3.66408 3.34885 10.25 -3.37949 1.32473 10.25 -3.37949 3.32527 10.25 -3.42635 1.34082 10.25 -3.42635 3.30918 10.25 -3.33592 1.30115 10.25 -3.33592 3.34885 10.25 -3.29682 3.37928 10.25 -3.26326 3.41574 10.25 -3.26326 1.23426 10.25 -3.29682 1.27072 10.25 -2.1 5 10.25 -3.21625 1.14741 10.25 -3.2 3.6 10.25 -3.20409 3.55062 10.25 -3.2 1.05 10.25 -3.20409 1.09938 10.25 -3.47523 1.34898 10.25 -3.78375 3.50259 10.25 -3.47523 3.30102 10.25 -3.52477 1.34898 10.25 -3.52477 3.30102 10.25 -3.62051 3.32527 10.25 -3.66408 1.30115 10.25 -3.76384 1.19278 10.25 -3.76384 3.45722 10.25 -5 5 10.25 -3.79591 3.55062 10.25 -3.57365 4.09082 10.25 -3.62051 4.07473 10.25 -3.8 3.6 10.25 -3.8 3.8 10.25 -3.78375 3.89741 10.25 -3.79591 3.84938 10.25 -3.73674 3.98426 10.25 -3.76384 3.94278 10.25 -3.66408 4.05115 10.25 -3.70318 4.02072 10.25 -3.52477 4.09898 10.25 -3.42635 4.09082 10.25 -3.47523 4.09898 10.25 -3.33592 4.05115 10.25 -3.37949 4.07473 10.25 -3.26326 3.98426 10.25 -3.29682 4.02072 10.25 -3.21625 3.89741 10.25 -3.23616 3.94278 10.25 -3.2 3.8 10.25 -3.20409 3.84938 6.2 -3.47523 0.551025 6.2 -3.52477 0.551025 6.2 -2.1 0.05 6.2 -3.20409 0.800622 6.2 -3.2 0.85 6.2 -3.23616 3.45722 6.2 -3.23616 1.19278 6.2 -3.21625 3.50259 6.2 -3.8 0.85 6.2 -5 0.05 6.2 -3.79591 0.800622 6.2 -3.23616 0.707216 6.2 -3.21625 0.75259 6.2 -3.29682 0.629283 6.2 -3.26326 0.665736 6.2 -3.37949 0.575268 6.2 -3.33592 0.59885 6.2 -3.42635 0.55918 6.2 -3.57365 0.55918 6.2 -3.66408 0.59885 6.2 -3.62051 0.575268 6.2 -3.73674 0.665736 6.2 -3.70318 0.629283 6.2 -3.78375 0.75259 6.2 -3.76384 0.707216 6.2 -3.57365 3.30918 6.2 -3.62051 1.32473 6.2 -3.57365 1.34082 6.2 -3.8 1.05 6.2 -3.79591 1.09938 6.2 -3.73674 3.41574 6.2 -3.73674 1.23426 6.2 -3.70318 3.37928 6.2 -3.78375 1.14741 6.2 -3.70318 1.27072 6.2 -3.66408 3.34885 6.2 -3.37949 1.32473 6.2 -3.37949 3.32527 6.2 -3.42635 1.34082 6.2 -3.42635 3.30918 6.2 -3.33592 1.30115 6.2 -3.33592 3.34885 6.2 -3.29682 3.37928 6.2 -3.26326 3.41574 6.2 -3.26326 1.23426 6.2 -3.29682 1.27072 6.2 -2.1 5 6.2 -3.21625 1.14741 6.2 -3.2 3.6 6.2 -3.20409 3.55062 6.2 -3.2 1.05 6.2 -3.20409 1.09938 6.2 -3.47523 1.34898 6.2 -3.78375 3.50259 6.2 -3.47523 3.30102 6.2 -3.52477 1.34898 6.2 -3.52477 3.30102 6.2 -3.62051 3.32527 6.2 -3.66408 1.30115 6.2 -3.76384 1.19278 6.2 -3.76384 3.45722 6.2 -5 5 6.2 -3.79591 3.55062 6.2 -3.57365 4.09082 6.2 -3.62051 4.07473 6.2 -3.8 3.6 6.2 -3.8 3.8 6.2 -3.78375 3.89741 6.2 -3.79591 3.84938 6.2 -3.73674 3.98426 6.2 -3.76384 3.94278 6.2 -3.66408 4.05115 6.2 -3.70318 4.02072 6.2 -3.52477 4.09898 6.2 -3.42635 4.09082 6.2 -3.47523 4.09898 6.2 -3.33592 4.05115 6.2 -3.37949 4.07473 6.2 -3.26326 3.98426 6.2 -3.29682 4.02072 6.2 -3.21625 3.89741 6.2 -3.23616 3.94278 6.2 -3.2 3.8 6.2 -3.20409 3.84938 10.2 -5 0.05 10.2 -3.79591 1.09938 10.2 -3.8 1.05 10.2 -3.66408 3.34885 10.2 -3.66408 1.30115 10.2 -3.70318 1.27072 10.2 -3.76384 1.19278 10.2 -3.73674 3.41574 10.2 -3.73674 1.23426 10.2 -3.78375 1.14741 10.2 -3.70318 3.37928 10.2 -3.52477 1.34898 10.2 -3.57365 1.34082 10.2 -3.52477 3.30102 10.2 -3.57365 3.30918 10.2 -3.62051 1.32473 10.2 -3.62051 3.32527 10.2 -3.37949 3.32527 10.2 -3.37949 1.32473 10.2 -3.42635 1.34082 10.2 -3.47523 3.30102 10.2 -3.47523 1.34898 10.2 -3.29682 3.37928 10.2 -3.33592 1.30115 10.2 -3.33592 3.34885 10.2 -3.26326 1.23426 10.2 -3.26326 3.41574 10.2 -3.23616 3.45722 10.2 -3.29682 1.27072 10.2 -3.21625 3.50259 10.2 -3.23616 1.19278 10.2 -5 5 10.2 -3.57365 4.09082 10.2 -3.62051 4.07473 10.2 -3.21625 1.14741 10.2 -3.20409 3.84938 10.2 -2.1 5 10.2 -3.2 3.8 10.2 -3.21625 3.89741 10.2 -3.23616 3.94278 10.2 -2.1 0.05 10.2 -3.52477 0.551025 10.2 -3.47523 0.551025 10.2 -3.20409 1.09938 10.2 -3.2 1.05 10.2 -3.2 0.85 10.2 -3.21625 0.75259 10.2 -3.20409 0.800622 10.2 -3.26326 0.665736 10.2 -3.23616 0.707216 10.2 -3.33592 0.59885 10.2 -3.29682 0.629283 10.2 -3.42635 0.55918 10.2 -3.37949 0.575268 10.2 -3.57365 0.55918 10.2 -3.66408 0.59885 10.2 -3.62051 0.575268 10.2 -3.73674 0.665736 10.2 -3.70318 0.629283 10.2 -3.78375 0.75259 10.2 -3.76384 0.707216 10.2 -3.8 0.85 10.2 -3.79591 0.800622 10.2 -3.78375 3.89741 10.2 -3.79591 3.84938 10.2 -3.8 3.8 10.2 -3.73674 3.98426 10.2 -3.76384 3.94278 10.2 -3.66408 4.05115 10.2 -3.70318 4.02072 10.2 -3.52477 4.09898 10.2 -3.42635 4.09082 10.2 -3.47523 4.09898 10.2 -3.33592 4.05115 10.2 -3.37949 4.07473 10.2 -3.26326 3.98426 10.2 -3.29682 4.02072 10.2 -3.2 3.6 10.2 -3.20409 3.55062 10.2 -3.42635 3.30918 10.2 -3.76384 3.45722 10.2 -3.78375 3.50259 10.2 -3.79591 3.55062 10.2 -3.8 3.6 14.3 -3.47523 0.551025 14.3 -3.52477 0.551025 14.3 -2.1 0.05 14.3 -3.20409 0.800622 14.3 -3.2 0.85 14.3 -3.23616 3.45722 14.3 -3.23616 1.19278 14.3 -3.21625 3.50259 14.3 -3.8 0.85 14.3 -5 0.05 14.3 -3.79591 0.800622 14.3 -3.23616 0.707216 14.3 -3.21625 0.75259 14.3 -3.29682 0.629283 14.3 -3.26326 0.665736 14.3 -3.37949 0.575268 14.3 -3.33592 0.59885 14.3 -3.42635 0.55918 14.3 -3.57365 0.55918 14.3 -3.66408 0.59885 14.3 -3.62051 0.575268 14.3 -3.73674 0.665736 14.3 -3.70318 0.629283 14.3 -3.78375 0.75259 14.3 -3.76384 0.707216 14.3 -3.57365 3.30918 14.3 -3.62051 1.32473 14.3 -3.57365 1.34082 14.3 -3.8 1.05 14.3 -3.79591 1.09938 14.3 -3.73674 3.41574 14.3 -3.73674 1.23426 14.3 -3.70318 3.37928 14.3 -3.78375 1.14741 14.3 -3.70318 1.27072 14.3 -3.66408 3.34885 14.3 -3.37949 1.32473 14.3 -3.37949 3.32527 14.3 -3.42635 1.34082 14.3 -3.42635 3.30918 14.3 -3.33592 1.30115 14.3 -3.33592 3.34885 14.3 -3.29682 3.37928 14.3 -3.26326 3.41574 14.3 -3.26326 1.23426 14.3 -3.29682 1.27072 14.3 -2.1 5 14.3 -3.21625 1.14741 14.3 -3.2 3.6 14.3 -3.20409 3.55062 14.3 -3.2 1.05 14.3 -3.20409 1.09938 14.3 -3.47523 1.34898 14.3 -3.78375 3.50259 14.3 -3.47523 3.30102 14.3 -3.52477 1.34898 14.3 -3.52477 3.30102 14.3 -3.62051 3.32527 14.3 -3.66408 1.30115 14.3 -3.76384 1.19278 14.3 -3.76384 3.45722 14.3 -5 5 14.3 -3.79591 3.55062 14.3 -3.57365 4.09082 14.3 -3.62051 4.07473 14.3 -3.8 3.6 14.3 -3.8 3.8 14.3 -3.78375 3.89741 14.3 -3.79591 3.84938 14.3 -3.73674 3.98426 14.3 -3.76384 3.94278 14.3 -3.66408 4.05115 14.3 -3.70318 4.02072 14.3 -3.52477 4.09898 14.3 -3.42635 4.09082 14.3 -3.47523 4.09898 14.3 -3.33592 4.05115 14.3 -3.37949 4.07473 14.3 -3.26326 3.98426 14.3 -3.29682 4.02072 14.3 -3.21625 3.89741 14.3 -3.23616 3.94278 14.3 -3.2 3.8 14.3 -3.20409 3.84938 2.15 -3.47523 0.551025 2.15 -3.52477 0.551025 2.15 -2.1 0.05 2.15 -3.20409 0.800622 2.15 -3.2 0.85 2.15 -3.23616 3.45722 2.15 -3.23616 1.19278 2.15 -3.21625 3.50259 2.15 -3.8 0.85 2.15 -5 0.05 2.15 -3.79591 0.800622 2.15 -3.23616 0.707216 2.15 -3.21625 0.75259 2.15 -3.29682 0.629283 2.15 -3.26326 0.665736 2.15 -3.37949 0.575268 2.15 -3.33592 0.59885 2.15 -3.42635 0.55918 2.15 -3.57365 0.55918 2.15 -3.66408 0.59885 2.15 -3.62051 0.575268 2.15 -3.73674 0.665736 2.15 -3.70318 0.629283 2.15 -3.78375 0.75259 2.15 -3.76384 0.707216 2.15 -3.57365 3.30918 2.15 -3.62051 1.32473 2.15 -3.57365 1.34082 2.15 -3.8 1.05 2.15 -3.79591 1.09938 2.15 -3.73674 3.41574 2.15 -3.73674 1.23426 2.15 -3.70318 3.37928 2.15 -3.78375 1.14741 2.15 -3.70318 1.27072 2.15 -3.66408 3.34885 2.15 -3.37949 1.32473 2.15 -3.37949 3.32527 2.15 -3.42635 1.34082 2.15 -3.42635 3.30918 2.15 -3.33592 1.30115 2.15 -3.33592 3.34885 2.15 -3.29682 3.37928 2.15 -3.26326 3.41574 2.15 -3.26326 1.23426 2.15 -3.29682 1.27072 2.15 -2.1 5 2.15 -3.21625 1.14741 2.15 -3.2 3.6 2.15 -3.20409 3.55062 2.15 -3.2 1.05 2.15 -3.20409 1.09938 2.15 -3.47523 1.34898 2.15 -3.78375 3.50259 2.15 -3.47523 3.30102 2.15 -3.52477 1.34898 2.15 -3.52477 3.30102 2.15 -3.62051 3.32527 2.15 -3.66408 1.30115 2.15 -3.76384 1.19278 2.15 -3.76384 3.45722 2.15 -5 5 2.15 -3.79591 3.55062 2.15 -3.57365 4.09082 2.15 -3.62051 4.07473 2.15 -3.8 3.6 2.15 -3.8 3.8 2.15 -3.78375 3.89741 2.15 -3.79591 3.84938 2.15 -3.73674 3.98426 2.15 -3.76384 3.94278 2.15 -3.66408 4.05115 2.15 -3.70318 4.02072 2.15 -3.52477 4.09898 2.15 -3.42635 4.09082 2.15 -3.47523 4.09898 2.15 -3.33592 4.05115 2.15 -3.37949 4.07473 2.15 -3.26326 3.98426 2.15 -3.29682 4.02072 2.15 -3.21625 3.89741 2.15 -3.23616 3.94278 2.15 -3.2 3.8 2.15 -3.20409 3.84938 6.15 -5 0.05 6.15 -3.79591 1.09938 6.15 -3.8 1.05 6.15 -3.66408 3.34885 6.15 -3.66408 1.30115 6.15 -3.70318 1.27072 6.15 -3.76384 1.19278 6.15 -3.73674 3.41574 6.15 -3.73674 1.23426 6.15 -3.78375 1.14741 6.15 -3.70318 3.37928 6.15 -3.52477 1.34898 6.15 -3.57365 1.34082 6.15 -3.52477 3.30102 6.15 -3.57365 3.30918 6.15 -3.62051 1.32473 6.15 -3.62051 3.32527 6.15 -3.37949 3.32527 6.15 -3.37949 1.32473 6.15 -3.42635 1.34082 6.15 -3.47523 3.30102 6.15 -3.47523 1.34898 6.15 -3.29682 3.37928 6.15 -3.33592 1.30115 6.15 -3.33592 3.34885 6.15 -3.26326 1.23426 6.15 -3.26326 3.41574 6.15 -3.23616 3.45722 6.15 -3.29682 1.27072 6.15 -3.21625 3.50259 6.15 -3.23616 1.19278 6.15 -5 5 6.15 -3.57365 4.09082 6.15 -3.62051 4.07473 6.15 -3.21625 1.14741 6.15 -3.20409 3.84938 6.15 -2.1 5 6.15 -3.2 3.8 6.15 -3.21625 3.89741 6.15 -3.23616 3.94278 6.15 -2.1 0.05 6.15 -3.52477 0.551025 6.15 -3.47523 0.551025 6.15 -3.20409 1.09938 6.15 -3.2 1.05 6.15 -3.2 0.85 6.15 -3.21625 0.75259 6.15 -3.20409 0.800622 6.15 -3.26326 0.665736 6.15 -3.23616 0.707216 6.15 -3.33592 0.59885 6.15 -3.29682 0.629283 6.15 -3.42635 0.55918 6.15 -3.37949 0.575268 6.15 -3.57365 0.55918 6.15 -3.66408 0.59885 6.15 -3.62051 0.575268 6.15 -3.73674 0.665736 6.15 -3.70318 0.629283 6.15 -3.78375 0.75259 6.15 -3.76384 0.707216 6.15 -3.8 0.85 6.15 -3.79591 0.800622 6.15 -3.78375 3.89741 6.15 -3.79591 3.84938 6.15 -3.8 3.8 6.15 -3.73674 3.98426 6.15 -3.76384 3.94278 6.15 -3.66408 4.05115 6.15 -3.70318 4.02072 6.15 -3.52477 4.09898 6.15 -3.42635 4.09082 6.15 -3.47523 4.09898 6.15 -3.33592 4.05115 6.15 -3.37949 4.07473 6.15 -3.26326 3.98426 6.15 -3.29682 4.02072 6.15 -3.2 3.6 6.15 -3.20409 3.55062 6.15 -3.42635 3.30918 6.15 -3.76384 3.45722 6.15 -3.78375 3.50259 6.15 -3.79591 3.55062 6.15 -3.8 3.6 14.25 -5 0.05 14.25 -3.79591 1.09938 14.25 -3.8 1.05 14.25 -3.66408 3.34885 14.25 -3.66408 1.30115 14.25 -3.70318 1.27072 14.25 -3.76384 1.19278 14.25 -3.73674 3.41574 14.25 -3.73674 1.23426 14.25 -3.78375 1.14741 14.25 -3.70318 3.37928 14.25 -3.52477 1.34898 14.25 -3.57365 1.34082 14.25 -3.52477 3.30102 14.25 -3.57365 3.30918 14.25 -3.62051 1.32473 14.25 -3.62051 3.32527 14.25 -3.37949 3.32527 14.25 -3.37949 1.32473 14.25 -3.42635 1.34082 14.25 -3.47523 3.30102 14.25 -3.47523 1.34898 14.25 -3.29682 3.37928 14.25 -3.33592 1.30115 14.25 -3.33592 3.34885 14.25 -3.26326 1.23426 14.25 -3.26326 3.41574 14.25 -3.23616 3.45722 14.25 -3.29682 1.27072 14.25 -3.21625 3.50259 14.25 -3.23616 1.19278 14.25 -5 5 14.25 -3.57365 4.09082 14.25 -3.62051 4.07473 14.25 -3.21625 1.14741 14.25 -3.20409 3.84938 14.25 -2.1 5 14.25 -3.2 3.8 14.25 -3.21625 3.89741 14.25 -3.23616 3.94278 14.25 -2.1 0.05 14.25 -3.52477 0.551025 14.25 -3.47523 0.551025 14.25 -3.20409 1.09938 14.25 -3.2 1.05 14.25 -3.2 0.85 14.25 -3.21625 0.75259 14.25 -3.20409 0.800622 14.25 -3.26326 0.665736 14.25 -3.23616 0.707216 14.25 -3.33592 0.59885 14.25 -3.29682 0.629283 14.25 -3.42635 0.55918 14.25 -3.37949 0.575268 14.25 -3.57365 0.55918 14.25 -3.66408 0.59885 14.25 -3.62051 0.575268 14.25 -3.73674 0.665736 14.25 -3.70318 0.629283 14.25 -3.78375 0.75259 14.25 -3.76384 0.707216 14.25 -3.8 0.85 14.25 -3.79591 0.800622 14.25 -3.78375 3.89741 14.25 -3.79591 3.84938 14.25 -3.8 3.8 14.25 -3.73674 3.98426 14.25 -3.76384 3.94278 14.25 -3.66408 4.05115 14.25 -3.70318 4.02072 14.25 -3.52477 4.09898 14.25 -3.42635 4.09082 14.25 -3.47523 4.09898 14.25 -3.33592 4.05115 14.25 -3.37949 4.07473 14.25 -3.26326 3.98426 14.25 -3.29682 4.02072 14.25 -3.2 3.6 14.25 -3.20409 3.55062 14.25 -3.42635 3.30918 14.25 -3.76384 3.45722 14.25 -3.78375 3.50259 14.25 -3.79591 3.55062 14.25 -3.8 3.6 2.1 -5 0.05 2.1 -3.79591 1.09938 2.1 -3.8 1.05 2.1 -3.66408 3.34885 2.1 -3.66408 1.30115 2.1 -3.70318 1.27072 2.1 -3.76384 1.19278 2.1 -3.73674 3.41574 2.1 -3.73674 1.23426 2.1 -3.78375 1.14741 2.1 -3.70318 3.37928 2.1 -3.52477 1.34898 2.1 -3.57365 1.34082 2.1 -3.52477 3.30102 2.1 -3.57365 3.30918 2.1 -3.62051 1.32473 2.1 -3.62051 3.32527 2.1 -3.37949 3.32527 2.1 -3.37949 1.32473 2.1 -3.42635 1.34082 2.1 -3.47523 3.30102 2.1 -3.47523 1.34898 2.1 -3.29682 3.37928 2.1 -3.33592 1.30115 2.1 -3.33592 3.34885 2.1 -3.26326 1.23426 2.1 -3.26326 3.41574 2.1 -3.23616 3.45722 2.1 -3.29682 1.27072 2.1 -3.21625 3.50259 2.1 -3.23616 1.19278 2.1 -5 5 2.1 -3.57365 4.09082 2.1 -3.62051 4.07473 2.1 -3.21625 1.14741 2.1 -3.20409 3.84938 2.1 -2.1 5 2.1 -3.2 3.8 2.1 -3.21625 3.89741 2.1 -3.23616 3.94278 2.1 -2.1 0.05 2.1 -3.52477 0.551025 2.1 -3.47523 0.551025 2.1 -3.20409 1.09938 2.1 -3.2 1.05 2.1 -3.2 0.85 2.1 -3.21625 0.75259 2.1 -3.20409 0.800622 2.1 -3.26326 0.665736 2.1 -3.23616 0.707216 2.1 -3.33592 0.59885 2.1 -3.29682 0.629283 2.1 -3.42635 0.55918 2.1 -3.37949 0.575268 2.1 -3.57365 0.55918 2.1 -3.66408 0.59885 2.1 -3.62051 0.575268 2.1 -3.73674 0.665736 2.1 -3.70318 0.629283 2.1 -3.78375 0.75259 2.1 -3.76384 0.707216 2.1 -3.8 0.85 2.1 -3.79591 0.800622 2.1 -3.78375 3.89741 2.1 -3.79591 3.84938 2.1 -3.8 3.8 2.1 -3.73674 3.98426 2.1 -3.76384 3.94278 2.1 -3.66408 4.05115 2.1 -3.70318 4.02072 2.1 -3.52477 4.09898 2.1 -3.42635 4.09082 2.1 -3.47523 4.09898 2.1 -3.33592 4.05115 2.1 -3.37949 4.07473 2.1 -3.26326 3.98426 2.1 -3.29682 4.02072 2.1 -3.2 3.6 2.1 -3.20409 3.55062 2.1 -3.42635 3.30918 2.1 -3.76384 3.45722 2.1 -3.78375 3.50259 2.1 -3.79591 3.55062 2.1 -3.8 3.6 -2 -5.1 0 -2 -3.79591 1.09938 -2 -3.8 1.05 -2 -3.33592 4.05115 -2 -3.37949 4.07473 -2 -2 5 -2 -3.62051 1.32473 -2 -3.62051 3.32527 -2 -3.57365 3.30918 -2 -3.76384 1.19278 -2 -3.73674 3.41574 -2 -3.73674 1.23426 -2 -3.78375 1.14741 -2 -3.70318 1.27072 -2 -3.66408 3.34885 -2 -3.66408 1.30115 -2 -3.70318 3.37928 -2 -3.42635 3.30918 -2 -3.47523 1.34898 -2 -3.47523 3.30102 -2 -3.52477 3.30102 -2 -3.52477 1.34898 -2 -3.57365 1.34082 -2 -3.33592 1.30115 -2 -3.33592 3.34885 -2 -3.29682 3.37928 -2 -3.42635 1.34082 -2 -3.37949 3.32527 -2 -3.37949 1.32473 -2 -3.29682 1.27072 -2 -3.26326 3.41574 -2 -3.23616 1.19278 -2 -3.26326 1.23426 -2 -3.23616 3.45722 -2 -3.21625 3.50259 -2 -3.21625 1.14741 -2 -3.57365 4.09082 -2 -3.62051 4.07473 -2 -5.1 5 -2 -3.2 3.8 -2 -3.2 3.6 -2 -2 0 -2 -3.52477 0.551025 -2 -3.47523 0.551025 -2 -3.20409 1.09938 -2 -3.2 1.05 -2 -3.2 0.85 -2 -3.21625 0.75259 -2 -3.20409 0.800622 -2 -3.26326 0.665736 -2 -3.23616 0.707216 -2 -3.33592 0.59885 -2 -3.29682 0.629283 -2 -3.42635 0.55918 -2 -3.37949 0.575268 -2 -3.57365 0.55918 -2 -3.66408 0.59885 -2 -3.62051 0.575268 -2 -3.73674 0.665736 -2 -3.70318 0.629283 -2 -3.78375 0.75259 -2 -3.76384 0.707216 -2 -3.8 0.85 -2 -3.79591 0.800622 -2 -3.78375 3.89741 -2 -3.79591 3.84938 -2 -3.8 3.8 -2 -3.73674 3.98426 -2 -3.76384 3.94278 -2 -3.66408 4.05115 -2 -3.70318 4.02072 -2 -3.52477 4.09898 -2 -3.42635 4.09082 -2 -3.47523 4.09898 -2 -3.26326 3.98426 -2 -3.29682 4.02072 -2 -3.21625 3.89741 -2 -3.23616 3.94278 -2 -3.20409 3.84938 -2 -3.20409 3.55062 -2 -3.76384 3.45722 -2 -3.78375 3.50259 -2 -3.79591 3.55062 -2 -3.8 3.6 -1.9 -5 0.05 -1.9 -3.8 1.05 -1.9 -3.79591 1.09938 -1.9 -3.47523 0.551025 -1.9 -3.52477 0.551025 -1.9 -2.1 0.05 -1.9 -3.20409 0.800622 -1.9 -3.2 0.85 -1.9 -3.23616 3.45722 -1.9 -3.23616 1.19278 -1.9 -3.21625 3.50259 -1.9 -3.8 0.85 -1.9 -3.79591 0.800622 -1.9 -3.23616 0.707216 -1.9 -3.21625 0.75259 -1.9 -3.29682 0.629283 -1.9 -3.26326 0.665736 -1.9 -3.37949 0.575268 -1.9 -3.33592 0.59885 -1.9 -3.42635 0.55918 -1.9 -3.57365 0.55918 -1.9 -3.66408 0.59885 -1.9 -3.62051 0.575268 -1.9 -3.73674 0.665736 -1.9 -3.70318 0.629283 -1.9 -3.78375 0.75259 -1.9 -3.76384 0.707216 -1.9 -3.57365 3.30918 -1.9 -3.62051 1.32473 -1.9 -3.57365 1.34082 -1.9 -3.73674 3.41574 -1.9 -3.73674 1.23426 -1.9 -3.70318 3.37928 -1.9 -3.78375 1.14741 -1.9 -3.70318 1.27072 -1.9 -3.66408 3.34885 -1.9 -3.37949 1.32473 -1.9 -3.37949 3.32527 -1.9 -3.42635 1.34082 -1.9 -3.42635 3.30918 -1.9 -3.33592 1.30115 -1.9 -3.33592 3.34885 -1.9 -3.47523 1.34898 -1.9 -3.29682 3.37928 -1.9 -3.78375 3.50259 -1.9 -3.26326 3.41574 -1.9 -3.29682 1.27072 -1.9 -2.1 5 -1.9 -3.26326 1.23426 -1.9 -3.21625 1.14741 -1.9 -3.2 3.6 -1.9 -3.20409 3.55062 -1.9 -3.20409 1.09938 -1.9 -3.2 1.05 -1.9 -5 5 -1.9 -3.8 3.6 -1.9 -3.8 3.8 -1.9 -3.47523 3.30102 -1.9 -3.52477 1.34898 -1.9 -3.52477 3.30102 -1.9 -3.62051 3.32527 -1.9 -3.66408 1.30115 -1.9 -3.76384 1.19278 -1.9 -3.76384 3.45722 -1.9 -3.79591 3.55062 -1.9 -3.57365 4.09082 -1.9 -3.62051 4.07473 -1.9 -3.78375 3.89741 -1.9 -3.79591 3.84938 -1.9 -3.73674 3.98426 -1.9 -3.76384 3.94278 -1.9 -3.66408 4.05115 -1.9 -3.70318 4.02072 -1.9 -3.52477 4.09898 -1.9 -3.42635 4.09082 -1.9 -3.47523 4.09898 -1.9 -3.33592 4.05115 -1.9 -3.37949 4.07473 -1.9 -3.26326 3.98426 -1.9 -3.29682 4.02072 -1.9 -3.21625 3.89741 -1.9 -3.23616 3.94278 -1.9 -3.20409 3.84938 -1.9 -3.2 3.8 18.4 -2 5 -2 -2 0 -2 -2 5 18.4 -2 0 -2 -5.1 0 18.4 -5.1 5 -2 -5.1 5 18.4 -5.1 0 14.25 -5 5 10.25 -5 0.05 10.25 -5 5 14.25 -5 0.05 14.25 -2.1 5 10.25 -2.1 0.05 14.25 -2.1 0.05 10.25 -2.1 5 10.2 -2.1 5 6.2 -2.1 0.05 10.2 -2.1 0.05 6.2 -2.1 5 18.3 -2.1 5 14.3 -2.1 0.05 18.3 -2.1 0.05 14.3 -2.1 5 18.3 -2.1 5 18.3 -2.1 0.05 18.3 -5 0.05 18.3 -5 5 6.15 -2.1 5 2.15 -2.1 0.05 6.15 -2.1 0.05 2.15 -2.1 5 2.1 -5 0.05 -1.9 -5 5 2.1 -5 5 -1.9 -5 0.05 2.1 -2.1 5 -1.9 -2.1 0.05 2.1 -2.1 0.05 -1.9 -2.1 5 10.2 -5 5 6.2 -5 0.05 6.2 -5 5 10.2 -5 0.05 18.3 -5 5 14.3 -5 0.05 14.3 -5 5 18.3 -5 0.05 6.15 -5 5 2.15 -5 0.05 2.15 -5 5 6.15 -5 0.05 18.4 -5.1 0 18.4 -2 0 18.4 -2 5 18.4 -5.1 5 10.25 -5 5 18.4 -5.1 5 14.25 -5 5 14.3 -5 5 14.3 -2.1 5 14.25 -2.1 5 10.2 -5 5 6.2 -5 5 -2 -5.1 5 6.2 -2.1 5 10.2 -2.1 5 -2 -2 5 18.4 -2 5 10.25 -2.1 5 2.15 -5 5 6.15 -5 5 18.3 -5 5 18.3 -2.1 5 2.1 -5 5 6.15 -2.1 5 2.15 -2.1 5 2.1 -2.1 5 -1.9 -5 5 -1.9 -2.1 5 16.3061 -3.52523 0 13.1041 -3.52523 0 13.0959 -3.47635 0 17.0798 -3.42949 0 17.0563 -3.38592 0 18.4 -2 0 12.8545 -3.25409 0 16.5557 -3.25409 0 16.5077 -3.26625 0 16.9025 -3.26625 0 16.8545 -3.25409 0 16.8051 -3.25 0 16.9894 -3.31326 0 16.9479 -3.28616 0 17.0258 -3.34682 0 17.1041 -3.52523 0 17.0959 -3.47635 0 17.1041 -3.57477 0 18.4 -5.1 0 17.0798 -3.67051 0 17.0959 -3.62365 0 17.0258 -3.75318 0 17.0563 -3.71408 0 16.9479 -3.81384 0 16.9894 -3.78674 0 16.8545 -3.84591 0 16.9025 -3.83375 0 16.8051 -3.85 0 16.6051 -3.85 0 16.354 -3.71408 0 13.0798 -3.67051 0 16.3304 -3.67051 0 12.9025 -3.83375 0 12.9479 -3.81384 0 16.5077 -3.83375 0 16.3143 -3.62365 0 13.0959 -3.62365 0 13.1041 -3.57477 0 13.0798 -3.42949 0 16.3143 -3.47635 0 16.3304 -3.42949 0 13.0563 -3.38592 0 13.0258 -3.34682 0 16.354 -3.38592 0 12.9894 -3.31326 0 16.4208 -3.31326 0 16.3844 -3.34682 0 16.3061 -3.57477 0 12.9479 -3.28616 0 16.4623 -3.28616 0 12.9025 -3.26625 0 12.8051 -3.25 0 12.6051 -3.25 0 12.5557 -3.25409 0 8.80511 -3.25 0 16.6051 -3.25 0 12.6051 -3.85 0 12.8051 -3.85 0 9.09593 -3.47635 0 12.3061 -3.52523 0 9.10409 -3.52523 0 13.0563 -3.71408 0 16.3844 -3.75318 0 13.0258 -3.75318 0 16.4208 -3.78674 0 12.9894 -3.78674 0 16.4623 -3.81384 0 16.5557 -3.84591 0 12.8545 -3.84591 0 8.98938 -3.78674 0 12.4623 -3.81384 0 8.9479 -3.81384 0 12.5077 -3.83375 0 9.07984 -3.67051 0 9.09593 -3.62365 0 12.3304 -3.67051 0 9.07984 -3.42949 0 12.3143 -3.47635 0 12.3304 -3.42949 0 9.05626 -3.38592 0 9.02583 -3.34682 0 12.354 -3.38592 0 12.3844 -3.34682 0 8.98938 -3.31326 0 12.4208 -3.31326 0 8.60511 -3.85 0 8.80511 -3.85 0 8.9479 -3.28616 0 12.4623 -3.28616 0 12.5077 -3.26625 0 8.90252 -3.26625 0 8.85449 -3.25409 0 8.60511 -3.25 0 -2 -2 0 12.3061 -3.57477 0 12.3143 -3.62365 0 9.10409 -3.57477 0 12.354 -3.71408 0 12.3844 -3.75318 0 9.05626 -3.71408 0 12.4208 -3.78674 0 9.02583 -3.75318 0 8.90252 -3.83375 0 12.5557 -3.84591 0 8.85449 -3.84591 0 5.10409 -3.52523 0 5.09593 -3.47635 0 8.30614 -3.52523 0 4.98938 -3.78674 0 8.46233 -3.81384 0 4.9479 -3.81384 0 -2 -5.1 0 5.07984 -3.67051 0 8.33038 -3.67051 0 8.35396 -3.71408 0 5.07984 -3.42949 0 8.31429 -3.47635 0 8.33038 -3.42949 0 5.05626 -3.38592 0 5.02583 -3.34682 0 8.35396 -3.38592 0 8.38439 -3.34682 0 4.98938 -3.31326 0 8.42085 -3.31326 0 4.80511 -3.85 0 4.9479 -3.28616 0 8.46233 -3.28616 0 8.5077 -3.26625 0 4.90252 -3.26625 0 4.85449 -3.25409 0 8.55573 -3.25409 0 4.80511 -3.25 0 8.30614 -3.57477 0 8.31429 -3.62365 0 5.10409 -3.57477 0 5.09593 -3.62365 0 5.05626 -3.71408 0 8.38439 -3.75318 0 5.02583 -3.75318 0 8.42085 -3.78674 0 8.5077 -3.83375 0 8.55573 -3.84591 0 4.90252 -3.83375 0 4.85449 -3.84591 0 4.30614 -3.52523 0 1.09593 -3.47635 0 4.31429 -3.47635 0 4.5077 -3.83375 0 0.902522 -3.83375 0 0.947896 -3.81384 0 4.60511 -3.85 0 1.10409 -3.52523 0 1.07984 -3.67051 0 4.35396 -3.71408 0 1.05626 -3.71408 0 4.33038 -3.42949 0 1.07984 -3.42949 0 1.05626 -3.38592 0 4.35396 -3.38592 0 0.805112 -3.85 0 0.85449 -3.84591 0 1.02583 -3.34682 0 0.989376 -3.31326 0 0.947896 -3.28616 0 4.42085 -3.31326 0 4.38439 -3.34682 0 0.902522 -3.26625 0 4.46233 -3.28616 0 4.5077 -3.26625 0 0.85449 -3.25409 0 0.805112 -3.25 0 4.55573 -3.25409 0 4.60511 -3.25 0 4.30614 -3.57477 0 4.31429 -3.62365 0 1.10409 -3.57477 0 1.09593 -3.62365 0 4.33038 -3.67051 0 4.38439 -3.75318 0 4.42085 -3.78674 0 1.02583 -3.75318 0 0.989376 -3.78674 0 4.46233 -3.81384 0 4.55573 -3.84591 0 0.353962 -3.71408 0 0.384395 -3.75318 0 0.555733 -3.84591 0 0.605112 -3.85 0 0.462328 -3.81384 0 0.507702 -3.83375 0 0.420848 -3.78674 0 0.314292 -3.62365 0 0.33038 -3.67051 0 0.306136 -3.57477 0 0.314292 -3.47635 0 0.306136 -3.52523 0 0.353962 -3.38592 0 0.33038 -3.42949 0 0.420848 -3.31326 0 0.384395 -3.34682 0 0.507702 -3.26625 0 0.462328 -3.28616 0 0.605112 -3.25 0 0.555733 -3.25409 0 0.555733 -3.25409 0.05 0.605112 -3.25 0.05 2.1 -2.1 0.05 0.384395 -3.34682 0.05 -1.9 -2.1 0.05 0.353962 -3.38592 0.05 -1.9 -5 0.05 0.507702 -3.83375 0.05 0.462328 -3.81384 0.05 0.462328 -3.28616 0.05 0.507702 -3.26625 0.05 0.420848 -3.31326 0.05 0.314292 -3.47635 0.05 0.33038 -3.42949 0.05 0.306136 -3.52523 0.05 0.314292 -3.62365 0.05 0.306136 -3.57477 0.05 0.353962 -3.71408 0.05 0.33038 -3.67051 0.05 0.420848 -3.78674 0.05 0.384395 -3.75318 0.05 2.1 -5 0.05 0.555733 -3.84591 0.05 1.09593 -3.62365 0.05 1.07984 -3.67051 0.05 0.605112 -3.85 0.05 0.805112 -3.85 0.05 0.902522 -3.83375 0.05 0.85449 -3.84591 0.05 0.989376 -3.78674 0.05 0.947896 -3.81384 0.05 1.05626 -3.71408 0.05 1.02583 -3.75318 0.05 1.10409 -3.57477 0.05 1.09593 -3.47635 0.05 1.10409 -3.52523 0.05 1.05626 -3.38592 0.05 1.07984 -3.42949 0.05 0.989376 -3.31326 0.05 1.02583 -3.34682 0.05 0.902522 -3.26625 0.05 0.947896 -3.28616 0.05 0.85449 -3.25409 0.05 0.805112 -3.25 0.05 10.25 -2.1 0.05 12.354 -3.38592 0.05 12.3844 -3.34682 0.05 10.25 -5 0.05 12.5077 -3.83375 0.05 12.4623 -3.81384 0.05 14.25 -2.1 0.05 12.5557 -3.25409 0.05 12.6051 -3.25 0.05 12.6051 -3.85 0.05 14.25 -5 0.05 12.8051 -3.85 0.05 12.5077 -3.26625 0.05 12.4208 -3.31326 0.05 12.4623 -3.28616 0.05 12.3143 -3.47635 0.05 12.3304 -3.42949 0.05 12.3061 -3.52523 0.05 12.3143 -3.62365 0.05 12.3061 -3.57477 0.05 12.354 -3.71408 0.05 12.3304 -3.67051 0.05 12.4208 -3.78674 0.05 12.3844 -3.75318 0.05 12.5557 -3.84591 0.05 13.0959 -3.62365 0.05 13.0798 -3.67051 0.05 12.9025 -3.83375 0.05 12.8545 -3.84591 0.05 12.9894 -3.78674 0.05 12.9479 -3.81384 0.05 13.0563 -3.71408 0.05 13.0258 -3.75318 0.05 13.1041 -3.57477 0.05 13.0959 -3.47635 0.05 13.1041 -3.52523 0.05 13.0563 -3.38592 0.05 13.0798 -3.42949 0.05 12.9894 -3.31326 0.05 13.0258 -3.34682 0.05 12.9025 -3.26625 0.05 12.9479 -3.28616 0.05 12.8545 -3.25409 0.05 12.8051 -3.25 0.05 4.5077 -3.83375 0.05 4.46233 -3.81384 0.05 2.15 -5 0.05 4.55573 -3.25409 0.05 4.60511 -3.25 0.05 6.15 -2.1 0.05 6.15 -5 0.05 4.80511 -3.85 0.05 4.60511 -3.85 0.05 4.38439 -3.34682 0.05 2.15 -2.1 0.05 4.35396 -3.38592 0.05 4.5077 -3.26625 0.05 4.42085 -3.31326 0.05 4.46233 -3.28616 0.05 4.31429 -3.47635 0.05 4.33038 -3.42949 0.05 4.30614 -3.52523 0.05 4.31429 -3.62365 0.05 4.30614 -3.57477 0.05 4.35396 -3.71408 0.05 4.33038 -3.67051 0.05 4.42085 -3.78674 0.05 4.38439 -3.75318 0.05 4.55573 -3.84591 0.05 5.09593 -3.62365 0.05 5.07984 -3.67051 0.05 4.90252 -3.83375 0.05 4.85449 -3.84591 0.05 4.98938 -3.78674 0.05 4.9479 -3.81384 0.05 5.05626 -3.71408 0.05 5.02583 -3.75318 0.05 5.10409 -3.57477 0.05 5.09593 -3.47635 0.05 5.10409 -3.52523 0.05 5.05626 -3.38592 0.05 5.07984 -3.42949 0.05 4.98938 -3.31326 0.05 5.02583 -3.34682 0.05 4.90252 -3.26625 0.05 4.9479 -3.28616 0.05 4.85449 -3.25409 0.05 4.80511 -3.25 0.05 14.3 -2.1 0.05 16.354 -3.38592 0.05 16.3844 -3.34682 0.05 16.5077 -3.83375 0.05 14.3 -5 0.05 16.5557 -3.84591 0.05 18.3 -2.1 0.05 16.5557 -3.25409 0.05 16.6051 -3.25 0.05 16.6051 -3.85 0.05 18.3 -5 0.05 16.8051 -3.85 0.05 16.5077 -3.26625 0.05 16.4208 -3.31326 0.05 16.4623 -3.28616 0.05 16.3143 -3.47635 0.05 16.3304 -3.42949 0.05 16.3061 -3.52523 0.05 16.3143 -3.62365 0.05 16.3061 -3.57477 0.05 16.354 -3.71408 0.05 16.3304 -3.67051 0.05 16.4208 -3.78674 0.05 16.3844 -3.75318 0.05 16.4623 -3.81384 0.05 17.0959 -3.62365 0.05 17.0798 -3.67051 0.05 16.9025 -3.83375 0.05 16.8545 -3.84591 0.05 16.9894 -3.78674 0.05 16.9479 -3.81384 0.05 17.0563 -3.71408 0.05 17.0258 -3.75318 0.05 17.1041 -3.57477 0.05 17.0959 -3.47635 0.05 17.1041 -3.52523 0.05 17.0563 -3.38592 0.05 17.0798 -3.42949 0.05 16.9894 -3.31326 0.05 17.0258 -3.34682 0.05 16.9025 -3.26625 0.05 16.9479 -3.28616 0.05 16.8545 -3.25409 0.05 16.8051 -3.25 0.05 6.2 -2.1 0.05 8.35396 -3.38592 0.05 8.38439 -3.34682 0.05 6.2 -5 0.05 8.5077 -3.83375 0.05 8.46233 -3.81384 0.05 10.2 -2.1 0.05 8.55573 -3.25409 0.05 8.60511 -3.25 0.05 8.60511 -3.85 0.05 10.2 -5 0.05 8.80511 -3.85 0.05 8.5077 -3.26625 0.05 8.42085 -3.31326 0.05 8.46233 -3.28616 0.05 8.31429 -3.47635 0.05 8.33038 -3.42949 0.05 8.30614 -3.52523 0.05 8.31429 -3.62365 0.05 8.30614 -3.57477 0.05 8.35396 -3.71408 0.05 8.33038 -3.67051 0.05 8.42085 -3.78674 0.05 8.38439 -3.75318 0.05 8.55573 -3.84591 0.05 9.09593 -3.62365 0.05 9.07984 -3.67051 0.05 8.90252 -3.83375 0.05 8.85449 -3.84591 0.05 8.98938 -3.78674 0.05 8.9479 -3.81384 0.05 9.05626 -3.71408 0.05 9.02583 -3.75318 0.05 9.10409 -3.57477 0.05 9.09593 -3.47635 0.05 9.10409 -3.52523 0.05 9.05626 -3.38592 0.05 9.07984 -3.42949 0.05 8.98938 -3.31326 0.05 9.02583 -3.34682 0.05 8.90252 -3.26625 0.05 8.9479 -3.28616 0.05 8.85449 -3.25409 0.05 8.80511 -3.25 0.05 -2 -3.47523 3.30102 -1.9 -3.52477 3.30102 -1.9 -3.47523 3.30102 -1.9 -3.42635 3.30918 -2 -3.42635 3.30918 -1.9 -3.37949 3.32527 -2 -3.37949 3.32527 -2 -3.33592 3.34885 -1.9 -3.33592 3.34885 -1.9 -3.29682 3.37928 -2 -3.29682 3.37928 -1.9 -3.26326 3.41574 -2 -3.26326 3.41574 -2 -3.23616 3.45722 -1.9 -3.23616 3.45722 -1.9 -3.21625 3.50259 -2 -3.21625 3.50259 -1.9 -3.20409 3.55062 -2 -3.20409 3.55062 -2 -3.2 3.6 -1.9 -3.2 3.6 -2 -3.52477 3.30102 -1.9 -3.57365 3.30918 -2 -3.57365 3.30918 -2 -3.62051 3.32527 -1.9 -3.62051 3.32527 -2 -3.66408 3.34885 -1.9 -3.66408 3.34885 -1.9 -3.70318 3.37928 -2 -3.70318 3.37928 -2 -3.73674 3.41574 -1.9 -3.73674 3.41574 -2 -3.76384 3.45722 -1.9 -3.76384 3.45722 -1.9 -3.78375 3.50259 -2 -3.78375 3.50259 -2 -3.79591 3.55062 -1.9 -3.79591 3.55062 -1.9 -3.8 3.6 -2 -3.8 3.6 -1.9 -3.2 3.6 -1.9 -3.2 3.8 -2 -3.2 3.8 -2 -3.2 3.6 -2 -3.52477 4.09898 -1.9 -3.47523 4.09898 -1.9 -3.52477 4.09898 -1.9 -3.57365 4.09082 -2 -3.57365 4.09082 -1.9 -3.62051 4.07473 -2 -3.62051 4.07473 -2 -3.66408 4.05115 -1.9 -3.66408 4.05115 -1.9 -3.70318 4.02072 -2 -3.70318 4.02072 -1.9 -3.73674 3.98426 -2 -3.73674 3.98426 -2 -3.76384 3.94278 -1.9 -3.76384 3.94278 -1.9 -3.78375 3.89741 -2 -3.78375 3.89741 -1.9 -3.79591 3.84938 -2 -3.79591 3.84938 -2 -3.8 3.8 -1.9 -3.8 3.8 -2 -3.47523 4.09898 -1.9 -3.42635 4.09082 -2 -3.42635 4.09082 -2 -3.37949 4.07473 -1.9 -3.37949 4.07473 -2 -3.33592 4.05115 -1.9 -3.33592 4.05115 -1.9 -3.29682 4.02072 -2 -3.29682 4.02072 -2 -3.26326 3.98426 -1.9 -3.26326 3.98426 -2 -3.23616 3.94278 -1.9 -3.23616 3.94278 -1.9 -3.21625 3.89741 -2 -3.21625 3.89741 -2 -3.20409 3.84938 -1.9 -3.20409 3.84938 -1.9 -3.2 3.8 -2 -3.2 3.8 -1.9 -3.8 3.6 -2 -3.8 3.8 -1.9 -3.8 3.8 -2 -3.8 3.6 -2 -3.47523 0.551025 -1.9 -3.52477 0.551025 -1.9 -3.47523 0.551025 -1.9 -3.42635 0.55918 -2 -3.42635 0.55918 -1.9 -3.37949 0.575268 -2 -3.37949 0.575268 -2 -3.33592 0.59885 -1.9 -3.33592 0.59885 -1.9 -3.29682 0.629283 -2 -3.29682 0.629283 -1.9 -3.26326 0.665736 -2 -3.26326 0.665736 -2 -3.23616 0.707216 -1.9 -3.23616 0.707216 -1.9 -3.21625 0.75259 -2 -3.21625 0.75259 -1.9 -3.20409 0.800622 -2 -3.20409 0.800622 -2 -3.2 0.85 -1.9 -3.2 0.85 -2 -3.52477 0.551025 -1.9 -3.57365 0.55918 -2 -3.57365 0.55918 -2 -3.62051 0.575268 -1.9 -3.62051 0.575268 -2 -3.66408 0.59885 -1.9 -3.66408 0.59885 -1.9 -3.70318 0.629283 -2 -3.70318 0.629283 -2 -3.73674 0.665736 -1.9 -3.73674 0.665736 -2 -3.76384 0.707216 -1.9 -3.76384 0.707216 -1.9 -3.78375 0.75259 -2 -3.78375 0.75259 -2 -3.79591 0.800622 -1.9 -3.79591 0.800622 -1.9 -3.8 0.85 -2 -3.8 0.85 -1.9 -3.2 0.85 -1.9 -3.2 1.05 -2 -3.2 1.05 -2 -3.2 0.85 -2 -3.52477 1.34898 -1.9 -3.47523 1.34898 -1.9 -3.52477 1.34898 -1.9 -3.57365 1.34082 -2 -3.57365 1.34082 -1.9 -3.62051 1.32473 -2 -3.62051 1.32473 -2 -3.66408 1.30115 -1.9 -3.66408 1.30115 -1.9 -3.70318 1.27072 -2 -3.70318 1.27072 -1.9 -3.73674 1.23426 -2 -3.73674 1.23426 -2 -3.76384 1.19278 -1.9 -3.76384 1.19278 -1.9 -3.78375 1.14741 -2 -3.78375 1.14741 -1.9 -3.79591 1.09938 -2 -3.79591 1.09938 -2 -3.8 1.05 -1.9 -3.8 1.05 -2 -3.47523 1.34898 -1.9 -3.42635 1.34082 -2 -3.42635 1.34082 -2 -3.37949 1.32473 -1.9 -3.37949 1.32473 -2 -3.33592 1.30115 -1.9 -3.33592 1.30115 -1.9 -3.29682 1.27072 -2 -3.29682 1.27072 -2 -3.26326 1.23426 -1.9 -3.26326 1.23426 -2 -3.23616 1.19278 -1.9 -3.23616 1.19278 -1.9 -3.21625 1.14741 -2 -3.21625 1.14741 -2 -3.20409 1.09938 -1.9 -3.20409 1.09938 -1.9 -3.2 1.05 -2 -3.2 1.05 -1.9 -3.8 0.85 -2 -3.8 1.05 -1.9 -3.8 1.05 -2 -3.8 0.85 2.1 -3.78375 3.50259 2.15 -3.79591 3.55062 2.15 -3.78375 3.50259 2.15 -3.8 3.6 2.1 -3.79591 3.55062 2.1 -3.8 3.6 2.15 -3.73674 3.41574 2.15 -3.70318 3.37928 2.1 -3.70318 3.37928 2.1 -3.73674 3.41574 2.1 -3.76384 3.45722 2.15 -3.76384 3.45722 2.1 -3.57365 3.30918 2.15 -3.62051 3.32527 2.15 -3.57365 3.30918 2.1 -3.62051 3.32527 2.1 -3.66408 3.34885 2.15 -3.66408 3.34885 2.15 -3.42635 3.30918 2.1 -3.42635 3.30918 2.15 -3.47523 3.30102 2.15 -3.52477 3.30102 2.1 -3.47523 3.30102 2.1 -3.52477 3.30102 2.15 -3.33592 3.34885 2.15 -3.29682 3.37928 2.1 -3.29682 3.37928 2.1 -3.37949 3.32527 2.15 -3.37949 3.32527 2.1 -3.33592 3.34885 2.15 -3.26326 3.41574 2.1 -3.23616 3.45722 2.1 -3.26326 3.41574 2.1 -3.21625 3.50259 2.15 -3.23616 3.45722 2.15 -3.21625 3.50259 2.1 -3.20409 3.55062 2.15 -3.20409 3.55062 2.1 -3.2 3.6 2.15 -3.2 3.6 2.15 -3.2 3.6 2.15 -3.2 3.8 2.1 -3.2 3.8 2.1 -3.2 3.6 2.1 -3.21625 3.89741 2.15 -3.20409 3.84938 2.15 -3.21625 3.89741 2.15 -3.2 3.8 2.1 -3.20409 3.84938 2.1 -3.2 3.8 2.15 -3.26326 3.98426 2.15 -3.29682 4.02072 2.1 -3.29682 4.02072 2.1 -3.26326 3.98426 2.1 -3.23616 3.94278 2.15 -3.23616 3.94278 2.1 -3.42635 4.09082 2.15 -3.37949 4.07473 2.15 -3.42635 4.09082 2.1 -3.37949 4.07473 2.1 -3.33592 4.05115 2.15 -3.33592 4.05115 2.15 -3.57365 4.09082 2.1 -3.57365 4.09082 2.15 -3.52477 4.09898 2.15 -3.47523 4.09898 2.1 -3.52477 4.09898 2.1 -3.47523 4.09898 2.15 -3.66408 4.05115 2.15 -3.70318 4.02072 2.1 -3.70318 4.02072 2.1 -3.62051 4.07473 2.15 -3.62051 4.07473 2.1 -3.66408 4.05115 2.15 -3.73674 3.98426 2.1 -3.76384 3.94278 2.1 -3.73674 3.98426 2.1 -3.78375 3.89741 2.15 -3.76384 3.94278 2.15 -3.78375 3.89741 2.1 -3.79591 3.84938 2.15 -3.79591 3.84938 2.1 -3.8 3.8 2.15 -3.8 3.8 2.15 -3.8 3.6 2.1 -3.8 3.8 2.15 -3.8 3.8 2.1 -3.8 3.6 2.1 -3.78375 0.75259 2.15 -3.79591 0.800622 2.15 -3.78375 0.75259 2.15 -3.8 0.85 2.1 -3.79591 0.800622 2.1 -3.8 0.85 2.15 -3.73674 0.665736 2.15 -3.70318 0.629283 2.1 -3.70318 0.629283 2.1 -3.73674 0.665736 2.1 -3.76384 0.707216 2.15 -3.76384 0.707216 2.1 -3.57365 0.55918 2.15 -3.62051 0.575268 2.15 -3.57365 0.55918 2.1 -3.62051 0.575268 2.1 -3.66408 0.59885 2.15 -3.66408 0.59885 2.15 -3.42635 0.55918 2.1 -3.42635 0.55918 2.15 -3.47523 0.551025 2.15 -3.52477 0.551025 2.1 -3.47523 0.551025 2.1 -3.52477 0.551025 2.15 -3.33592 0.59885 2.15 -3.29682 0.629283 2.1 -3.29682 0.629283 2.1 -3.37949 0.575268 2.15 -3.37949 0.575268 2.1 -3.33592 0.59885 2.15 -3.26326 0.665736 2.1 -3.23616 0.707216 2.1 -3.26326 0.665736 2.1 -3.21625 0.75259 2.15 -3.23616 0.707216 2.15 -3.21625 0.75259 2.1 -3.20409 0.800622 2.15 -3.20409 0.800622 2.1 -3.2 0.85 2.15 -3.2 0.85 2.15 -3.2 0.85 2.15 -3.2 1.05 2.1 -3.2 1.05 2.1 -3.2 0.85 2.1 -3.21625 1.14741 2.15 -3.20409 1.09938 2.15 -3.21625 1.14741 2.15 -3.2 1.05 2.1 -3.20409 1.09938 2.1 -3.2 1.05 2.15 -3.26326 1.23426 2.15 -3.29682 1.27072 2.1 -3.29682 1.27072 2.1 -3.26326 1.23426 2.1 -3.23616 1.19278 2.15 -3.23616 1.19278 2.1 -3.42635 1.34082 2.15 -3.37949 1.32473 2.15 -3.42635 1.34082 2.1 -3.37949 1.32473 2.1 -3.33592 1.30115 2.15 -3.33592 1.30115 2.15 -3.57365 1.34082 2.1 -3.57365 1.34082 2.15 -3.52477 1.34898 2.15 -3.47523 1.34898 2.1 -3.52477 1.34898 2.1 -3.47523 1.34898 2.15 -3.66408 1.30115 2.15 -3.70318 1.27072 2.1 -3.70318 1.27072 2.1 -3.62051 1.32473 2.15 -3.62051 1.32473 2.1 -3.66408 1.30115 2.15 -3.73674 1.23426 2.1 -3.76384 1.19278 2.1 -3.73674 1.23426 2.1 -3.78375 1.14741 2.15 -3.76384 1.19278 2.15 -3.78375 1.14741 2.1 -3.79591 1.09938 2.15 -3.79591 1.09938 2.1 -3.8 1.05 2.15 -3.8 1.05 2.15 -3.8 0.85 2.1 -3.8 1.05 2.15 -3.8 1.05 2.1 -3.8 0.85 14.25 -3.78375 3.50259 14.3 -3.79591 3.55062 14.3 -3.78375 3.50259 14.3 -3.8 3.6 14.25 -3.79591 3.55062 14.25 -3.8 3.6 14.3 -3.73674 3.41574 14.3 -3.70318 3.37928 14.25 -3.70318 3.37928 14.25 -3.73674 3.41574 14.25 -3.76384 3.45722 14.3 -3.76384 3.45722 14.25 -3.57365 3.30918 14.3 -3.62051 3.32527 14.3 -3.57365 3.30918 14.25 -3.62051 3.32527 14.25 -3.66408 3.34885 14.3 -3.66408 3.34885 14.3 -3.42635 3.30918 14.25 -3.42635 3.30918 14.3 -3.47523 3.30102 14.3 -3.52477 3.30102 14.25 -3.47523 3.30102 14.25 -3.52477 3.30102 14.3 -3.33592 3.34885 14.3 -3.29682 3.37928 14.25 -3.29682 3.37928 14.25 -3.37949 3.32527 14.3 -3.37949 3.32527 14.25 -3.33592 3.34885 14.3 -3.26326 3.41574 14.25 -3.23616 3.45722 14.25 -3.26326 3.41574 14.25 -3.21625 3.50259 14.3 -3.23616 3.45722 14.3 -3.21625 3.50259 14.25 -3.20409 3.55062 14.3 -3.20409 3.55062 14.25 -3.2 3.6 14.3 -3.2 3.6 14.3 -3.2 3.6 14.3 -3.2 3.8 14.25 -3.2 3.8 14.25 -3.2 3.6 14.25 -3.21625 3.89741 14.3 -3.20409 3.84938 14.3 -3.21625 3.89741 14.3 -3.2 3.8 14.25 -3.20409 3.84938 14.25 -3.2 3.8 14.3 -3.26326 3.98426 14.3 -3.29682 4.02072 14.25 -3.29682 4.02072 14.25 -3.26326 3.98426 14.25 -3.23616 3.94278 14.3 -3.23616 3.94278 14.25 -3.42635 4.09082 14.3 -3.37949 4.07473 14.3 -3.42635 4.09082 14.25 -3.37949 4.07473 14.25 -3.33592 4.05115 14.3 -3.33592 4.05115 14.3 -3.57365 4.09082 14.25 -3.57365 4.09082 14.3 -3.52477 4.09898 14.3 -3.47523 4.09898 14.25 -3.52477 4.09898 14.25 -3.47523 4.09898 14.3 -3.66408 4.05115 14.3 -3.70318 4.02072 14.25 -3.70318 4.02072 14.25 -3.62051 4.07473 14.3 -3.62051 4.07473 14.25 -3.66408 4.05115 14.3 -3.73674 3.98426 14.25 -3.76384 3.94278 14.25 -3.73674 3.98426 14.25 -3.78375 3.89741 14.3 -3.76384 3.94278 14.3 -3.78375 3.89741 14.25 -3.79591 3.84938 14.3 -3.79591 3.84938 14.25 -3.8 3.8 14.3 -3.8 3.8 14.3 -3.8 3.6 14.25 -3.8 3.8 14.3 -3.8 3.8 14.25 -3.8 3.6 14.25 -3.78375 0.75259 14.3 -3.79591 0.800622 14.3 -3.78375 0.75259 14.3 -3.8 0.85 14.25 -3.79591 0.800622 14.25 -3.8 0.85 14.3 -3.73674 0.665736 14.3 -3.70318 0.629283 14.25 -3.70318 0.629283 14.25 -3.73674 0.665736 14.25 -3.76384 0.707216 14.3 -3.76384 0.707216 14.25 -3.57365 0.55918 14.3 -3.62051 0.575268 14.3 -3.57365 0.55918 14.25 -3.62051 0.575268 14.25 -3.66408 0.59885 14.3 -3.66408 0.59885 14.3 -3.42635 0.55918 14.25 -3.42635 0.55918 14.3 -3.47523 0.551025 14.3 -3.52477 0.551025 14.25 -3.47523 0.551025 14.25 -3.52477 0.551025 14.3 -3.33592 0.59885 14.3 -3.29682 0.629283 14.25 -3.29682 0.629283 14.25 -3.37949 0.575268 14.3 -3.37949 0.575268 14.25 -3.33592 0.59885 14.3 -3.26326 0.665736 14.25 -3.23616 0.707216 14.25 -3.26326 0.665736 14.25 -3.21625 0.75259 14.3 -3.23616 0.707216 14.3 -3.21625 0.75259 14.25 -3.20409 0.800622 14.3 -3.20409 0.800622 14.25 -3.2 0.85 14.3 -3.2 0.85 14.3 -3.2 0.85 14.3 -3.2 1.05 14.25 -3.2 1.05 14.25 -3.2 0.85 14.25 -3.21625 1.14741 14.3 -3.20409 1.09938 14.3 -3.21625 1.14741 14.3 -3.2 1.05 14.25 -3.20409 1.09938 14.25 -3.2 1.05 14.3 -3.26326 1.23426 14.3 -3.29682 1.27072 14.25 -3.29682 1.27072 14.25 -3.26326 1.23426 14.25 -3.23616 1.19278 14.3 -3.23616 1.19278 14.25 -3.42635 1.34082 14.3 -3.37949 1.32473 14.3 -3.42635 1.34082 14.25 -3.37949 1.32473 14.25 -3.33592 1.30115 14.3 -3.33592 1.30115 14.3 -3.57365 1.34082 14.25 -3.57365 1.34082 14.3 -3.52477 1.34898 14.3 -3.47523 1.34898 14.25 -3.52477 1.34898 14.25 -3.47523 1.34898 14.3 -3.66408 1.30115 14.3 -3.70318 1.27072 14.25 -3.70318 1.27072 14.25 -3.62051 1.32473 14.3 -3.62051 1.32473 14.25 -3.66408 1.30115 14.3 -3.73674 1.23426 14.25 -3.76384 1.19278 14.25 -3.73674 1.23426 14.25 -3.78375 1.14741 14.3 -3.76384 1.19278 14.3 -3.78375 1.14741 14.25 -3.79591 1.09938 14.3 -3.79591 1.09938 14.25 -3.8 1.05 14.3 -3.8 1.05 14.3 -3.8 0.85 14.25 -3.8 1.05 14.3 -3.8 1.05 14.25 -3.8 0.85 6.15 -3.78375 3.50259 6.2 -3.79591 3.55062 6.2 -3.78375 3.50259 6.2 -3.8 3.6 6.15 -3.79591 3.55062 6.15 -3.8 3.6 6.2 -3.73674 3.41574 6.2 -3.70318 3.37928 6.15 -3.70318 3.37928 6.15 -3.73674 3.41574 6.15 -3.76384 3.45722 6.2 -3.76384 3.45722 6.15 -3.57365 3.30918 6.2 -3.62051 3.32527 6.2 -3.57365 3.30918 6.15 -3.62051 3.32527 6.15 -3.66408 3.34885 6.2 -3.66408 3.34885 6.2 -3.42635 3.30918 6.15 -3.42635 3.30918 6.2 -3.47523 3.30102 6.2 -3.52477 3.30102 6.15 -3.47523 3.30102 6.15 -3.52477 3.30102 6.2 -3.33592 3.34885 6.2 -3.29682 3.37928 6.15 -3.29682 3.37928 6.15 -3.37949 3.32527 6.2 -3.37949 3.32527 6.15 -3.33592 3.34885 6.2 -3.26326 3.41574 6.15 -3.23616 3.45722 6.15 -3.26326 3.41574 6.15 -3.21625 3.50259 6.2 -3.23616 3.45722 6.2 -3.21625 3.50259 6.15 -3.20409 3.55062 6.2 -3.20409 3.55062 6.15 -3.2 3.6 6.2 -3.2 3.6 6.2 -3.2 3.6 6.2 -3.2 3.8 6.15 -3.2 3.8 6.15 -3.2 3.6 6.15 -3.21625 3.89741 6.2 -3.20409 3.84938 6.2 -3.21625 3.89741 6.2 -3.2 3.8 6.15 -3.20409 3.84938 6.15 -3.2 3.8 6.2 -3.26326 3.98426 6.2 -3.29682 4.02072 6.15 -3.29682 4.02072 6.15 -3.26326 3.98426 6.15 -3.23616 3.94278 6.2 -3.23616 3.94278 6.15 -3.42635 4.09082 6.2 -3.37949 4.07473 6.2 -3.42635 4.09082 6.15 -3.37949 4.07473 6.15 -3.33592 4.05115 6.2 -3.33592 4.05115 6.2 -3.57365 4.09082 6.15 -3.57365 4.09082 6.2 -3.52477 4.09898 6.2 -3.47523 4.09898 6.15 -3.52477 4.09898 6.15 -3.47523 4.09898 6.2 -3.66408 4.05115 6.2 -3.70318 4.02072 6.15 -3.70318 4.02072 6.15 -3.62051 4.07473 6.2 -3.62051 4.07473 6.15 -3.66408 4.05115 6.2 -3.73674 3.98426 6.15 -3.76384 3.94278 6.15 -3.73674 3.98426 6.15 -3.78375 3.89741 6.2 -3.76384 3.94278 6.2 -3.78375 3.89741 6.15 -3.79591 3.84938 6.2 -3.79591 3.84938 6.15 -3.8 3.8 6.2 -3.8 3.8 6.2 -3.8 3.6 6.15 -3.8 3.8 6.2 -3.8 3.8 6.15 -3.8 3.6 6.15 -3.78375 0.75259 6.2 -3.79591 0.800622 6.2 -3.78375 0.75259 6.2 -3.8 0.85 6.15 -3.79591 0.800622 6.15 -3.8 0.85 6.2 -3.73674 0.665736 6.2 -3.70318 0.629283 6.15 -3.70318 0.629283 6.15 -3.73674 0.665736 6.15 -3.76384 0.707216 6.2 -3.76384 0.707216 6.15 -3.57365 0.55918 6.2 -3.62051 0.575268 6.2 -3.57365 0.55918 6.15 -3.62051 0.575268 6.15 -3.66408 0.59885 6.2 -3.66408 0.59885 6.2 -3.42635 0.55918 6.15 -3.42635 0.55918 6.2 -3.47523 0.551025 6.2 -3.52477 0.551025 6.15 -3.47523 0.551025 6.15 -3.52477 0.551025 6.2 -3.33592 0.59885 6.2 -3.29682 0.629283 6.15 -3.29682 0.629283 6.15 -3.37949 0.575268 6.2 -3.37949 0.575268 6.15 -3.33592 0.59885 6.2 -3.26326 0.665736 6.15 -3.23616 0.707216 6.15 -3.26326 0.665736 6.15 -3.21625 0.75259 6.2 -3.23616 0.707216 6.2 -3.21625 0.75259 6.15 -3.20409 0.800622 6.2 -3.20409 0.800622 6.15 -3.2 0.85 6.2 -3.2 0.85 6.2 -3.2 0.85 6.2 -3.2 1.05 6.15 -3.2 1.05 6.15 -3.2 0.85 6.15 -3.21625 1.14741 6.2 -3.20409 1.09938 6.2 -3.21625 1.14741 6.2 -3.2 1.05 6.15 -3.20409 1.09938 6.15 -3.2 1.05 6.2 -3.26326 1.23426 6.2 -3.29682 1.27072 6.15 -3.29682 1.27072 6.15 -3.26326 1.23426 6.15 -3.23616 1.19278 6.2 -3.23616 1.19278 6.15 -3.42635 1.34082 6.2 -3.37949 1.32473 6.2 -3.42635 1.34082 6.15 -3.37949 1.32473 6.15 -3.33592 1.30115 6.2 -3.33592 1.30115 6.2 -3.57365 1.34082 6.15 -3.57365 1.34082 6.2 -3.52477 1.34898 6.2 -3.47523 1.34898 6.15 -3.52477 1.34898 6.15 -3.47523 1.34898 6.2 -3.66408 1.30115 6.2 -3.70318 1.27072 6.15 -3.70318 1.27072 6.15 -3.62051 1.32473 6.2 -3.62051 1.32473 6.15 -3.66408 1.30115 6.2 -3.73674 1.23426 6.15 -3.76384 1.19278 6.15 -3.73674 1.23426 6.15 -3.78375 1.14741 6.2 -3.76384 1.19278 6.2 -3.78375 1.14741 6.15 -3.79591 1.09938 6.2 -3.79591 1.09938 6.15 -3.8 1.05 6.2 -3.8 1.05 6.2 -3.8 0.85 6.15 -3.8 1.05 6.2 -3.8 1.05 6.15 -3.8 0.85 10.25 -3.8 3.6 10.2 -3.8 3.8 10.25 -3.8 3.8 10.2 -3.8 3.6 10.2 -3.21625 3.89741 10.25 -3.20409 3.84938 10.25 -3.21625 3.89741 10.25 -3.2 3.8 10.2 -3.20409 3.84938 10.2 -3.2 3.8 10.25 -3.26326 3.98426 10.25 -3.29682 4.02072 10.2 -3.29682 4.02072 10.2 -3.26326 3.98426 10.2 -3.23616 3.94278 10.25 -3.23616 3.94278 10.2 -3.42635 4.09082 10.25 -3.37949 4.07473 10.25 -3.42635 4.09082 10.2 -3.37949 4.07473 10.2 -3.33592 4.05115 10.25 -3.33592 4.05115 10.25 -3.57365 4.09082 10.2 -3.57365 4.09082 10.25 -3.52477 4.09898 10.25 -3.47523 4.09898 10.2 -3.52477 4.09898 10.2 -3.47523 4.09898 10.25 -3.66408 4.05115 10.25 -3.70318 4.02072 10.2 -3.70318 4.02072 10.2 -3.62051 4.07473 10.25 -3.62051 4.07473 10.2 -3.66408 4.05115 10.25 -3.73674 3.98426 10.2 -3.76384 3.94278 10.2 -3.73674 3.98426 10.2 -3.78375 3.89741 10.25 -3.76384 3.94278 10.25 -3.78375 3.89741 10.2 -3.79591 3.84938 10.25 -3.79591 3.84938 10.2 -3.8 3.8 10.25 -3.8 3.8 10.25 -3.2 3.6 10.25 -3.2 3.8 10.2 -3.2 3.8 10.2 -3.2 3.6 10.2 -3.78375 3.50259 10.25 -3.79591 3.55062 10.25 -3.78375 3.50259 10.25 -3.8 3.6 10.2 -3.79591 3.55062 10.2 -3.8 3.6 10.25 -3.73674 3.41574 10.25 -3.70318 3.37928 10.2 -3.70318 3.37928 10.2 -3.73674 3.41574 10.2 -3.76384 3.45722 10.25 -3.76384 3.45722 10.2 -3.57365 3.30918 10.25 -3.62051 3.32527 10.25 -3.57365 3.30918 10.2 -3.62051 3.32527 10.2 -3.66408 3.34885 10.25 -3.66408 3.34885 10.25 -3.42635 3.30918 10.2 -3.42635 3.30918 10.25 -3.47523 3.30102 10.25 -3.52477 3.30102 10.2 -3.47523 3.30102 10.2 -3.52477 3.30102 10.25 -3.33592 3.34885 10.25 -3.29682 3.37928 10.2 -3.29682 3.37928 10.2 -3.37949 3.32527 10.25 -3.37949 3.32527 10.2 -3.33592 3.34885 10.25 -3.26326 3.41574 10.2 -3.23616 3.45722 10.2 -3.26326 3.41574 10.2 -3.21625 3.50259 10.25 -3.23616 3.45722 10.25 -3.21625 3.50259 10.2 -3.20409 3.55062 10.25 -3.20409 3.55062 10.2 -3.2 3.6 10.25 -3.2 3.6 10.25 -3.8 0.85 10.2 -3.8 1.05 10.25 -3.8 1.05 10.2 -3.8 0.85 10.2 -3.21625 1.14741 10.25 -3.20409 1.09938 10.25 -3.21625 1.14741 10.25 -3.2 1.05 10.2 -3.20409 1.09938 10.2 -3.2 1.05 10.25 -3.26326 1.23426 10.25 -3.29682 1.27072 10.2 -3.29682 1.27072 10.2 -3.26326 1.23426 10.2 -3.23616 1.19278 10.25 -3.23616 1.19278 10.2 -3.42635 1.34082 10.25 -3.37949 1.32473 10.25 -3.42635 1.34082 10.2 -3.37949 1.32473 10.2 -3.33592 1.30115 10.25 -3.33592 1.30115 10.25 -3.57365 1.34082 10.2 -3.57365 1.34082 10.25 -3.52477 1.34898 10.25 -3.47523 1.34898 10.2 -3.52477 1.34898 10.2 -3.47523 1.34898 10.25 -3.66408 1.30115 10.25 -3.70318 1.27072 10.2 -3.70318 1.27072 10.2 -3.62051 1.32473 10.25 -3.62051 1.32473 10.2 -3.66408 1.30115 10.25 -3.73674 1.23426 10.2 -3.76384 1.19278 10.2 -3.73674 1.23426 10.2 -3.78375 1.14741 10.25 -3.76384 1.19278 10.25 -3.78375 1.14741 10.2 -3.79591 1.09938 10.25 -3.79591 1.09938 10.2 -3.8 1.05 10.25 -3.8 1.05 10.25 -3.2 0.85 10.25 -3.2 1.05 10.2 -3.2 1.05 10.2 -3.2 0.85 10.2 -3.78375 0.75259 10.25 -3.79591 0.800622 10.25 -3.78375 0.75259 10.25 -3.8 0.85 10.2 -3.79591 0.800622 10.2 -3.8 0.85 10.25 -3.73674 0.665736 10.25 -3.70318 0.629283 10.2 -3.70318 0.629283 10.2 -3.73674 0.665736 10.2 -3.76384 0.707216 10.25 -3.76384 0.707216 10.2 -3.57365 0.55918 10.25 -3.62051 0.575268 10.25 -3.57365 0.55918 10.2 -3.62051 0.575268 10.2 -3.66408 0.59885 10.25 -3.66408 0.59885 10.25 -3.42635 0.55918 10.2 -3.42635 0.55918 10.25 -3.47523 0.551025 10.25 -3.52477 0.551025 10.2 -3.47523 0.551025 10.2 -3.52477 0.551025 10.25 -3.33592 0.59885 10.25 -3.29682 0.629283 10.2 -3.29682 0.629283 10.2 -3.37949 0.575268 10.25 -3.37949 0.575268 10.2 -3.33592 0.59885 10.25 -3.26326 0.665736 10.2 -3.23616 0.707216 10.2 -3.26326 0.665736 10.2 -3.21625 0.75259 10.25 -3.23616 0.707216 10.25 -3.21625 0.75259 10.2 -3.20409 0.800622 10.25 -3.20409 0.800622 10.2 -3.2 0.85 10.25 -3.2 0.85 8.60511 -3.25 0 8.80511 -3.25 0 8.80511 -3.25 0.05 8.60511 -3.25 0.05 8.30614 -3.52523 0.05 8.30614 -3.57477 0.05 8.30614 -3.57477 0 8.31429 -3.62365 0.05 8.31429 -3.62365 0 8.33038 -3.67051 0 8.33038 -3.67051 0.05 8.35396 -3.71408 0.05 8.35396 -3.71408 0 8.38439 -3.75318 0.05 8.38439 -3.75318 0 8.42085 -3.78674 0 8.42085 -3.78674 0.05 8.46233 -3.81384 0.05 8.46233 -3.81384 0 8.5077 -3.83375 0.05 8.5077 -3.83375 0 8.55573 -3.84591 0 8.55573 -3.84591 0.05 8.60511 -3.85 0 8.60511 -3.85 0.05 8.30614 -3.52523 0 8.31429 -3.47635 0.05 8.31429 -3.47635 0 8.33038 -3.42949 0 8.33038 -3.42949 0.05 8.35396 -3.38592 0 8.35396 -3.38592 0.05 8.38439 -3.34682 0.05 8.38439 -3.34682 0 8.42085 -3.31326 0 8.42085 -3.31326 0.05 8.46233 -3.28616 0 8.46233 -3.28616 0.05 8.5077 -3.26625 0.05 8.5077 -3.26625 0 8.55573 -3.25409 0 8.55573 -3.25409 0.05 8.60511 -3.25 0.05 8.60511 -3.25 0 8.60511 -3.85 0 8.80511 -3.85 0.05 8.80511 -3.85 0 8.60511 -3.85 0.05 8.90252 -3.26625 0.05 8.85449 -3.25409 0 8.90252 -3.26625 0 8.80511 -3.25 0 8.85449 -3.25409 0.05 8.80511 -3.25 0.05 8.98938 -3.31326 0 9.02583 -3.34682 0 9.02583 -3.34682 0.05 8.98938 -3.31326 0.05 8.9479 -3.28616 0.05 8.9479 -3.28616 0 9.09593 -3.47635 0.05 9.07984 -3.42949 0 9.09593 -3.47635 0 9.07984 -3.42949 0.05 9.05626 -3.38592 0.05 9.05626 -3.38592 0 9.09593 -3.62365 0 9.09593 -3.62365 0.05 9.10409 -3.57477 0 9.10409 -3.52523 0 9.10409 -3.57477 0.05 9.10409 -3.52523 0.05 9.05626 -3.71408 0 9.02583 -3.75318 0 9.02583 -3.75318 0.05 9.07984 -3.67051 0.05 9.07984 -3.67051 0 9.05626 -3.71408 0.05 8.98938 -3.78674 0 8.9479 -3.81384 0.05 8.98938 -3.78674 0.05 8.90252 -3.83375 0.05 8.9479 -3.81384 0 8.90252 -3.83375 0 8.85449 -3.84591 0.05 8.85449 -3.84591 0 8.80511 -3.85 0.05 8.80511 -3.85 0 16.6051 -3.25 0 16.8051 -3.25 0 16.8051 -3.25 0.05 16.6051 -3.25 0.05 16.3061 -3.52523 0.05 16.3061 -3.57477 0.05 16.3061 -3.57477 0 16.3143 -3.62365 0.05 16.3143 -3.62365 0 16.3304 -3.67051 0 16.3304 -3.67051 0.05 16.354 -3.71408 0.05 16.354 -3.71408 0 16.3844 -3.75318 0.05 16.3844 -3.75318 0 16.4208 -3.78674 0 16.4208 -3.78674 0.05 16.4623 -3.81384 0.05 16.4623 -3.81384 0 16.5077 -3.83375 0.05 16.5077 -3.83375 0 16.5557 -3.84591 0 16.5557 -3.84591 0.05 16.6051 -3.85 0 16.6051 -3.85 0.05 16.3061 -3.52523 0 16.3143 -3.47635 0.05 16.3143 -3.47635 0 16.3304 -3.42949 0 16.3304 -3.42949 0.05 16.354 -3.38592 0 16.354 -3.38592 0.05 16.3844 -3.34682 0.05 16.3844 -3.34682 0 16.4208 -3.31326 0 16.4208 -3.31326 0.05 16.4623 -3.28616 0 16.4623 -3.28616 0.05 16.5077 -3.26625 0.05 16.5077 -3.26625 0 16.5557 -3.25409 0 16.5557 -3.25409 0.05 16.6051 -3.25 0.05 16.6051 -3.25 0 16.6051 -3.85 0 16.8051 -3.85 0.05 16.8051 -3.85 0 16.6051 -3.85 0.05 16.9025 -3.26625 0.05 16.8545 -3.25409 0 16.9025 -3.26625 0 16.8051 -3.25 0 16.8545 -3.25409 0.05 16.8051 -3.25 0.05 16.9894 -3.31326 0 17.0258 -3.34682 0 17.0258 -3.34682 0.05 16.9894 -3.31326 0.05 16.9479 -3.28616 0.05 16.9479 -3.28616 0 17.0959 -3.47635 0.05 17.0798 -3.42949 0 17.0959 -3.47635 0 17.0798 -3.42949 0.05 17.0563 -3.38592 0.05 17.0563 -3.38592 0 17.0959 -3.62365 0 17.0959 -3.62365 0.05 17.1041 -3.57477 0 17.1041 -3.52523 0 17.1041 -3.57477 0.05 17.1041 -3.52523 0.05 17.0563 -3.71408 0 17.0258 -3.75318 0 17.0258 -3.75318 0.05 17.0798 -3.67051 0.05 17.0798 -3.67051 0 17.0563 -3.71408 0.05 16.9894 -3.78674 0 16.9479 -3.81384 0.05 16.9894 -3.78674 0.05 16.9025 -3.83375 0.05 16.9479 -3.81384 0 16.9025 -3.83375 0 16.8545 -3.84591 0.05 16.8545 -3.84591 0 16.8051 -3.85 0.05 16.8051 -3.85 0 4.60511 -3.25 0 4.80511 -3.25 0 4.80511 -3.25 0.05 4.60511 -3.25 0.05 4.30614 -3.52523 0.05 4.30614 -3.57477 0.05 4.30614 -3.57477 0 4.31429 -3.62365 0.05 4.31429 -3.62365 0 4.33038 -3.67051 0 4.33038 -3.67051 0.05 4.35396 -3.71408 0.05 4.35396 -3.71408 0 4.38439 -3.75318 0.05 4.38439 -3.75318 0 4.42085 -3.78674 0 4.42085 -3.78674 0.05 4.46233 -3.81384 0.05 4.46233 -3.81384 0 4.5077 -3.83375 0.05 4.5077 -3.83375 0 4.55573 -3.84591 0 4.55573 -3.84591 0.05 4.60511 -3.85 0 4.60511 -3.85 0.05 4.30614 -3.52523 0 4.31429 -3.47635 0.05 4.31429 -3.47635 0 4.33038 -3.42949 0 4.33038 -3.42949 0.05 4.35396 -3.38592 0 4.35396 -3.38592 0.05 4.38439 -3.34682 0.05 4.38439 -3.34682 0 4.42085 -3.31326 0 4.42085 -3.31326 0.05 4.46233 -3.28616 0 4.46233 -3.28616 0.05 4.5077 -3.26625 0.05 4.5077 -3.26625 0 4.55573 -3.25409 0 4.55573 -3.25409 0.05 4.60511 -3.25 0.05 4.60511 -3.25 0 4.60511 -3.85 0 4.80511 -3.85 0.05 4.80511 -3.85 0 4.60511 -3.85 0.05 4.90252 -3.26625 0.05 4.85449 -3.25409 0 4.90252 -3.26625 0 4.80511 -3.25 0 4.85449 -3.25409 0.05 4.80511 -3.25 0.05 4.98938 -3.31326 0 5.02583 -3.34682 0 5.02583 -3.34682 0.05 4.98938 -3.31326 0.05 4.9479 -3.28616 0.05 4.9479 -3.28616 0 5.09593 -3.47635 0.05 5.07984 -3.42949 0 5.09593 -3.47635 0 5.07984 -3.42949 0.05 5.05626 -3.38592 0.05 5.05626 -3.38592 0 5.09593 -3.62365 0 5.09593 -3.62365 0.05 5.10409 -3.57477 0 5.10409 -3.52523 0 5.10409 -3.57477 0.05 5.10409 -3.52523 0.05 5.05626 -3.71408 0 5.02583 -3.75318 0 5.02583 -3.75318 0.05 5.07984 -3.67051 0.05 5.07984 -3.67051 0 5.05626 -3.71408 0.05 4.98938 -3.78674 0 4.9479 -3.81384 0.05 4.98938 -3.78674 0.05 4.90252 -3.83375 0.05 4.9479 -3.81384 0 4.90252 -3.83375 0 4.85449 -3.84591 0.05 4.85449 -3.84591 0 4.80511 -3.85 0.05 4.80511 -3.85 0 12.6051 -3.25 0 12.8051 -3.25 0 12.8051 -3.25 0.05 12.6051 -3.25 0.05 12.3061 -3.52523 0.05 12.3061 -3.57477 0.05 12.3061 -3.57477 0 12.3143 -3.62365 0.05 12.3143 -3.62365 0 12.3304 -3.67051 0 12.3304 -3.67051 0.05 12.354 -3.71408 0.05 12.354 -3.71408 0 12.3844 -3.75318 0.05 12.3844 -3.75318 0 12.4208 -3.78674 0 12.4208 -3.78674 0.05 12.4623 -3.81384 0.05 12.4623 -3.81384 0 12.5077 -3.83375 0.05 12.5077 -3.83375 0 12.5557 -3.84591 0 12.5557 -3.84591 0.05 12.6051 -3.85 0 12.6051 -3.85 0.05 12.3061 -3.52523 0 12.3143 -3.47635 0.05 12.3143 -3.47635 0 12.3304 -3.42949 0 12.3304 -3.42949 0.05 12.354 -3.38592 0 12.354 -3.38592 0.05 12.3844 -3.34682 0.05 12.3844 -3.34682 0 12.4208 -3.31326 0 12.4208 -3.31326 0.05 12.4623 -3.28616 0 12.4623 -3.28616 0.05 12.5077 -3.26625 0.05 12.5077 -3.26625 0 12.5557 -3.25409 0 12.5557 -3.25409 0.05 12.6051 -3.25 0.05 12.6051 -3.25 0 12.6051 -3.85 0 12.8051 -3.85 0.05 12.8051 -3.85 0 12.6051 -3.85 0.05 12.9025 -3.26625 0.05 12.8545 -3.25409 0 12.9025 -3.26625 0 12.8051 -3.25 0 12.8545 -3.25409 0.05 12.8051 -3.25 0.05 12.9894 -3.31326 0 13.0258 -3.34682 0 13.0258 -3.34682 0.05 12.9894 -3.31326 0.05 12.9479 -3.28616 0.05 12.9479 -3.28616 0 13.0959 -3.47635 0.05 13.0798 -3.42949 0 13.0959 -3.47635 0 13.0798 -3.42949 0.05 13.0563 -3.38592 0.05 13.0563 -3.38592 0 13.0959 -3.62365 0 13.0959 -3.62365 0.05 13.1041 -3.57477 0 13.1041 -3.52523 0 13.1041 -3.57477 0.05 13.1041 -3.52523 0.05 13.0563 -3.71408 0 13.0258 -3.75318 0 13.0258 -3.75318 0.05 13.0798 -3.67051 0.05 13.0798 -3.67051 0 13.0563 -3.71408 0.05 12.9894 -3.78674 0 12.9479 -3.81384 0.05 12.9894 -3.78674 0.05 12.9025 -3.83375 0.05 12.9479 -3.81384 0 12.9025 -3.83375 0 12.8545 -3.84591 0.05 12.8545 -3.84591 0 12.8051 -3.85 0.05 12.8051 -3.85 0 0.605112 -3.25 0 0.805112 -3.25 0 0.805112 -3.25 0.05 0.605112 -3.25 0.05 0.306136 -3.52523 0.05 0.306136 -3.57477 0.05 0.306136 -3.57477 0 0.314292 -3.62365 0.05 0.314292 -3.62365 0 0.33038 -3.67051 0 0.33038 -3.67051 0.05 0.353962 -3.71408 0.05 0.353962 -3.71408 0 0.384395 -3.75318 0.05 0.384395 -3.75318 0 0.420848 -3.78674 0 0.420848 -3.78674 0.05 0.462328 -3.81384 0.05 0.462328 -3.81384 0 0.507702 -3.83375 0.05 0.507702 -3.83375 0 0.555733 -3.84591 0 0.555733 -3.84591 0.05 0.605112 -3.85 0 0.605112 -3.85 0.05 0.306136 -3.52523 0 0.314292 -3.47635 0.05 0.314292 -3.47635 0 0.33038 -3.42949 0 0.33038 -3.42949 0.05 0.353962 -3.38592 0 0.353962 -3.38592 0.05 0.384395 -3.34682 0.05 0.384395 -3.34682 0 0.420848 -3.31326 0 0.420848 -3.31326 0.05 0.462328 -3.28616 0 0.462328 -3.28616 0.05 0.507702 -3.26625 0.05 0.507702 -3.26625 0 0.555733 -3.25409 0 0.555733 -3.25409 0.05 0.605112 -3.25 0.05 0.605112 -3.25 0 0.605112 -3.85 0 0.805112 -3.85 0.05 0.805112 -3.85 0 0.605112 -3.85 0.05 0.902522 -3.26625 0.05 0.85449 -3.25409 0 0.902522 -3.26625 0 0.805112 -3.25 0 0.85449 -3.25409 0.05 0.805112 -3.25 0.05 0.989376 -3.31326 0 1.02583 -3.34682 0 1.02583 -3.34682 0.05 0.989376 -3.31326 0.05 0.947896 -3.28616 0.05 0.947896 -3.28616 0 1.09593 -3.47635 0.05 1.07984 -3.42949 0 1.09593 -3.47635 0 1.07984 -3.42949 0.05 1.05626 -3.38592 0.05 1.05626 -3.38592 0 1.09593 -3.62365 0 1.09593 -3.62365 0.05 1.10409 -3.57477 0 1.10409 -3.52523 0 1.10409 -3.57477 0.05 1.10409 -3.52523 0.05 1.05626 -3.71408 0 1.02583 -3.75318 0 1.02583 -3.75318 0.05 1.07984 -3.67051 0.05 1.07984 -3.67051 0 1.05626 -3.71408 0.05 0.989376 -3.78674 0 0.947896 -3.81384 0.05 0.989376 -3.78674 0.05 0.902522 -3.83375 0.05 0.947896 -3.81384 0 0.902522 -3.83375 0 0.85449 -3.84591 0.05 0.85449 -3.84591 0 0.805112 -3.85 0.05 0.805112 -3.85 0</float_array>
          <technique_common>
            <accessor count="2664" source="#ID14" stride="3">
              <param name="X" type="float"/>
              <param name="Y" type="float"/>
              <param name="Z" type="float"/>
            </accessor>
          </technique_common>
        </source>
        <source id="ID15">
          <float_array count="7992" id="ID16">1 0 0 1 0 0 1 0 0 1 0 0 1 0 0 1 0 0 1 0 0 1 0 0 1 0 0 1 0 0 1 0 0 1 0 0 1 0 0 1 0 0 1 0 0 1 0 0 1 0 0 1 0 0 1 0 0 1 0 0 1 0 0 1 0 0 1 0 0 1 0 0 1 0 0 1 0 0 1 0 0 1 0 0 1 0 0 1 0 0 1 0 0 1 0 0 1 0 0 1 0 0 1 0 0 1 0 0 1 0 0 1 0 0 1 0 0 1 0 0 1 0 0 1 0 0 1 0 0 1 0 0 1 0 0 1 0 0 1 0 0 1 0 0 1 0 0 1 0 0 1 0 0 1 0 0 1 0 0 1 0 0 1 0 0 1 0 0 1 0 0 1 0 0 1 0 0 1 0 0 1 0 0 1 0 0 1 0 0 1 0 0 1 0 0 1 0 0 1 0 0 1 0 0 1 0 0 1 0 0 1 0 0 1 0 0 1 0 0 1 0 0 1 0 0 1 0 0 1 0 0 1 0 0 1 0 0 1 0 0 1 0 0 1 0 0 1 0 0 1 0 0 1 0 0 1 0 0 1 0 0 1 0 0 1 0 0 1 0 0 1 0 0 1 0 0 1 0 0 1 0 0 1 0 0 1 0 0 1 0 0 1 0 0 1 0 0 1 0 0 1 0 0 1 0 0 1 0 0 1 0 0 1 0 0 1 0 0 1 0 0 1 0 0 1 0 0 1 0 0 1 0 0 1 0 0 1 0 0 1 0 0 1 0 0 1 0 0 1 0 0 1 0 0 1 0 0 1 0 0 1 0 0 1 0 0 1 0 0 1 0 0 1 0 0 1 0 0 1 0 0 1 0 0 1 0 0 1 0 0 1 0 0 1 0 0 1 0 0 1 0 0 1 0 0 1 0 0 1 0 0 1 0 0 1 0 0 1 0 0 1 0 0 1 0 0 1 0 0 1 0 0 1 0 0 1 0 0 1 0 0 1 0 0 1 0 0 1 0 0 1 0 0 1 0 0 1 0 0 1 0 0 1 0 0 1 0 0 1 0 0 1 0 0 1 0 0 1 0 0 1 0 0 1 0 0 1 0 0 1 0 0 1 0 0 1 0 0 1 0 0 1 0 0 -1 -0 -0 -1 -0 -0 -1 -0 -0 -1 -0 -0 -1 -0 -0 -1 -0 -0 -1 -0 -0 -1 -0 -0 -1 -0 -0 -1 -0 -0 -1 -0 -0 -1 -0 -0 -1 -0 -0 -1 -0 -0 -1 -0 -0 -1 -0 -0 -1 -0 -0 -1 -0 -0 -1 -0 -0 -1 -0 -0 -1 -0 -0 -1 -0 -0 -1 -0 -0 -1 -0 -0 -1 -0 -0 -1 -0 -0 -1 -0 -0 -1 -0 -0 -1 -0 -0 -1 -0 -0 -1 -0 -0 -1 -0 -0 -1 -0 -0 -1 -0 -0 -1 -0 -0 -1 -0 -0 -1 -0 -0 -1 -0 -0 -1 -0 -0 -1 -0 -0 -1 -0 -0 -1 -0 -0 -1 -0 -0 -1 -0 -0 -1 -0 -0 -1 -0 -0 -1 -0 -0 -1 -0 -0 -1 -0 -0 -1 -0 -0 -1 -0 -0 -1 -0 -0 -1 -0 -0 -1 -0 -0 -1 -0 -0 -1 -0 -0 -1 -0 -0 -1 -0 -0 -1 -0 -0 -1 -0 -0 -1 -0 -0 -1 -0 -0 -1 -0 -0 -1 -0 -0 -1 -0 -0 -1 -0 -0 -1 -0 -0 -1 -0 -0 -1 -0 -0 -1 -0 -0 -1 -0 -0 -1 -0 -0 -1 -0 -0 -1 -0 -0 -1 -0 -0 -1 -0 -0 -1 -0 -0 -1 -0 -0 -1 -0 -0 -1 -0 -0 -1 -0 -0 -1 -0 -0 -1 -0 -0 -1 -0 -0 1 0 0 1 0 0 1 0 0 1 0 0 1 0 0 1 0 0 1 0 0 1 0 0 1 0 0 1 0 0 1 0 0 1 0 0 1 0 0 1 0 0 1 0 0 1 0 0 1 0 0 1 0 0 1 0 0 1 0 0 1 0 0 1 0 0 1 0 0 1 0 0 1 0 0 1 0 0 1 0 0 1 0 0 1 0 0 1 0 0 1 0 0 1 0 0 1 0 0 1 0 0 1 0 0 1 0 0 1 0 0 1 0 0 1 0 0 1 0 0 1 0 0 1 0 0 1 0 0 1 0 0 1 0 0 1 0 0 1 0 0 1 0 0 1 0 0 1 0 0 1 0 0 1 0 0 1 0 0 1 0 0 1 0 0 1 0 0 1 0 0 1 0 0 1 0 0 1 0 0 1 0 0 1 0 0 1 0 0 1 0 0 1 0 0 1 0 0 1 0 0 1 0 0 1 0 0 1 0 0 1 0 0 1 0 0 1 0 0 1 0 0 1 0 0 1 0 0 1 0 0 1 0 0 1 0 0 1 0 0 1 0 0 1 0 0 1 0 0 1 0 0 1 0 0 1 0 0 1 0 0 1 0 0 1 0 0 1 0 0 1 0 0 1 0 0 1 0 0 1 0 0 1 0 0 1 0 0 1 0 0 1 0 0 1 0 0 1 0 0 1 0 0 1 0 0 1 0 0 1 0 0 1 0 0 1 0 0 1 0 0 1 0 0 1 0 0 1 0 0 1 0 0 1 0 0 1 0 0 1 0 0 1 0 0 1 0 0 1 0 0 1 0 0 1 0 0 1 0 0 1 0 0 1 0 0 1 0 0 1 0 0 1 0 0 1 0 0 1 0 0 1 0 0 1 0 0 1 0 0 1 0 0 1 0 0 1 0 0 1 0 0 1 0 0 1 0 0 1 0 0 1 0 0 1 0 0 1 0 0 1 0 0 1 0 0 1 0 0 1 0 0 1 0 0 1 0 0 1 0 0 1 0 0 1 0 0 1 0 0 1 0 0 1 0 0 1 0 0 1 0 0 1 0 0 1 0 0 1 0 0 1 0 0 1 0 0 1 0 0 1 0 0 1 0 0 1 0 0 1 0 0 1 0 0 1 0 0 1 0 0 1 0 0 -1 -0 -0 -1 -0 -0 -1 -0 -0 -1 -0 -0 -1 -0 -0 -1 -0 -0 -1 -0 -0 -1 -0 -0 -1 -0 -0 -1 -0 -0 -1 -0 -0 -1 -0 -0 -1 -0 -0 -1 -0 -0 -1 -0 -0 -1 -0 -0 -1 -0 -0 -1 -0 -0 -1 -0 -0 -1 -0 -0 -1 -0 -0 -1 -0 -0 -1 -0 -0 -1 -0 -0 -1 -0 -0 -1 -0 -0 -1 -0 -0 -1 -0 -0 -1 -0 -0 -1 -0 -0 -1 -0 -0 -1 -0 -0 -1 -0 -0 -1 -0 -0 -1 -0 -0 -1 -0 -0 -1 -0 -0 -1 -0 -0 -1 -0 -0 -1 -0 -0 -1 -0 -0 -1 -0 -0 -1 -0 -0 -1 -0 -0 -1 -0 -0 -1 -0 -0 -1 -0 -0 -1 -0 -0 -1 -0 -0 -1 -0 -0 -1 -0 -0 -1 -0 -0 -1 -0 -0 -1 -0 -0 -1 -0 -0 -1 -0 -0 -1 -0 -0 -1 -0 -0 -1 -0 -0 -1 -0 -0 -1 -0 -0 -1 -0 -0 -1 -0 -0 -1 -0 -0 -1 -0 -0 -1 -0 -0 -1 -0 -0 -1 -0 -0 -1 -0 -0 -1 -0 -0 -1 -0 -0 -1 -0 -0 -1 -0 -0 -1 -0 -0 -1 -0 -0 -1 -0 -0 -1 -0 -0 -1 -0 -0 -1 -0 -0 -1 -0 -0 -1 -0 -0 -1 -0 -0 -1 -0 -0 -1 -0 -0 -1 -0 -0 -1 -0 -0 -1 -0 -0 -1 -0 -0 -1 -0 -0 -1 -0 -0 -1 -0 -0 -1 -0 -0 -1 -0 -0 -1 -0 -0 -1 -0 -0 -1 -0 -0 -1 -0 -0 -1 -0 -0 -1 -0 -0 -1 -0 -0 -1 -0 -0 -1 -0 -0 -1 -0 -0 -1 -0 -0 -1 -0 -0 -1 -0 -0 -1 -0 -0 -1 -0 -0 -1 -0 -0 -1 -0 -0 -1 -0 -0 -1 -0 -0 -1 -0 -0 -1 -0 -0 -1 -0 -0 -1 -0 -0 -1 -0 -0 -1 -0 -0 -1 -0 -0 -1 -0 -0 -1 -0 -0 -1 -0 -0 -1 -0 -0 -1 -0 -0 -1 -0 -0 -1 -0 -0 -1 -0 -0 -1 -0 -0 -1 -0 -0 -1 -0 -0 -1 -0 -0 -1 -0 -0 -1 -0 -0 -1 -0 -0 -1 -0 -0 -1 -0 -0 -1 -0 -0 -1 -0 -0 -1 -0 -0 -1 -0 -0 -1 -0 -0 -1 -0 -0 -1 -0 -0 -1 -0 -0 -1 -0 -0 -1 -0 -0 -1 -0 -0 -1 -0 -0 -1 -0 -0 -1 -0 -0 -1 -0 -0 -1 -0 -0 -1 -0 -0 -1 -0 -0 -1 -0 -0 -1 -0 -0 -1 -0 -0 -1 -0 -0 -1 -0 -0 -1 -0 -0 -1 -0 -0 -1 -0 -0 -1 -0 -0 -1 -0 -0 -1 -0 -0 -1 -0 -0 -1 -0 -0 -1 -0 -0 -1 -0 -0 -1 -0 -0 -1 -0 -0 -1 -0 -0 -1 -0 -0 -1 -0 -0 -1 -0 -0 -1 -0 -0 -1 -0 -0 -1 -0 -0 -1 -0 -0 -1 -0 -0 -1 -0 -0 -1 -0 -0 -1 -0 -0 -1 -0 -0 -1 -0 -0 -1 -0 -0 -1 -0 -0 -1 -0 -0 -1 -0 -0 -1 -0 -0 -1 -0 -0 -1 -0 -0 -1 -0 -0 -1 -0 -0 -1 -0 -0 -1 -0 -0 -1 -0 -0 -1 -0 -0 -1 -0 -0 -1 -0 -0 -1 -0 -0 -1 -0 -0 -1 -0 -0 -1 -0 -0 -1 -0 -0 -1 -0 -0 -1 -0 -0 -1 -0 -0 -1 -0 -0 -1 -0 -0 -1 -0 -0 -1 -0 -0 -1 -0 -0 -1 -0 -0 -1 -0 -0 -1 -0 -0 -1 -0 -0 -1 -0 -0 -1 -0 -0 -1 -0 -0 -1 -0 -0 -1 -0 -0 -1 -0 -0 -1 -0 -0 -1 -0 -0 -1 -0 -0 -1 -0 -0 -1 -0 -0 -1 -0 -0 -1 -0 -0 -1 -0 -0 -1 -0 -0 -1 -0 -0 -1 -0 -0 -1 -0 -0 -1 -0 -0 -1 -0 -0 -1 -0 -0 -1 -0 -0 -1 -0 -0 -1 -0 -0 -1 -0 -0 -1 -0 -0 -1 -0 -0 -1 -0 -0 -1 -0 -0 -1 -0 -0 -1 -0 -0 -1 -0 -0 -1 -0 -0 -1 -0 -0 -1 -0 -0 -1 -0 -0 -1 -0 -0 -1 -0 -0 -1 -0 -0 -1 -0 -0 -1 -0 -0 -1 -0 -0 -1 -0 -0 -1 -0 -0 -1 -0 -0 -1 -0 -0 -1 -0 -0 -1 -0 -0 -1 -0 -0 -1 -0 -0 -1 -0 -0 -1 -0 -0 -1 -0 -0 -1 -0 -0 -1 -0 -0 -1 -0 -0 -1 -0 -0 -1 -0 -0 -1 -0 -0 -1 -0 -0 -1 -0 -0 -1 -0 -0 -1 -0 -0 -1 -0 -0 -1 -0 -0 -1 -0 -0 -1 -0 -0 -1 -0 -0 -1 -0 -0 -1 -0 -0 -1 -0 -0 -1 -0 -0 -1 -0 -0 -1 -0 -0 -1 -0 -0 -1 -0 -0 -1 -0 -0 -1 -0 -0 -1 -0 -0 -1 -0 -0 -1 -0 -0 -1 -0 -0 -1 -0 -0 -1 -0 -0 -1 -0 -0 -1 -0 -0 -1 -0 -0 -1 -0 -0 -1 -0 -0 -1 -0 -0 -1 -0 -0 -1 -0 -0 -1 -0 -0 -1 -0 -0 -1 -0 -0 -1 -0 -0 -1 -0 -0 -1 -0 -0 -1 -0 -0 -1 -0 -0 -1 -0 -0 -1 -0 -0 -1 -0 -0 -1 -0 -0 -1 -0 -0 -1 -0 -0 -1 -0 -0 -1 -0 -0 -1 -0 -0 -1 -0 -0 -1 -0 -0 -1 -0 -0 -1 -0 -0 -1 -0 -0 -1 -0 -0 -1 -0 -0 -1 -0 -0 -1 -0 -0 -1 -0 -0 1 0 0 1 0 0 1 0 0 1 0 0 1 0 0 1 0 0 1 0 0 1 0 0 1 0 0 1 0 0 1 0 0 1 0 0 1 0 0 1 0 0 1 0 0 1 0 0 1 0 0 1 0 0 1 0 0 1 0 0 1 0 0 1 0 0 1 0 0 1 0 0 1 0 0 1 0 0 1 0 0 1 0 0 1 0 0 1 0 0 1 0 0 1 0 0 1 0 0 1 0 0 1 0 0 1 0 0 1 0 0 1 0 0 1 0 0 1 0 0 1 0 0 1 0 0 1 0 0 1 0 0 1 0 0 1 0 0 1 0 0 1 0 0 1 0 0 1 0 0 1 0 0 1 0 0 1 0 0 1 0 0 1 0 0 1 0 0 1 0 0 1 0 0 1 0 0 1 0 0 1 0 0 1 0 0 1 0 0 1 0 0 1 0 0 1 0 0 1 0 0 1 0 0 1 0 0 1 0 0 1 0 0 1 0 0 1 0 0 1 0 0 1 0 0 1 0 0 1 0 0 1 0 0 1 0 0 1 0 0 1 0 0 1 0 0 1 0 0 1 0 0 -1.85037e-16 1 0 -1.85037e-16 1 0 -1.85037e-16 1 0 -1.85037e-16 1 0 1.74153e-16 -1 0 1.74153e-16 -1 0 1.74153e-16 -1 0 1.74153e-16 -1 0 -2.22045e-16 1 0 -2.22045e-16 1 0 -2.22045e-16 1 0 -2.22045e-16 1 0 2.22045e-16 -1 0 2.22045e-16 -1 0 2.22045e-16 -1 0 2.22045e-16 -1 0 1.11022e-16 -1 0 1.11022e-16 -1 0 1.11022e-16 -1 0 1.11022e-16 -1 0 2.22045e-16 -1 0 2.22045e-16 -1 0 2.22045e-16 -1 0 2.22045e-16 -1 0 -1 -0 -0 -1 -0 -0 -1 -0 -0 -1 -0 -0 2.22045e-16 -1 0 2.22045e-16 -1 0 2.22045e-16 -1 0 2.22045e-16 -1 0 0 1 0 0 1 0 0 1 0 0 1 0 2.22045e-16 -1 0 2.22045e-16 -1 0 2.22045e-16 -1 0 2.22045e-16 -1 0 -2.22045e-16 1 0 -2.22045e-16 1 0 -2.22045e-16 1 0 -2.22045e-16 1 0 -2.22045e-16 1 0 -2.22045e-16 1 0 -2.22045e-16 1 0 -2.22045e-16 1 0 -2.22045e-16 1 0 -2.22045e-16 1 0 -2.22045e-16 1 0 -2.22045e-16 1 0 1 0 0 1 0 0 1 0 0 1 0 0 0 0 1 0 0 1 0 0 1 0 0 1 0 0 1 0 0 1 0 0 1 0 0 1 0 0 1 0 0 1 0 0 1 0 0 1 0 0 1 0 0 1 0 0 1 0 0 1 0 0 1 0 0 1 0 0 1 0 0 1 0 0 1 0 0 1 0 0 1 0 0 1 -0 -0 -1 -0 -0 -1 -0 -0 -1 -0 -0 -1 -0 -0 -1 -0 -0 -1 -0 -0 -1 -0 -0 -1 -0 -0 -1 -0 -0 -1 -0 -0 -1 -0 -0 -1 -0 -0 -1 -0 -0 -1 -0 -0 -1 -0 -0 -1 -0 -0 -1 -0 -0 -1 -0 -0 -1 -0 -0 -1 -0 -0 -1 -0 -0 -1 -0 -0 -1 -0 -0 -1 -0 -0 -1 -0 -0 -1 -0 -0 -1 -0 -0 -1 -0 -0 -1 -0 -0 -1 -0 -0 -1 -0 -0 -1 -0 -0 -1 -0 -0 -1 -0 -0 -1 -0 -0 -1 -0 -0 -1 -0 -0 -1 -0 -0 -1 -0 -0 -1 -0 -0 -1 -0 -0 -1 -0 -0 -1 -0 -0 -1 -0 -0 -1 -0 -0 -1 -0 -0 -1 -0 -0 -1 -0 -0 -1 -0 -0 -1 -0 -0 -1 -0 -0 -1 -0 -0 -1 -0 -0 -1 -0 -0 -1 -0 -0 -1 -0 -0 -1 -0 -0 -1 -0 -0 -1 -0 -0 -1 -0 -0 -1 -0 -0 -1 -0 -0 -1 -0 -0 -1 -0 -0 -1 -0 -0 -1 -0 -0 -1 -0 -0 -1 -0 -0 -1 -0 -0 -1 -0 -0 -1 -0 -0 -1 -0 -0 -1 -0 -0 -1 -0 -0 -1 -0 -0 -1 -0 -0 -1 -0 -0 -1 -0 -0 -1 -0 -0 -1 -0 -0 -1 -0 -0 -1 -0 -0 -1 -0 -0 -1 -0 -0 -1 -0 -0 -1 -0 -0 -1 -0 -0 -1 -0 -0 -1 -0 -0 -1 -0 -0 -1 -0 -0 -1 -0 -0 -1 -0 -0 -1 -0 -0 -1 -0 -0 -1 -0 -0 -1 -0 -0 -1 -0 -0 -1 -0 -0 -1 -0 -0 -1 -0 -0 -1 -0 -0 -1 -0 -0 -1 -0 -0 -1 -0 -0 -1 -0 -0 -1 -0 -0 -1 -0 -0 -1 -0 -0 -1 -0 -0 -1 -0 -0 -1 -0 -0 -1 -0 -0 -1 -0 -0 -1 -0 -0 -1 -0 -0 -1 -0 -0 -1 -0 -0 -1 -0 -0 -1 -0 -0 -1 -0 -0 -1 -0 -0 -1 -0 -0 -1 -0 -0 -1 -0 -0 -1 -0 -0 -1 -0 -0 -1 -0 -0 -1 -0 -0 -1 -0 -0 -1 -0 -0 -1 -0 -0 -1 -0 -0 -1 -0 -0 -1 -0 -0 -1 -0 -0 -1 -0 -0 -1 -0 -0 -1 -0 -0 -1 -0 -0 -1 -0 -0 -1 -0 -0 -1 -0 -0 -1 -0 -0 -1 -0 -0 -1 -0 -0 -1 -0 -0 -1 -0 -0 -1 -0 -0 -1 -0 -0 -1 -0 -0 -1 -0 -0 -1 -0 -0 -1 -0 -0 -1 -0 -0 -1 -0 -0 -1 -0 -0 -1 -0 -0 -1 -0 -0 -1 -0 -0 -1 -0 -0 -1 -0 -0 -1 -0 -0 -1 -0 -0 -1 -0 -0 -1 -0 -0 -1 -0 -0 -1 -0 -0 -1 -0 -0 -1 -0 -0 -1 -0 -0 -1 -0 -0 -1 -0 -0 -1 -0 -0 -1 -0 -0 -1 -0 -0 -1 -0 -0 -1 -0 -0 -1 -0 -0 -1 -0 -0 -1 -0 -0 -1 -0 -0 -1 -0 -0 -1 -0 -0 -1 -0 -0 -1 -0 -0 -1 -0 -0 -1 -0 -0 -1 -0 -0 -1 -0 -0 -1 -0 -0 -1 -0 -0 -1 -0 -0 -1 -0 -0 -1 -0 -0 -1 -0 -0 -1 -0 -0 -1 -0 -0 -1 -0 -0 -1 -0 -0 -1 -0 -0 -1 -0 -0 -1 -0 -0 -1 0 0 1 0 0 1 0 0 1 0 0 1 0 0 1 0 0 1 0 0 1 0 0 1 0 0 1 0 0 1 0 0 1 0 0 1 0 0 1 0 0 1 0 0 1 0 0 1 0 0 1 0 0 1 0 0 1 0 0 1 0 0 1 0 0 1 0 0 1 0 0 1 0 0 1 0 0 1 0 0 1 0 0 1 0 0 1 0 0 1 0 0 1 0 0 1 0 0 1 0 0 1 0 0 1 0 0 1 0 0 1 0 0 1 0 0 1 0 0 1 0 0 1 0 0 1 0 0 1 0 0 1 0 0 1 0 0 1 0 0 1 0 0 1 0 0 1 0 0 1 0 0 1 0 0 1 0 0 1 0 0 1 0 0 1 0 0 1 0 0 1 0 0 1 0 0 1 0 0 1 0 0 1 0 0 1 0 0 1 0 0 1 0 0 1 0 0 1 0 0 1 0 0 1 0 0 1 0 0 1 0 0 1 0 0 1 0 0 1 0 0 1 0 0 1 0 0 1 0 0 1 0 0 1 0 0 1 0 0 1 0 0 1 0 0 1 0 0 1 0 0 1 0 0 1 0 0 1 0 0 1 0 0 1 0 0 1 0 0 1 0 0 1 0 0 1 0 0 1 0 0 1 0 0 1 0 0 1 0 0 1 0 0 1 0 0 1 0 0 1 0 0 1 0 0 1 0 0 1 0 0 1 0 0 1 0 0 1 0 0 1 0 0 1 0 0 1 0 0 1 0 0 1 0 0 1 0 0 1 0 0 1 0 0 1 0 0 1 0 0 1 0 0 1 0 0 1 0 0 1 0 0 1 0 0 1 0 0 1 0 0 1 0 0 1 0 0 1 0 0 1 0 0 1 0 0 1 0 0 1 0 0 1 0 0 1 0 0 1 0 0 1 0 0 1 0 0 1 0 0 1 0 0 1 0 0 1 0 0 1 0 0 1 0 0 1 0 0 1 0 0 1 0 0 1 0 0 1 0 0 1 0 0 1 0 0 1 0 0 1 0 0 1 0 0 1 0 0 1 0 0 1 0 0 1 0 0 1 0 0 1 0 0 1 0 0 1 0 0 1 0 0 1 0 0 1 0 0 1 0 0 1 0 0 1 0 0 1 0 0 1 0 0 1 0 0 1 0 0 1 0 0 1 0 0 1 0 0 1 0 0 1 0 0 1 0 0 1 0 0 1 0 0 1 0 0 1 0 0 1 0 0 1 0 0 1 0 0 1 0 0 1 0 0 1 0 0 1 0 0 1 0 0 1 0 0 1 0 0 1 0 0 1 0 0 1 0 0 1 0 0 1 0 0 1 0 0 1 0 0 1 0 0 1 0 0 1 0 0 1 0 0 1 0 0 1 0 0 1 0 0 1 0 0 1 0 0 1 0 0 1 0 0 1 0 0 1 0 0 1 0 0 1 0 0 1 0 0 1 0 0 1 0 0 1 0 0 1 0 0 1 0 0 1 0 0 1 0 0 1 0 -0.0825793 0.996584 0 0.0825795 0.996584 0 -0.0825793 0.996584 0 -0.245486 0.9694 0 -0.245486 0.9694 0 -0.401695 0.915773 0 -0.401695 0.915773 0 -0.546948 0.837166 0 -0.546948 0.837166 0 -0.677282 0.735724 0 -0.677282 0.735724 0 -0.789141 0.614213 0 -0.789141 0.614213 0 -0.879474 0.475947 0 -0.879474 0.475947 0 -0.945817 0.3247 0 -0.945817 0.3247 0 -0.986361 0.164595 0 -0.986361 0.164595 0 -1 4.37114e-08 0 -1 4.37114e-08 0 0.0825795 0.996584 0 0.245486 0.9694 0 0.245486 0.9694 0 0.401695 0.915773 0 0.401695 0.915773 0 0.546948 0.837166 0 0.546948 0.837166 0 0.677281 0.735724 0 0.677281 0.735724 0 0.789141 0.614213 0 0.789141 0.614213 0 0.879474 0.475947 0 0.879474 0.475947 0 0.945817 0.3247 0 0.945817 0.3247 0 0.986361 0.164595 0 0.986361 0.164595 0 1 -1.19249e-08 0 1 -1.19249e-08 -0 -1 -0 -0 -1 -0 -0 -1 -0 -0 -1 -0 0 0.0825793 -0.996584 0 -0.0825795 -0.996584 0 0.0825793 -0.996584 0 0.245486 -0.9694 0 0.245486 -0.9694 0 0.401695 -0.915773 0 0.401695 -0.915773 0 0.546948 -0.837166 0 0.546948 -0.837166 0 0.677282 -0.735724 0 0.677282 -0.735724 0 0.789141 -0.614213 0 0.789141 -0.614213 0 0.879474 -0.475947 0 0.879474 -0.475947 0 0.945817 -0.3247 0 0.945817 -0.3247 0 0.986361 -0.164595 0 0.986361 -0.164595 0 1 -4.37114e-08 0 1 -4.37114e-08 0 -0.0825795 -0.996584 0 -0.245486 -0.9694 0 -0.245486 -0.9694 0 -0.401695 -0.915773 0 -0.401695 -0.915773 0 -0.546948 -0.837166 0 -0.546948 -0.837166 0 -0.677281 -0.735724 0 -0.677281 -0.735724 0 -0.789141 -0.614213 0 -0.789141 -0.614213 0 -0.879474 -0.475947 0 -0.879474 -0.475947 0 -0.945817 -0.3247 0 -0.945817 -0.3247 0 -0.986361 -0.164595 0 -0.986361 -0.164595 0 -1 1.19249e-08 0 -1 1.19249e-08 0 1 0 0 1 0 0 1 0 0 1 0 0 -0.0825793 0.996584 0 0.0825795 0.996584 0 -0.0825793 0.996584 0 -0.245486 0.9694 0 -0.245486 0.9694 0 -0.401695 0.915773 0 -0.401695 0.915773 0 -0.546948 0.837166 0 -0.546948 0.837166 0 -0.677282 0.735724 0 -0.677282 0.735724 0 -0.789141 0.614213 0 -0.789141 0.614213 0 -0.879474 0.475947 0 -0.879474 0.475947 0 -0.945817 0.3247 0 -0.945817 0.3247 0 -0.986361 0.164595 0 -0.986361 0.164595 0 -1 4.37114e-08 0 -1 4.37114e-08 0 0.0825795 0.996584 0 0.245486 0.9694 0 0.245486 0.9694 0 0.401695 0.915773 0 0.401695 0.915773 0 0.546948 0.837166 0 0.546948 0.837166 0 0.677281 0.735724 0 0.677281 0.735724 0 0.789141 0.614213 0 0.789141 0.614213 0 0.879474 0.475947 0 0.879474 0.475947 0 0.945817 0.3247 0 0.945817 0.3247 0 0.986361 0.164595 0 0.986361 0.164595 0 1 -1.19249e-08 0 1 -1.19249e-08 -0 -1 -0 -0 -1 -0 -0 -1 -0 -0 -1 -0 0 0.0825793 -0.996584 0 -0.0825795 -0.996584 0 0.0825793 -0.996584 0 0.245486 -0.9694 0 0.245486 -0.9694 0 0.401695 -0.915773 0 0.401695 -0.915773 0 0.546948 -0.837166 0 0.546948 -0.837166 0 0.677282 -0.735724 0 0.677282 -0.735724 0 0.789141 -0.614213 0 0.789141 -0.614213 0 0.879474 -0.475947 0 0.879474 -0.475947 0 0.945817 -0.3247 0 0.945817 -0.3247 0 0.986361 -0.164595 0 0.986361 -0.164595 0 1 -4.37114e-08 0 1 -4.37114e-08 0 -0.0825795 -0.996584 0 -0.245486 -0.9694 0 -0.245486 -0.9694 0 -0.401695 -0.915773 0 -0.401695 -0.915773 0 -0.546948 -0.837166 0 -0.546948 -0.837166 0 -0.677281 -0.735724 0 -0.677281 -0.735724 0 -0.789141 -0.614213 0 -0.789141 -0.614213 0 -0.879474 -0.475947 0 -0.879474 -0.475947 0 -0.945817 -0.3247 0 -0.945817 -0.3247 0 -0.986361 -0.164595 0 -0.986361 -0.164595 0 -1 1.19249e-08 0 -1 1.19249e-08 0 1 0 0 1 0 0 1 0 0 1 0 0 0.945817 0.3247 0 0.986361 0.164595 0 0.945817 0.3247 0 1 -1.19249e-08 0 0.986361 0.164595 0 1 -1.19249e-08 0 0.789141 0.614213 0 0.677281 0.735724 0 0.677281 0.735724 0 0.789141 0.614213 0 0.879474 0.475947 0 0.879474 0.475947 0 0.245486 0.9694 0 0.401695 0.915773 0 0.245486 0.9694 0 0.401695 0.915773 0 0.546948 0.837166 0 0.546948 0.837166 0 -0.245486 0.9694 0 -0.245486 0.9694 0 -0.0825793 0.996584 0 0.0825795 0.996584 0 -0.0825793 0.996584 0 0.0825795 0.996584 0 -0.546948 0.837166 0 -0.677282 0.735724 0 -0.677282 0.735724 0 -0.401695 0.915773 0 -0.401695 0.915773 0 -0.546948 0.837166 0 -0.789141 0.614213 0 -0.879474 0.475947 0 -0.789141 0.614213 0 -0.945817 0.3247 0 -0.879474 0.475947 0 -0.945817 0.3247 0 -0.986361 0.164595 0 -0.986361 0.164595 0 -1 4.37114e-08 0 -1 4.37114e-08 -0 -1 -0 -0 -1 -0 -0 -1 -0 -0 -1 -0 0 -0.945817 -0.3247 0 -0.986361 -0.164595 0 -0.945817 -0.3247 0 -1 1.19249e-08 0 -0.986361 -0.164595 0 -1 1.19249e-08 0 -0.789141 -0.614213 0 -0.677281 -0.735724 0 -0.677281 -0.735724 0 -0.789141 -0.614213 0 -0.879474 -0.475947 0 -0.879474 -0.475947 0 -0.245486 -0.9694 0 -0.401695 -0.915773 0 -0.245486 -0.9694 0 -0.401695 -0.915773 0 -0.546948 -0.837166 0 -0.546948 -0.837166 0 0.245486 -0.9694 0 0.245486 -0.9694 0 0.0825793 -0.996584 0 -0.0825795 -0.996584 0 0.0825793 -0.996584 0 -0.0825795 -0.996584 0 0.546948 -0.837166 0 0.677282 -0.735724 0 0.677282 -0.735724 0 0.401695 -0.915773 0 0.401695 -0.915773 0 0.546948 -0.837166 0 0.789141 -0.614213 0 0.879474 -0.475947 0 0.789141 -0.614213 0 0.945817 -0.3247 0 0.879474 -0.475947 0 0.945817 -0.3247 0 0.986361 -0.164595 0 0.986361 -0.164595 0 1 -4.37114e-08 0 1 -4.37114e-08 0 1 0 0 1 0 0 1 0 0 1 0 0 0.945817 0.3247 0 0.986361 0.164595 0 0.945817 0.3247 0 1 -1.19249e-08 0 0.986361 0.164595 0 1 -1.19249e-08 0 0.789141 0.614213 0 0.677281 0.735724 0 0.677281 0.735724 0 0.789141 0.614213 0 0.879474 0.475947 0 0.879474 0.475947 0 0.245486 0.9694 0 0.401695 0.915773 0 0.245486 0.9694 0 0.401695 0.915773 0 0.546948 0.837166 0 0.546948 0.837166 0 -0.245486 0.9694 0 -0.245486 0.9694 0 -0.0825793 0.996584 0 0.0825795 0.996584 0 -0.0825793 0.996584 0 0.0825795 0.996584 0 -0.546948 0.837166 0 -0.677282 0.735724 0 -0.677282 0.735724 0 -0.401695 0.915773 0 -0.401695 0.915773 0 -0.546948 0.837166 0 -0.789141 0.614213 0 -0.879474 0.475947 0 -0.789141 0.614213 0 -0.945817 0.3247 0 -0.879474 0.475947 0 -0.945817 0.3247 0 -0.986361 0.164595 0 -0.986361 0.164595 0 -1 4.37114e-08 0 -1 4.37114e-08 -0 -1 -0 -0 -1 -0 -0 -1 -0 -0 -1 -0 0 -0.945817 -0.3247 0 -0.986361 -0.164595 0 -0.945817 -0.3247 0 -1 1.19249e-08 0 -0.986361 -0.164595 0 -1 1.19249e-08 0 -0.789141 -0.614213 0 -0.677281 -0.735724 0 -0.677281 -0.735724 0 -0.789141 -0.614213 0 -0.879474 -0.475947 0 -0.879474 -0.475947 0 -0.245486 -0.9694 0 -0.401695 -0.915773 0 -0.245486 -0.9694 0 -0.401695 -0.915773 0 -0.546948 -0.837166 0 -0.546948 -0.837166 0 0.245486 -0.9694 0 0.245486 -0.9694 0 0.0825793 -0.996584 0 -0.0825795 -0.996584 0 0.0825793 -0.996584 0 -0.0825795 -0.996584 0 0.546948 -0.837166 0 0.677282 -0.735724 0 0.677282 -0.735724 0 0.401695 -0.915773 0 0.401695 -0.915773 0 0.546948 -0.837166 0 0.789141 -0.614213 0 0.879474 -0.475947 0 0.789141 -0.614213 0 0.945817 -0.3247 0 0.879474 -0.475947 0 0.945817 -0.3247 0 0.986361 -0.164595 0 0.986361 -0.164595 0 1 -4.37114e-08 0 1 -4.37114e-08 0 1 0 0 1 0 0 1 0 0 1 0 0 0.945817 0.3247 0 0.986361 0.164595 0 0.945817 0.3247 0 1 -1.19249e-08 0 0.986361 0.164595 0 1 -1.19249e-08 0 0.789141 0.614213 0 0.677281 0.735724 0 0.677281 0.735724 0 0.789141 0.614213 0 0.879474 0.475947 0 0.879474 0.475947 0 0.245486 0.9694 0 0.401695 0.915773 0 0.245486 0.9694 0 0.401695 0.915773 0 0.546948 0.837166 0 0.546948 0.837166 0 -0.245486 0.9694 0 -0.245486 0.9694 0 -0.0825793 0.996584 0 0.0825795 0.996584 0 -0.0825793 0.996584 0 0.0825795 0.996584 0 -0.546948 0.837166 0 -0.677282 0.735724 0 -0.677282 0.735724 0 -0.401695 0.915773 0 -0.401695 0.915773 0 -0.546948 0.837166 0 -0.789141 0.614213 0 -0.879474 0.475947 0 -0.789141 0.614213 0 -0.945817 0.3247 0 -0.879474 0.475947 0 -0.945817 0.3247 0 -0.986361 0.164595 0 -0.986361 0.164595 0 -1 4.37114e-08 0 -1 4.37114e-08 -0 -1 -0 -0 -1 -0 -0 -1 -0 -0 -1 -0 0 -0.945817 -0.3247 0 -0.986361 -0.164595 0 -0.945817 -0.3247 0 -1 1.19249e-08 0 -0.986361 -0.164595 0 -1 1.19249e-08 0 -0.789141 -0.614213 0 -0.677281 -0.735724 0 -0.677281 -0.735724 0 -0.789141 -0.614213 0 -0.879474 -0.475947 0 -0.879474 -0.475947 0 -0.245486 -0.9694 0 -0.401695 -0.915773 0 -0.245486 -0.9694 0 -0.401695 -0.915773 0 -0.546948 -0.837166 0 -0.546948 -0.837166 0 0.245486 -0.9694 0 0.245486 -0.9694 0 0.0825793 -0.996584 0 -0.0825795 -0.996584 0 0.0825793 -0.996584 0 -0.0825795 -0.996584 0 0.546948 -0.837166 0 0.677282 -0.735724 0 0.677282 -0.735724 0 0.401695 -0.915773 0 0.401695 -0.915773 0 0.546948 -0.837166 0 0.789141 -0.614213 0 0.879474 -0.475947 0 0.789141 -0.614213 0 0.945817 -0.3247 0 0.879474 -0.475947 0 0.945817 -0.3247 0 0.986361 -0.164595 0 0.986361 -0.164595 0 1 -4.37114e-08 0 1 -4.37114e-08 0 1 0 0 1 0 0 1 0 0 1 0 0 0.945817 0.3247 0 0.986361 0.164595 0 0.945817 0.3247 0 1 -1.19249e-08 0 0.986361 0.164595 0 1 -1.19249e-08 0 0.789141 0.614213 0 0.677281 0.735724 0 0.677281 0.735724 0 0.789141 0.614213 0 0.879474 0.475947 0 0.879474 0.475947 0 0.245486 0.9694 0 0.401695 0.915773 0 0.245486 0.9694 0 0.401695 0.915773 0 0.546948 0.837166 0 0.546948 0.837166 0 -0.245486 0.9694 0 -0.245486 0.9694 0 -0.0825793 0.996584 0 0.0825795 0.996584 0 -0.0825793 0.996584 0 0.0825795 0.996584 0 -0.546948 0.837166 0 -0.677282 0.735724 0 -0.677282 0.735724 0 -0.401695 0.915773 0 -0.401695 0.915773 0 -0.546948 0.837166 0 -0.789141 0.614213 0 -0.879474 0.475947 0 -0.789141 0.614213 0 -0.945817 0.3247 0 -0.879474 0.475947 0 -0.945817 0.3247 0 -0.986361 0.164595 0 -0.986361 0.164595 0 -1 4.37114e-08 0 -1 4.37114e-08 -0 -1 -0 -0 -1 -0 -0 -1 -0 -0 -1 -0 0 -0.945817 -0.3247 0 -0.986361 -0.164595 0 -0.945817 -0.3247 0 -1 1.19249e-08 0 -0.986361 -0.164595 0 -1 1.19249e-08 0 -0.789141 -0.614213 0 -0.677281 -0.735724 0 -0.677281 -0.735724 0 -0.789141 -0.614213 0 -0.879474 -0.475947 0 -0.879474 -0.475947 0 -0.245486 -0.9694 0 -0.401695 -0.915773 0 -0.245486 -0.9694 0 -0.401695 -0.915773 0 -0.546948 -0.837166 0 -0.546948 -0.837166 0 0.245486 -0.9694 0 0.245486 -0.9694 0 0.0825793 -0.996584 0 -0.0825795 -0.996584 0 0.0825793 -0.996584 0 -0.0825795 -0.996584 0 0.546948 -0.837166 0 0.677282 -0.735724 0 0.677282 -0.735724 0 0.401695 -0.915773 0 0.401695 -0.915773 0 0.546948 -0.837166 0 0.789141 -0.614213 0 0.879474 -0.475947 0 0.789141 -0.614213 0 0.945817 -0.3247 0 0.879474 -0.475947 0 0.945817 -0.3247 0 0.986361 -0.164595 0 0.986361 -0.164595 0 1 -4.37114e-08 0 1 -4.37114e-08 0 1 0 0 1 0 0 1 0 0 1 0 0 0.945817 0.3247 0 0.986361 0.164595 0 0.945817 0.3247 0 1 -1.19249e-08 0 0.986361 0.164595 0 1 -1.19249e-08 0 0.789141 0.614213 0 0.677281 0.735724 0 0.677281 0.735724 0 0.789141 0.614213 0 0.879474 0.475947 0 0.879474 0.475947 0 0.245486 0.9694 0 0.401695 0.915773 0 0.245486 0.9694 0 0.401695 0.915773 0 0.546948 0.837166 0 0.546948 0.837166 0 -0.245486 0.9694 0 -0.245486 0.9694 0 -0.0825793 0.996584 0 0.0825795 0.996584 0 -0.0825793 0.996584 0 0.0825795 0.996584 0 -0.546948 0.837166 0 -0.677282 0.735724 0 -0.677282 0.735724 0 -0.401695 0.915773 0 -0.401695 0.915773 0 -0.546948 0.837166 0 -0.789141 0.614213 0 -0.879474 0.475947 0 -0.789141 0.614213 0 -0.945817 0.3247 0 -0.879474 0.475947 0 -0.945817 0.3247 0 -0.986361 0.164595 0 -0.986361 0.164595 0 -1 4.37114e-08 0 -1 4.37114e-08 -0 -1 -0 -0 -1 -0 -0 -1 -0 -0 -1 -0 0 -0.945817 -0.3247 0 -0.986361 -0.164595 0 -0.945817 -0.3247 0 -1 1.19249e-08 0 -0.986361 -0.164595 0 -1 1.19249e-08 0 -0.789141 -0.614213 0 -0.677281 -0.735724 0 -0.677281 -0.735724 0 -0.789141 -0.614213 0 -0.879474 -0.475947 0 -0.879474 -0.475947 0 -0.245486 -0.9694 0 -0.401695 -0.915773 0 -0.245486 -0.9694 0 -0.401695 -0.915773 0 -0.546948 -0.837166 0 -0.546948 -0.837166 0 0.245486 -0.9694 0 0.245486 -0.9694 0 0.0825793 -0.996584 0 -0.0825795 -0.996584 0 0.0825793 -0.996584 0 -0.0825795 -0.996584 0 0.546948 -0.837166 0 0.677282 -0.735724 0 0.677282 -0.735724 0 0.401695 -0.915773 0 0.401695 -0.915773 0 0.546948 -0.837166 0 0.789141 -0.614213 0 0.879474 -0.475947 0 0.789141 -0.614213 0 0.945817 -0.3247 0 0.879474 -0.475947 0 0.945817 -0.3247 0 0.986361 -0.164595 0 0.986361 -0.164595 0 1 -4.37114e-08 0 1 -4.37114e-08 0 1 0 0 1 0 0 1 0 0 1 0 0 0.945817 0.3247 0 0.986361 0.164595 0 0.945817 0.3247 0 1 -1.19249e-08 0 0.986361 0.164595 0 1 -1.19249e-08 0 0.789141 0.614213 0 0.677281 0.735724 0 0.677281 0.735724 0 0.789141 0.614213 0 0.879474 0.475947 0 0.879474 0.475947 0 0.245486 0.9694 0 0.401695 0.915773 0 0.245486 0.9694 0 0.401695 0.915773 0 0.546948 0.837166 0 0.546948 0.837166 0 -0.245486 0.9694 0 -0.245486 0.9694 0 -0.0825793 0.996584 0 0.0825795 0.996584 0 -0.0825793 0.996584 0 0.0825795 0.996584 0 -0.546948 0.837166 0 -0.677282 0.735724 0 -0.677282 0.735724 0 -0.401695 0.915773 0 -0.401695 0.915773 0 -0.546948 0.837166 0 -0.789141 0.614213 0 -0.879474 0.475947 0 -0.789141 0.614213 0 -0.945817 0.3247 0 -0.879474 0.475947 0 -0.945817 0.3247 0 -0.986361 0.164595 0 -0.986361 0.164595 0 -1 4.37114e-08 0 -1 4.37114e-08 -0 -1 -0 -0 -1 -0 -0 -1 -0 -0 -1 -0 0 -0.945817 -0.3247 0 -0.986361 -0.164595 0 -0.945817 -0.3247 0 -1 1.19249e-08 0 -0.986361 -0.164595 0 -1 1.19249e-08 0 -0.789141 -0.614213 0 -0.677281 -0.735724 0 -0.677281 -0.735724 0 -0.789141 -0.614213 0 -0.879474 -0.475947 0 -0.879474 -0.475947 0 -0.245486 -0.9694 0 -0.401695 -0.915773 0 -0.245486 -0.9694 0 -0.401695 -0.915773 0 -0.546948 -0.837166 0 -0.546948 -0.837166 0 0.245486 -0.9694 0 0.245486 -0.9694 0 0.0825793 -0.996584 0 -0.0825795 -0.996584 0 0.0825793 -0.996584 0 -0.0825795 -0.996584 0 0.546948 -0.837166 0 0.677282 -0.735724 0 0.677282 -0.735724 0 0.401695 -0.915773 0 0.401695 -0.915773 0 0.546948 -0.837166 0 0.789141 -0.614213 0 0.879474 -0.475947 0 0.789141 -0.614213 0 0.945817 -0.3247 0 0.879474 -0.475947 0 0.945817 -0.3247 0 0.986361 -0.164595 0 0.986361 -0.164595 0 1 -4.37114e-08 0 1 -4.37114e-08 0 1 0 0 1 0 0 1 0 0 1 0 0 1 0 0 1 0 0 1 0 0 1 0 0 -0.945817 -0.3247 0 -0.986361 -0.164595 0 -0.945817 -0.3247 0 -1 1.19249e-08 0 -0.986361 -0.164595 0 -1 1.19249e-08 0 -0.789141 -0.614213 0 -0.677281 -0.735724 0 -0.677281 -0.735724 0 -0.789141 -0.614213 0 -0.879474 -0.475947 0 -0.879474 -0.475947 0 -0.245486 -0.9694 0 -0.401695 -0.915773 0 -0.245486 -0.9694 0 -0.401695 -0.915773 0 -0.546948 -0.837166 0 -0.546948 -0.837166 0 0.245486 -0.9694 0 0.245486 -0.9694 0 0.0825793 -0.996584 0 -0.0825795 -0.996584 0 0.0825793 -0.996584 0 -0.0825795 -0.996584 0 0.546948 -0.837166 0 0.677282 -0.735724 0 0.677282 -0.735724 0 0.401695 -0.915773 0 0.401695 -0.915773 0 0.546948 -0.837166 0 0.789141 -0.614213 0 0.879474 -0.475947 0 0.789141 -0.614213 0 0.945817 -0.3247 0 0.879474 -0.475947 0 0.945817 -0.3247 0 0.986361 -0.164595 0 0.986361 -0.164595 0 1 -4.37114e-08 0 1 -4.37114e-08 -0 -1 -0 -0 -1 -0 -0 -1 -0 -0 -1 -0 0 0.945817 0.3247 0 0.986361 0.164595 0 0.945817 0.3247 0 1 -1.19249e-08 0 0.986361 0.164595 0 1 -1.19249e-08 0 0.789141 0.614213 0 0.677281 0.735724 0 0.677281 0.735724 0 0.789141 0.614213 0 0.879474 0.475947 0 0.879474 0.475947 0 0.245486 0.9694 0 0.401695 0.915773 0 0.245486 0.9694 0 0.401695 0.915773 0 0.546948 0.837166 0 0.546948 0.837166 0 -0.245486 0.9694 0 -0.245486 0.9694 0 -0.0825793 0.996584 0 0.0825795 0.996584 0 -0.0825793 0.996584 0 0.0825795 0.996584 0 -0.546948 0.837166 0 -0.677282 0.735724 0 -0.677282 0.735724 0 -0.401695 0.915773 0 -0.401695 0.915773 0 -0.546948 0.837166 0 -0.789141 0.614213 0 -0.879474 0.475947 0 -0.789141 0.614213 0 -0.945817 0.3247 0 -0.879474 0.475947 0 -0.945817 0.3247 0 -0.986361 0.164595 0 -0.986361 0.164595 0 -1 4.37114e-08 0 -1 4.37114e-08 0 1 0 0 1 0 0 1 0 0 1 0 0 -0.945817 -0.3247 0 -0.986361 -0.164595 0 -0.945817 -0.3247 0 -1 1.19249e-08 0 -0.986361 -0.164595 0 -1 1.19249e-08 0 -0.789141 -0.614213 0 -0.677281 -0.735724 0 -0.677281 -0.735724 0 -0.789141 -0.614213 0 -0.879474 -0.475947 0 -0.879474 -0.475947 0 -0.245486 -0.9694 0 -0.401695 -0.915773 0 -0.245486 -0.9694 0 -0.401695 -0.915773 0 -0.546948 -0.837166 0 -0.546948 -0.837166 0 0.245486 -0.9694 0 0.245486 -0.9694 0 0.0825793 -0.996584 0 -0.0825795 -0.996584 0 0.0825793 -0.996584 0 -0.0825795 -0.996584 0 0.546948 -0.837166 0 0.677282 -0.735724 0 0.677282 -0.735724 0 0.401695 -0.915773 0 0.401695 -0.915773 0 0.546948 -0.837166 0 0.789141 -0.614213 0 0.879474 -0.475947 0 0.789141 -0.614213 0 0.945817 -0.3247 0 0.879474 -0.475947 0 0.945817 -0.3247 0 0.986361 -0.164595 0 0.986361 -0.164595 0 1 -4.37114e-08 0 1 -4.37114e-08 -0 -1 -0 -0 -1 -0 -0 -1 -0 -0 -1 -0 0 0.945817 0.3247 0 0.986361 0.164595 0 0.945817 0.3247 0 1 -1.19249e-08 0 0.986361 0.164595 0 1 -1.19249e-08 0 0.789141 0.614213 0 0.677281 0.735724 0 0.677281 0.735724 0 0.789141 0.614213 0 0.879474 0.475947 0 0.879474 0.475947 0 0.245486 0.9694 0 0.401695 0.915773 0 0.245486 0.9694 0 0.401695 0.915773 0 0.546948 0.837166 0 0.546948 0.837166 0 -0.245486 0.9694 0 -0.245486 0.9694 0 -0.0825793 0.996584 0 0.0825795 0.996584 0 -0.0825793 0.996584 0 0.0825795 0.996584 0 -0.546948 0.837166 0 -0.677282 0.735724 0 -0.677282 0.735724 0 -0.401695 0.915773 0 -0.401695 0.915773 0 -0.546948 0.837166 0 -0.789141 0.614213 0 -0.879474 0.475947 0 -0.789141 0.614213 0 -0.945817 0.3247 0 -0.879474 0.475947 0 -0.945817 0.3247 0 -0.986361 0.164595 0 -0.986361 0.164595 0 -1 4.37114e-08 0 -1 4.37114e-08 0 -1 0 0 -1 0 0 -1 0 0 -1 0 0.996584 -0.0825793 0 0.996584 0.0825795 0 0.996584 0.0825795 0 0.9694 0.245486 0 0.9694 0.245486 0 0.915773 0.401695 0 0.915773 0.401695 0 0.837166 0.546948 0 0.837166 0.546948 0 0.735724 0.677281 0 0.735724 0.677281 0 0.614213 0.789141 0 0.614213 0.789141 0 0.475947 0.879474 0 0.475947 0.879474 0 0.3247 0.945817 0 0.3247 0.945817 0 0.164595 0.986361 0 0.164595 0.986361 0 -1.19249e-08 1 0 -1.19249e-08 1 0 0.996584 -0.0825793 0 0.9694 -0.245486 0 0.9694 -0.245486 0 0.915773 -0.401695 0 0.915773 -0.401695 0 0.837166 -0.546948 0 0.837166 -0.546948 0 0.735724 -0.677282 0 0.735724 -0.677282 0 0.614213 -0.789141 0 0.614213 -0.789141 0 0.475947 -0.879474 0 0.475947 -0.879474 0 0.3247 -0.945817 0 0.3247 -0.945817 0 0.164595 -0.986361 0 0.164595 -0.986361 0 4.37114e-08 -1 0 4.37114e-08 -1 0 0 1 0 0 1 0 0 1 0 0 1 0 -0.3247 -0.945817 -0 -0.164595 -0.986361 -0 -0.3247 -0.945817 -0 1.19249e-08 -1 0 -0.164595 -0.986361 -0 1.19249e-08 -1 0 -0.614213 -0.789141 -0 -0.735724 -0.677281 -0 -0.735724 -0.677281 -0 -0.614213 -0.789141 -0 -0.475947 -0.879474 -0 -0.475947 -0.879474 -0 -0.9694 -0.245486 -0 -0.915773 -0.401695 -0 -0.9694 -0.245486 -0 -0.915773 -0.401695 -0 -0.837166 -0.546948 -0 -0.837166 -0.546948 -0 -0.9694 0.245486 0 -0.9694 0.245486 0 -0.996584 0.0825793 0 -0.996584 -0.0825795 -0 -0.996584 0.0825793 0 -0.996584 -0.0825795 -0 -0.837166 0.546948 0 -0.735724 0.677282 0 -0.735724 0.677282 0 -0.915773 0.401695 0 -0.915773 0.401695 0 -0.837166 0.546948 0 -0.614213 0.789141 0 -0.475947 0.879474 0 -0.614213 0.789141 0 -0.3247 0.945817 0 -0.475947 0.879474 0 -0.3247 0.945817 0 -0.164595 0.986361 0 -0.164595 0.986361 0 -4.37114e-08 1 0 -4.37114e-08 1 0 0 -1 0 0 -1 0 0 -1 0 0 -1 0 0.996584 -0.0825793 0 0.996584 0.0825795 0 0.996584 0.0825795 0 0.9694 0.245486 0 0.9694 0.245486 0 0.915773 0.401695 0 0.915773 0.401695 0 0.837166 0.546948 0 0.837166 0.546948 0 0.735724 0.677281 0 0.735724 0.677281 0 0.614213 0.789141 0 0.614213 0.789141 0 0.475947 0.879474 0 0.475947 0.879474 0 0.3247 0.945817 0 0.3247 0.945817 0 0.164595 0.986361 0 0.164595 0.986361 0 -1.19249e-08 1 0 -1.19249e-08 1 0 0.996584 -0.0825793 0 0.9694 -0.245486 0 0.9694 -0.245486 0 0.915773 -0.401695 0 0.915773 -0.401695 0 0.837166 -0.546948 0 0.837166 -0.546948 0 0.735724 -0.677282 0 0.735724 -0.677282 0 0.614213 -0.789141 0 0.614213 -0.789141 0 0.475947 -0.879474 0 0.475947 -0.879474 0 0.3247 -0.945817 0 0.3247 -0.945817 0 0.164595 -0.986361 0 0.164595 -0.986361 0 4.37114e-08 -1 0 4.37114e-08 -1 0 0 1 0 0 1 0 0 1 0 0 1 0 -0.3247 -0.945817 -0 -0.164595 -0.986361 -0 -0.3247 -0.945817 -0 1.1925e-08 -1 0 -0.164595 -0.986361 -0 1.1925e-08 -1 0 -0.614213 -0.789141 -0 -0.735724 -0.677281 -0 -0.735724 -0.677281 -0 -0.614213 -0.789141 -0 -0.475947 -0.879474 -0 -0.475947 -0.879474 -0 -0.9694 -0.245486 -0 -0.915773 -0.401695 -0 -0.9694 -0.245486 -0 -0.915773 -0.401695 -0 -0.837166 -0.546948 -0 -0.837166 -0.546948 -0 -0.9694 0.245486 0 -0.9694 0.245486 0 -0.996584 0.0825793 0 -0.996584 -0.0825795 -0 -0.996584 0.0825793 0 -0.996584 -0.0825795 -0 -0.837166 0.546948 0 -0.735724 0.677282 0 -0.735724 0.677282 0 -0.915773 0.401695 0 -0.915773 0.401695 0 -0.837166 0.546948 0 -0.614213 0.789141 0 -0.475947 0.879474 0 -0.614213 0.789141 0 -0.3247 0.945817 0 -0.475947 0.879474 0 -0.3247 0.945817 0 -0.164595 0.986361 0 -0.164595 0.986361 0 -4.37115e-08 1 0 -4.37115e-08 1 0 0 -1 0 0 -1 0 0 -1 0 0 -1 0 0.996584 -0.0825793 0 0.996584 0.0825795 0 0.996584 0.0825795 0 0.9694 0.245486 0 0.9694 0.245486 0 0.915773 0.401695 0 0.915773 0.401695 0 0.837166 0.546948 0 0.837166 0.546948 0 0.735724 0.677281 0 0.735724 0.677281 0 0.614213 0.789141 0 0.614213 0.789141 0 0.475947 0.879474 0 0.475947 0.879474 0 0.3247 0.945817 0 0.3247 0.945817 0 0.164595 0.986361 0 0.164595 0.986361 0 -1.19249e-08 1 0 -1.19249e-08 1 0 0.996584 -0.0825793 0 0.9694 -0.245486 0 0.9694 -0.245486 0 0.915773 -0.401695 0 0.915773 -0.401695 0 0.837166 -0.546948 0 0.837166 -0.546948 0 0.735724 -0.677282 0 0.735724 -0.677282 0 0.614213 -0.789141 0 0.614213 -0.789141 0 0.475947 -0.879474 0 0.475947 -0.879474 0 0.3247 -0.945817 0 0.3247 -0.945817 0 0.164595 -0.986361 0 0.164595 -0.986361 0 4.37114e-08 -1 0 4.37114e-08 -1 0 0 1 0 0 1 0 0 1 0 0 1 0 -0.3247 -0.945817 -0 -0.164595 -0.986361 -0 -0.3247 -0.945817 -0 1.19249e-08 -1 0 -0.164595 -0.986361 -0 1.19249e-08 -1 0 -0.614213 -0.789141 -0 -0.735724 -0.677281 -0 -0.735724 -0.677281 -0 -0.614213 -0.789141 -0 -0.475947 -0.879474 -0 -0.475947 -0.879474 -0 -0.9694 -0.245486 -0 -0.915773 -0.401695 -0 -0.9694 -0.245486 -0 -0.915773 -0.401695 -0 -0.837166 -0.546948 -0 -0.837166 -0.546948 -0 -0.9694 0.245486 0 -0.9694 0.245486 0 -0.996584 0.0825793 0 -0.996584 -0.0825795 -0 -0.996584 0.0825793 0 -0.996584 -0.0825795 -0 -0.837166 0.546948 0 -0.735724 0.677282 0 -0.735724 0.677282 0 -0.915773 0.401695 0 -0.915773 0.401695 0 -0.837166 0.546948 0 -0.614213 0.789141 0 -0.475947 0.879474 0 -0.614213 0.789141 0 -0.3247 0.945817 0 -0.475947 0.879474 0 -0.3247 0.945817 0 -0.164595 0.986361 0 -0.164595 0.986361 0 -4.37114e-08 1 0 -4.37114e-08 1 0 0 -1 0 0 -1 0 0 -1 0 0 -1 0 0.996584 -0.0825793 0 0.996584 0.0825795 0 0.996584 0.0825795 0 0.9694 0.245486 0 0.9694 0.245486 0 0.915773 0.401695 0 0.915773 0.401695 0 0.837166 0.546948 0 0.837166 0.546948 0 0.735724 0.677281 0 0.735724 0.677281 0 0.614213 0.789141 0 0.614213 0.789141 0 0.475947 0.879474 0 0.475947 0.879474 0 0.3247 0.945817 0 0.3247 0.945817 0 0.164595 0.986361 0 0.164595 0.986361 0 -1.19249e-08 1 0 -1.19249e-08 1 0 0.996584 -0.0825793 0 0.9694 -0.245486 0 0.9694 -0.245486 0 0.915773 -0.401695 0 0.915773 -0.401695 0 0.837166 -0.546948 0 0.837166 -0.546948 0 0.735724 -0.677282 0 0.735724 -0.677282 0 0.614213 -0.789141 0 0.614213 -0.789141 0 0.475947 -0.879474 0 0.475947 -0.879474 0 0.3247 -0.945817 0 0.3247 -0.945817 0 0.164595 -0.986361 0 0.164595 -0.986361 0 4.37114e-08 -1 0 4.37114e-08 -1 0 0 1 0 0 1 0 0 1 0 0 1 0 -0.3247 -0.945817 -0 -0.164595 -0.986361 -0 -0.3247 -0.945817 -0 1.19249e-08 -1 0 -0.164595 -0.986361 -0 1.19249e-08 -1 0 -0.614213 -0.789141 -0 -0.735724 -0.677281 -0 -0.735724 -0.677281 -0 -0.614213 -0.789141 -0 -0.475947 -0.879474 -0 -0.475947 -0.879474 -0 -0.9694 -0.245486 -0 -0.915773 -0.401695 -0 -0.9694 -0.245486 -0 -0.915773 -0.401695 -0 -0.837166 -0.546948 -0 -0.837166 -0.546948 -0 -0.9694 0.245486 0 -0.9694 0.245486 0 -0.996584 0.0825793 0 -0.996584 -0.0825795 -0 -0.996584 0.0825793 0 -0.996584 -0.0825795 -0 -0.837166 0.546948 0 -0.735724 0.677282 0 -0.735724 0.677282 0 -0.915773 0.401695 0 -0.915773 0.401695 0 -0.837166 0.546948 0 -0.614213 0.789141 0 -0.475947 0.879474 0 -0.614213 0.789141 0 -0.3247 0.945817 0 -0.475947 0.879474 0 -0.3247 0.945817 0 -0.164595 0.986361 0 -0.164595 0.986361 0 -4.37114e-08 1 0 -4.37114e-08 1 0 0 -1 0 0 -1 0 0 -1 0 0 -1 0 0.996584 -0.0825793 0 0.996584 0.0825795 0 0.996584 0.0825795 0 0.9694 0.245486 0 0.9694 0.245486 0 0.915773 0.401695 0 0.915773 0.401695 0 0.837166 0.546948 0 0.837166 0.546948 0 0.735724 0.677281 0 0.735724 0.677281 0 0.614213 0.789141 0 0.614213 0.789141 0 0.475947 0.879474 0 0.475947 0.879474 0 0.3247 0.945817 0 0.3247 0.945817 0 0.164595 0.986361 0 0.164595 0.986361 0 -1.19249e-08 1 0 -1.19249e-08 1 0 0.996584 -0.0825793 0 0.9694 -0.245486 0 0.9694 -0.245486 0 0.915773 -0.401695 0 0.915773 -0.401695 0 0.837166 -0.546948 0 0.837166 -0.546948 0 0.735724 -0.677282 0 0.735724 -0.677282 0 0.614213 -0.789141 0 0.614213 -0.789141 0 0.475947 -0.879474 0 0.475947 -0.879474 0 0.3247 -0.945817 0 0.3247 -0.945817 0 0.164595 -0.986361 0 0.164595 -0.986361 0 4.37114e-08 -1 0 4.37114e-08 -1 0 0 1 0 0 1 0 0 1 0 0 1 0 -0.3247 -0.945817 -0 -0.164595 -0.986361 -0 -0.3247 -0.945817 -0 1.19249e-08 -1 0 -0.164595 -0.986361 -0 1.19249e-08 -1 0 -0.614213 -0.789141 -0 -0.735724 -0.677281 -0 -0.735724 -0.677281 -0 -0.614213 -0.789141 -0 -0.475947 -0.879474 -0 -0.475947 -0.879474 -0 -0.9694 -0.245486 -0 -0.915773 -0.401695 -0 -0.9694 -0.245486 -0 -0.915773 -0.401695 -0 -0.837166 -0.546948 -0 -0.837166 -0.546948 -0 -0.9694 0.245486 0 -0.9694 0.245486 0 -0.996584 0.0825793 0 -0.996584 -0.0825795 -0 -0.996584 0.0825793 0 -0.996584 -0.0825795 -0 -0.837166 0.546948 0 -0.735724 0.677282 0 -0.735724 0.677282 0 -0.915773 0.401695 0 -0.915773 0.401695 0 -0.837166 0.546948 0 -0.614213 0.789141 0 -0.475947 0.879474 0 -0.614213 0.789141 0 -0.3247 0.945817 0 -0.475947 0.879474 0 -0.3247 0.945817 0 -0.164595 0.986361 0 -0.164595 0.986361 0 -4.37114e-08 1 0 -4.37114e-08 1 0</float_array>
          <technique_common>
            <accessor count="2664" source="#ID16" stride="3">
              <param name="X" type="float"/>
              <param name="Y" type="float"/>
              <param name="Z" type="float"/>
            </accessor>
          </technique_common>
        </source>
        <vertices id="ID17">
          <input semantic="POSITION" source="#ID13"/>
          <input semantic="NORMAL" source="#ID15"/>
        </vertices>
        <triangles count="2552" material="ID18">
          <input offset="0" semantic="VERTEX" source="#ID17"/>
          <p>0 1 2 3 2 4 5 6 7 8 9 10 11 2 12 2 3 12 13 2 14 2 11 14 15 2 16 2 13 16 2 17 0 2 15 17 18 9 1 2 1 9 19 9 20 9 18 20 21 9 22 9 19 22 23 9 24 9 21 24 9 23 10 25 26 27 8 28 9 28 29 9 30 31 32 29 33 9 32 34 35 36 37 38 39 38 37 36 40 41 41 37 36 40 42 41 5 43 44 43 42 45 7 2 46 44 6 5 7 47 2 7 6 47 48 49 46 7 46 49 50 2 51 2 47 51 4 2 50 52 38 39 40 45 42 53 9 33 45 44 43 54 55 52 52 39 54 55 56 27 56 55 54 25 57 26 56 25 27 35 58 57 26 57 58 31 34 32 34 58 35 59 31 30 59 60 33 60 59 30 60 53 33 61 9 62 53 62 9 63 61 64 61 62 65 61 65 66 67 61 68 61 66 68 69 61 70 61 67 70 71 61 72 61 69 72 61 71 64 46 61 73 63 73 61 74 46 75 46 73 75 76 46 77 46 74 77 78 46 79 46 76 79 80 46 81 46 78 81 82 46 83 46 80 83 48 46 82 84 85 86 87 86 88 89 90 91 92 93 94 95 86 96 86 87 96 97 86 98 86 95 98 99 86 100 86 97 100 86 101 84 86 99 101 102 93 85 86 85 93 103 93 104 93 102 104 105 93 106 93 103 106 107 93 108 93 105 108 93 107 94 109 110 111 92 112 93 112 113 93 114 115 116 113 117 93 116 118 119 120 121 122 123 122 121 120 124 125 125 121 120 124 126 125 89 127 128 127 126 129 91 86 130 128 90 89 91 131 86 91 90 131 132 133 130 91 130 133 134 86 135 86 131 135 88 86 134 136 122 123 124 129 126 137 93 117 129 128 127 138 139 136 136 123 138 139 140 111 140 139 138 109 141 110 140 109 111 119 142 141 110 141 142 115 118 116 118 142 119 143 115 114 143 144 117 144 143 114 144 137 117 145 93 146 137 146 93 147 145 148 145 146 149 145 149 150 151 145 152 145 150 152 153 145 154 145 151 154 155 145 156 145 153 156 145 155 148 130 145 157 147 157 145 158 130 159 130 157 159 160 130 161 130 158 161 162 130 163 130 160 163 164 130 165 130 162 165 166 130 167 130 164 167 132 130 166 168 169 170 171 172 173 174 175 176 169 168 177 175 178 176 179 180 181 182 183 184 185 186 187 188 189 179 190 191 192 193 194 195 190 194 196 195 197 198 195 198 193 199 200 201 197 202 198 203 204 205 206 207 204 208 209 210 208 211 202 208 212 211 208 213 212 214 215 208 208 215 213 216 217 208 208 217 214 218 219 208 208 219 216 220 221 208 208 221 218 208 210 220 222 209 168 208 168 209 223 224 168 168 224 222 225 226 168 168 226 223 227 228 168 168 228 225 170 229 168 168 230 227 168 229 230 190 196 191 192 191 186 231 232 199 199 232 233 234 235 199 199 235 231 236 237 199 199 237 234 199 201 236 204 238 199 200 199 238 239 240 204 204 240 238 202 197 208 241 242 204 204 242 239 243 244 204 204 244 241 204 208 197 204 207 243 204 203 206 205 204 245 246 204 197 245 204 246 196 194 193 185 187 247 192 186 185 188 247 189 187 189 247 179 181 188 180 182 181 172 184 183 183 182 180 178 171 173 171 184 172 174 248 175 178 173 176 168 249 177 248 177 249 248 174 177 199 250 168 249 168 250 251 250 199 233 251 199 252 253 254 255 254 256 257 258 259 260 261 262 263 254 264 254 255 264 265 254 266 254 263 266 267 254 268 254 265 268 254 269 252 254 267 269 270 261 253 254 253 261 271 261 272 261 270 272 273 261 274 261 271 274 275 261 276 261 273 276 261 275 262 277 278 279 260 280 261 280 281 261 282 283 284 281 285 261 284 286 287 288 289 290 291 290 289 288 292 293 293 289 288 292 294 293 257 295 296 295 294 297 259 254 298 296 258 257 259 299 254 259 258 299 300 301 298 259 298 301 302 254 303 254 299 303 256 254 302 304 290 291 292 297 294 305 261 285 297 296 295 306 307 304 304 291 306 307 308 279 308 307 306 277 309 278 308 277 279 287 310 309 278 309 310 283 286 284 286 310 287 311 283 282 311 312 285 312 311 282 312 305 285 313 261 314 305 314 261 315 313 316 313 314 317 313 317 318 319 313 320 313 318 320 321 313 322 313 319 322 323 313 324 313 321 324 313 323 316 298 313 325 315 325 313 326 298 327 298 325 327 328 298 329 298 326 329 330 298 331 298 328 331 332 298 333 298 330 333 334 298 335 298 332 335 300 298 334 336 337 338 339 338 340 341 342 343 344 345 346 347 338 348 338 339 348 349 338 350 338 347 350 351 338 352 338 349 352 338 353 336 338 351 353 354 345 337 338 337 345 355 345 356 345 354 356 357 345 358 345 355 358 359 345 360 345 357 360 345 359 346 361 362 363 344 364 345 364 365 345 366 367 368 365 369 345 368 370 371 372 373 374 375 374 373 372 376 377 377 373 372 376 378 377 341 379 380 379 378 381 343 338 382 380 342 341 343 383 338 343 342 383 384 385 382 343 382 385 386 338 387 338 383 387 340 338 386 388 374 375 376 381 378 389 345 369 381 380 379 390 391 388 388 375 390 391 392 363 392 391 390 361 393 362 392 361 363 371 394 393 362 393 394 367 370 368 370 394 371 395 367 366 395 396 369 396 395 366 396 389 369 397 345 398 389 398 345 399 397 400 397 398 401 397 401 402 403 397 404 397 402 404 405 397 406 397 403 406 407 397 408 397 405 408 397 407 400 382 397 409 399 409 397 410 382 411 382 409 411 412 382 413 382 410 413 414 382 415 382 412 415 416 382 417 382 414 417 418 382 419 382 416 419 384 382 418 420 421 422 423 424 425 426 427 428 421 420 429 427 430 428 431 432 433 434 435 436 437 438 439 440 441 431 442 443 444 445 446 447 442 446 448 447 449 450 447 450 445 451 452 453 449 454 450 455 456 457 458 459 456 460 461 462 460 463 454 460 464 463 460 465 464 466 467 460 460 467 465 468 469 460 460 469 466 470 471 460 460 471 468 472 473 460 460 473 470 460 462 472 474 461 420 460 420 461 475 476 420 420 476 474 477 478 420 420 478 475 479 480 420 420 480 477 422 481 420 420 482 479 420 481 482 442 448 443 444 443 438 483 484 451 451 484 485 486 487 451 451 487 483 488 489 451 451 489 486 451 453 488 456 490 451 452 451 490 491 492 456 456 492 490 454 449 460 493 494 456 456 494 491 495 496 456 456 496 493 456 460 449 456 459 495 456 455 458 457 456 497 498 456 449 497 456 498 448 446 445 437 439 499 444 438 437 440 499 441 439 441 499 431 433 440 432 434 433 424 436 435 435 434 432 430 423 425 423 436 424 426 500 427 430 425 428 420 501 429 500 429 501 500 426 429 451 502 420 501 420 502 503 502 451 485 503 451 504 505 506 507 508 509 510 511 512 505 504 513 511 514 512 515 516 517 518 519 520 521 522 523 524 525 515 526 527 528 529 530 531 526 530 532 531 533 534 531 534 529 535 536 537 533 538 534 539 540 541 542 543 540 544 545 546 544 547 538 544 548 547 544 549 548 550 551 544 544 551 549 552 553 544 544 553 550 554 555 544 544 555 552 556 557 544 544 557 554 544 546 556 558 545 504 544 504 545 559 560 504 504 560 558 561 562 504 504 562 559 563 564 504 504 564 561 506 565 504 504 566 563 504 565 566 526 532 527 528 527 522 567 568 535 535 568 569 570 571 535 535 571 567 572 573 535 535 573 570 535 537 572 540 574 535 536 535 574 575 576 540 540 576 574 538 533 544 577 578 540 540 578 575 579 580 540 540 580 577 540 544 533 540 543 579 540 539 542 541 540 581 582 540 533 581 540 582 532 530 529 521 523 583 528 522 521 524 583 525 523 525 583 515 517 524 516 518 517 508 520 519 519 518 516 514 507 509 507 520 508 510 584 511 514 509 512 504 585 513 584 513 585 584 510 513 535 586 504 585 504 586 587 586 535 569 587 535 588 589 590 591 592 593 594 595 596 589 588 597 595 598 596 599 600 601 602 603 604 605 606 607 608 609 599 610 611 612 613 614 615 610 614 616 615 617 618 615 618 613 619 620 621 617 622 618 623 624 625 626 627 624 628 629 630 628 631 622 628 632 631 628 633 632 634 635 628 628 635 633 636 637 628 628 637 634 638 639 628 628 639 636 640 641 628 628 641 638 628 630 640 642 629 588 628 588 629 643 644 588 588 644 642 645 646 588 588 646 643 647 648 588 588 648 645 590 649 588 588 650 647 588 649 650 610 616 611 612 611 606 651 652 619 619 652 653 654 655 619 619 655 651 656 657 619 619 657 654 619 621 656 624 658 619 620 619 658 659 660 624 624 660 658 622 617 628 661 662 624 624 662 659 663 664 624 624 664 661 624 628 617 624 627 663 624 623 626 625 624 665 666 624 617 665 624 666 616 614 613 605 607 667 612 606 605 608 667 609 607 609 667 599 601 608 600 602 601 592 604 603 603 602 600 598 591 593 591 604 592 594 668 595 598 593 596 588 669 597 668 597 669 668 594 597 619 670 588 669 588 670 671 670 619 653 671 619 672 673 674 675 676 677 678 679 680 681 682 683 673 672 684 685 686 687 682 688 683 689 690 691 692 693 694 695 696 697 698 699 700 701 697 702 703 704 705 705 704 702 703 706 707 703 705 706 708 709 710 711 677 712 713 714 715 713 716 707 713 717 716 713 718 717 719 720 713 713 720 718 721 722 713 713 722 719 723 724 713 713 724 721 725 726 713 713 726 723 713 715 725 727 714 672 713 672 714 728 729 672 672 729 727 730 731 672 672 731 728 732 733 672 672 733 730 674 734 672 672 735 732 672 734 735 697 701 695 696 695 700 736 737 710 710 737 738 739 740 710 710 740 736 741 742 710 710 742 739 710 709 741 677 743 710 708 710 743 744 745 677 677 745 743 706 713 707 677 676 744 746 747 677 677 747 675 748 749 677 677 749 746 713 706 677 677 750 748 677 711 750 751 677 706 712 677 751 701 702 704 699 698 689 696 700 699 690 693 691 698 690 689 694 680 692 693 692 691 687 679 678 678 680 694 688 686 685 686 679 687 681 752 682 688 685 683 672 753 684 752 684 753 752 681 684 754 753 710 672 710 753 755 754 710 738 755 710 756 757 758 759 760 761 762 761 763 764 765 766 767 756 768 769 761 770 761 762 770 771 761 772 761 769 772 773 761 774 761 771 774 761 775 759 761 773 775 776 756 760 761 760 756 777 756 778 756 776 778 779 756 780 756 777 780 781 756 782 756 779 782 756 781 768 756 767 757 783 784 785 786 787 788 758 789 756 788 790 791 792 793 794 795 794 793 792 796 797 797 793 792 795 798 794 796 799 797 800 756 789 801 799 802 766 761 803 804 765 764 766 805 761 766 765 805 806 807 803 766 803 807 761 805 808 763 761 809 761 808 809 796 802 799 810 811 812 802 804 801 804 764 801 813 814 798 798 795 813 814 815 785 815 814 813 783 816 784 815 783 785 791 817 816 784 816 817 787 790 788 790 817 791 818 787 786 818 819 789 819 818 786 819 800 789 810 756 820 800 820 756 811 810 820 821 810 822 823 810 824 810 812 824 825 810 826 810 823 826 827 810 828 810 825 828 810 827 822 803 810 829 821 829 810 830 803 831 803 829 831 832 803 833 803 830 833 834 803 835 803 832 835 836 803 837 803 834 837 803 836 838 806 803 839 803 838 839 840 841 842 841 840 843 844 845 846 844 847 845 848 849 850 849 848 851 852 853 854 852 855 853 856 857 858 856 859 857 860 861 862 860 863 861 864 865 866 866 867 864 868 869 870 868 871 869 872 873 874 873 872 875 876 877 878 876 879 877 880 881 882 881 880 883 884 885 886 885 884 887 888 889 890 889 888 891 892 893 894 892 894 895 896 897 898 899 900 901 897 902 903 898 897 899 904 897 903 905 906 907 908 909 901 910 904 911 907 906 908 909 908 906 896 909 906 906 902 896 897 896 902 899 897 912 901 898 899 897 908 913 908 901 900 908 900 913 897 913 912 914 904 910 915 907 916 905 907 915 903 905 915 915 911 903 904 903 911 917 910 916 918 904 914 907 904 918 917 907 919 907 918 919 916 907 917 910 917 914 920 921 922 923 924 925 926 927 928 929 930 925 925 930 931 932 933 925 925 933 929 925 924 934 925 934 932 925 935 936 923 925 936 937 935 938 925 938 935 939 940 938 938 940 937 941 942 938 938 942 939 943 944 938 938 944 941 945 946 938 938 946 943 947 945 938 938 948 947 949 950 951 952 953 954 955 956 957 958 959 922 920 922 959 960 958 961 958 960 959 961 962 963 963 960 961 964 965 966 920 967 921 968 969 965 965 964 968 928 969 970 968 970 969 971 927 926 926 928 970 972 973 974 971 975 927 931 975 925 971 925 975 976 977 938 966 963 962 964 966 962 978 979 980 955 957 967 921 967 957 955 951 956 949 981 950 951 950 956 981 982 983 982 981 949 984 985 983 983 982 984 953 985 986 984 986 985 987 952 954 954 953 986 987 948 988 988 952 987 948 938 977 988 948 977 989 990 991 990 992 991 993 994 995 996 997 978 979 978 997 998 996 999 996 998 997 999 1000 1001 1001 998 999 1002 1003 1004 1005 1006 938 1007 1008 1004 1004 1003 1007 1009 1008 1010 1007 1010 1008 1009 1011 973 1011 1009 1010 972 925 971 973 1011 974 972 974 925 925 1012 1013 1014 980 979 1002 1001 1000 1003 1002 1000 1015 1016 1014 980 1014 1016 994 1015 995 1015 994 1016 1017 993 995 1017 1018 1019 1019 993 1017 1020 1021 1018 1019 1018 1021 989 1020 990 1020 989 1021 991 992 1022 1022 1023 1024 1023 1022 992 976 1006 1024 1024 1023 976 976 938 1006 1025 1026 1027 1028 1029 1030 938 1031 1005 1032 1033 1034 1035 1036 1026 1027 1026 1036 1037 1035 1038 1035 1037 1036 1038 1039 1040 1040 1037 1038 1041 1042 1043 1044 1005 1031 1045 1046 1043 1043 1042 1045 1047 1046 1048 1045 1048 1046 1047 1049 1050 1049 1047 1048 1051 1012 1050 1050 1049 1051 925 974 1012 1051 1013 1012 1052 1025 1027 1041 1040 1039 1042 1041 1039 1053 1054 1052 1025 1052 1054 1055 1053 1033 1053 1055 1054 1056 1032 1034 1032 1055 1033 1057 1058 1056 1056 1034 1057 1028 1058 1059 1057 1059 1058 1060 1030 1029 1029 1028 1059 1060 1061 1062 1062 1030 1060 1005 1063 1061 1062 1061 1063 1005 1044 1063 1064 1065 1066 1067 1068 1069 1031 1070 1044 1071 1065 1064 1072 1073 1074 1075 1066 1076 1065 1076 1066 1075 1077 1078 1077 1075 1076 1070 1079 1080 1078 1077 1081 1082 1083 1084 1084 1085 1082 1086 1087 1083 1084 1083 1087 1088 1086 1089 1086 1088 1087 1089 1090 1091 1091 1088 1089 1051 1092 1013 1091 1090 1092 1090 1013 1092 1093 1071 1064 1085 1078 1081 1082 1085 1081 1094 1095 1093 1071 1093 1095 1096 1094 1097 1094 1096 1095 1097 1073 1072 1072 1096 1097 1074 1073 1098 1099 1100 1098 1074 1098 1100 1101 1099 1102 1099 1101 1100 1102 1067 1069 1069 1101 1102 1068 1067 1103 1103 1070 1080 1068 1103 1080 1031 1079 1070 1031 1104 1105 1106 1107 1031 1031 1107 1079 1108 1109 1031 1031 1109 1106 1031 1105 1110 1031 1110 1108 1031 1111 1112 1104 1031 1112 1013 1113 1031 1111 1031 1113 1114 1115 1013 1013 1115 1113 1116 1117 1013 1013 1117 1114 1118 1119 1013 1013 1119 1116 1120 1121 1013 1013 1121 1118 1090 1122 1013 1013 1123 1120 1013 1122 1123 1124 1125 1126 1127 1128 1129 1126 1128 1124 1130 1131 1132 1133 1134 1128 1128 1134 1124 1128 1127 1135 1128 1135 1133 1128 1136 1137 1129 1128 1137 1130 1138 1128 1136 1128 1138 1139 1140 1130 1130 1140 1138 1141 1142 1130 1130 1142 1139 1143 1144 1130 1130 1144 1141 1130 1132 1143 1145 1146 1130 1131 1130 1146 1147 1148 1145 1145 1149 1146 1145 1150 1149 1151 1152 1145 1145 1152 1150 1153 1154 1145 1145 1154 1151 1155 1156 1145 1145 1156 1153 1145 1148 1155 1126 1157 1145 1147 1145 1157 1158 1159 1126 1126 1159 1157 1160 1161 1126 1126 1161 1158 1162 1163 1126 1126 1163 1160 1164 1165 1126 1126 1165 1162 1126 1166 1164 1125 1167 1126 1126 1167 1166 1168 1169 1170 1171 1172 1173 1174 1175 1176 1177 1178 1179 1180 1175 1168 1174 1168 1175 1181 1182 1168 1168 1182 1180 1168 1170 1181 1168 1183 1184 1169 1168 1184 1171 1185 1168 1183 1168 1185 1186 1187 1171 1171 1187 1185 1188 1189 1171 1171 1189 1186 1190 1191 1171 1171 1191 1188 1171 1173 1190 1178 1192 1171 1172 1171 1192 1177 1192 1178 1193 1194 1178 1195 1196 1178 1178 1196 1179 1197 1198 1178 1178 1198 1195 1199 1200 1178 1178 1200 1197 1178 1194 1199 1174 1201 1178 1193 1178 1201 1202 1203 1174 1174 1203 1201 1204 1205 1174 1174 1205 1202 1206 1207 1174 1174 1207 1204 1208 1209 1174 1174 1209 1206 1174 1210 1208 1176 1211 1174 1174 1211 1210 1212 1213 1214 1215 1216 1217 1218 1219 1220 1221 1222 1223 1224 1215 1222 1217 1222 1215 1225 1226 1222 1222 1226 1224 1222 1221 1225 1222 1227 1228 1223 1222 1228 1214 1229 1222 1227 1222 1229 1230 1231 1214 1214 1231 1229 1232 1233 1214 1214 1233 1230 1234 1235 1214 1214 1235 1232 1214 1213 1234 1218 1236 1214 1212 1214 1236 1220 1236 1218 1237 1238 1218 1239 1240 1218 1218 1240 1219 1241 1242 1218 1218 1242 1239 1243 1244 1218 1218 1244 1241 1218 1238 1243 1217 1245 1218 1237 1218 1245 1246 1247 1217 1217 1247 1245 1248 1249 1217 1217 1249 1246 1250 1251 1217 1217 1251 1248 1252 1253 1217 1217 1253 1250 1217 1254 1252 1216 1255 1217 1217 1255 1254 1256 1257 1258 1259 1260 1261 1262 1263 1264 1265 1266 1267 1268 1263 1256 1262 1256 1263 1269 1270 1256 1256 1270 1268 1256 1258 1269 1256 1271 1272 1257 1256 1272 1260 1273 1256 1271 1256 1273 1274 1275 1260 1260 1275 1273 1276 1277 1260 1260 1277 1274 1278 1279 1260 1260 1279 1276 1260 1259 1280 1260 1280 1278 1265 1261 1266 1260 1266 1261 1281 1282 1266 1283 1284 1266 1266 1284 1267 1285 1286 1266 1266 1286 1283 1287 1288 1266 1266 1288 1285 1266 1282 1287 1262 1289 1266 1281 1266 1289 1290 1291 1262 1262 1291 1289 1292 1293 1262 1262 1293 1290 1294 1295 1262 1262 1295 1292 1296 1297 1262 1262 1297 1294 1262 1298 1296 1264 1299 1262 1262 1299 1298 1300 1301 1302 1303 1304 1305 1306 1307 1308 1309 1310 1311 1312 1307 1300 1306 1300 1307 1313 1314 1300 1300 1314 1312 1300 1302 1313 1300 1315 1316 1301 1300 1316 1303 1317 1300 1315 1300 1317 1318 1319 1303 1303 1319 1317 1320 1321 1303 1303 1321 1318 1322 1323 1303 1303 1323 1320 1303 1305 1322 1310 1324 1303 1304 1303 1324 1309 1324 1310 1325 1326 1310 1327 1328 1310 1310 1328 1311 1329 1330 1310 1310 1330 1327 1331 1332 1310 1310 1332 1329 1310 1326 1331 1306 1333 1310 1325 1310 1333 1334 1335 1306 1306 1335 1333 1336 1337 1306 1306 1337 1334 1338 1339 1306 1306 1339 1336 1340 1341 1306 1306 1341 1338 1306 1342 1340 1308 1343 1306 1306 1343 1342 1344 1345 1346 1346 1347 1348 1348 1344 1346 1349 1350 1347 1348 1347 1350 1351 1349 1352 1349 1351 1350 1352 1353 1354 1354 1351 1352 1355 1356 1353 1354 1353 1356 1357 1355 1358 1355 1357 1356 1358 1359 1360 1360 1357 1358 1361 1362 1359 1360 1359 1362 1363 1361 1364 1361 1363 1362 1344 1365 1345 1366 1365 1367 1365 1366 1345 1367 1368 1369 1369 1366 1367 1370 1371 1368 1369 1368 1371 1372 1370 1373 1370 1372 1371 1373 1374 1375 1375 1372 1373 1376 1377 1374 1375 1374 1377 1378 1376 1379 1376 1378 1377 1379 1380 1381 1381 1378 1379 1381 1380 1382 1380 1383 1382 1384 1385 1386 1386 1387 1384 1388 1389 1390 1390 1391 1392 1392 1388 1390 1393 1394 1391 1392 1391 1394 1395 1393 1396 1393 1395 1394 1396 1397 1398 1398 1395 1396 1399 1400 1397 1398 1397 1400 1401 1399 1402 1399 1401 1400 1402 1403 1404 1404 1401 1402 1405 1406 1403 1404 1403 1406 1407 1405 1408 1405 1407 1406 1388 1409 1389 1410 1409 1411 1409 1410 1389 1411 1412 1413 1413 1410 1411 1414 1415 1412 1413 1412 1415 1416 1414 1417 1414 1416 1415 1417 1418 1419 1419 1416 1417 1420 1421 1418 1419 1418 1421 1422 1420 1423 1420 1422 1421 1423 1424 1425 1425 1422 1423 1425 1424 1426 1424 1427 1426 1428 1429 1430 1429 1428 1431 1432 1433 1434 1434 1435 1436 1436 1432 1434 1437 1438 1435 1436 1435 1438 1439 1437 1440 1437 1439 1438 1440 1441 1442 1442 1439 1440 1443 1444 1441 1442 1441 1444 1445 1443 1446 1443 1445 1444 1446 1447 1448 1448 1445 1446 1449 1450 1447 1448 1447 1450 1451 1449 1452 1449 1451 1450 1432 1453 1433 1454 1453 1455 1453 1454 1433 1455 1456 1457 1457 1454 1455 1458 1459 1456 1457 1456 1459 1460 1458 1461 1458 1460 1459 1461 1462 1463 1463 1460 1461 1464 1465 1462 1463 1462 1465 1466 1464 1467 1464 1466 1465 1467 1468 1469 1469 1466 1467 1469 1468 1470 1468 1471 1470 1472 1473 1474 1474 1475 1472 1476 1477 1478 1478 1479 1480 1480 1476 1478 1481 1482 1479 1480 1479 1482 1483 1481 1484 1481 1483 1482 1484 1485 1486 1486 1483 1484 1487 1488 1485 1486 1485 1488 1489 1487 1490 1487 1489 1488 1490 1491 1492 1492 1489 1490 1493 1494 1491 1492 1491 1494 1495 1493 1496 1493 1495 1494 1476 1497 1477 1498 1497 1499 1497 1498 1477 1499 1500 1501 1501 1498 1499 1502 1503 1500 1501 1500 1503 1504 1502 1505 1502 1504 1503 1505 1506 1507 1507 1504 1505 1508 1509 1506 1507 1506 1509 1510 1508 1511 1508 1510 1509 1511 1512 1513 1513 1510 1511 1513 1512 1514 1512 1515 1514 1516 1517 1518 1517 1516 1519 1520 1521 1522 1523 1524 1525 1526 1527 1528 1529 1530 1531 1532 1533 1534 1535 1536 1537 1538 1539 1540 1541 1542 1543 1544 1545 1546 1547 1548 1549 1550 1551 1552 1552 1545 1550 1553 1551 1554 1550 1554 1551 1553 1555 1556 1555 1553 1554 1557 1558 1556 1556 1555 1557 1549 1544 1546 1557 1559 1558 1545 1552 1546 1548 1547 1538 1544 1549 1548 1539 1542 1540 1547 1539 1538 1543 1534 1541 1542 1541 1540 1535 1533 1532 1532 1534 1543 1527 1537 1536 1537 1533 1535 1526 1528 1529 1527 1536 1528 1531 1530 1522 1526 1529 1531 1520 1524 1521 1530 1520 1522 1523 1521 1524 1560 1561 1562 1562 1563 1560 1564 1565 1566 1567 1568 1569 1570 1571 1572 1573 1574 1575 1576 1577 1578 1579 1580 1581 1582 1583 1584 1585 1586 1587 1588 1589 1590 1591 1592 1593 1594 1595 1596 1596 1589 1594 1597 1595 1598 1594 1598 1595 1597 1599 1600 1599 1597 1598 1601 1602 1600 1600 1599 1601 1593 1588 1590 1601 1603 1602 1589 1596 1590 1592 1591 1582 1588 1593 1592 1583 1586 1584 1591 1583 1582 1587 1578 1585 1586 1585 1584 1579 1577 1576 1576 1578 1587 1571 1581 1580 1581 1577 1579 1570 1572 1573 1571 1580 1572 1575 1574 1566 1570 1573 1575 1564 1568 1565 1574 1564 1566 1567 1565 1568 1604 1605 1606 1605 1604 1607 1608 1609 1610 1611 1612 1613 1614 1615 1616 1617 1618 1619 1620 1621 1622 1623 1624 1625 1626 1627 1628 1629 1630 1631 1632 1633 1634 1635 1636 1637 1638 1639 1640 1640 1633 1638 1641 1639 1642 1638 1642 1639 1641 1643 1644 1643 1641 1642 1645 1646 1644 1644 1643 1645 1637 1632 1634 1645 1647 1646 1633 1640 1634 1636 1635 1626 1632 1637 1636 1627 1630 1628 1635 1627 1626 1631 1622 1629 1630 1629 1628 1623 1621 1620 1620 1622 1631 1615 1625 1624 1625 1621 1623 1614 1616 1617 1615 1624 1616 1619 1618 1610 1614 1617 1619 1608 1612 1609 1618 1608 1610 1611 1609 1612 1648 1649 1650 1650 1651 1648 1652 1653 1654 1655 1656 1657 1658 1659 1660 1661 1662 1663 1664 1665 1666 1667 1668 1669 1670 1671 1672 1673 1674 1675 1676 1677 1678 1679 1680 1681 1682 1683 1684 1684 1677 1682 1685 1683 1686 1682 1686 1683 1685 1687 1688 1687 1685 1686 1689 1690 1688 1688 1687 1689 1681 1676 1678 1689 1691 1690 1677 1684 1678 1680 1679 1670 1676 1681 1680 1671 1674 1672 1679 1671 1670 1675 1666 1673 1674 1673 1672 1667 1665 1664 1664 1666 1675 1659 1669 1668 1669 1665 1667 1658 1660 1661 1659 1668 1660 1663 1662 1654 1658 1661 1663 1652 1656 1653 1662 1652 1654 1655 1653 1656 1692 1693 1694 1693 1692 1695 1696 1697 1698 1699 1700 1701 1702 1703 1704 1705 1706 1707 1708 1709 1710 1711 1712 1713 1714 1715 1716 1717 1718 1719 1720 1721 1722 1723 1724 1725 1726 1727 1728 1728 1721 1726 1729 1727 1730 1726 1730 1727 1729 1731 1732 1731 1729 1730 1733 1734 1732 1732 1731 1733 1725 1720 1722 1733 1735 1734 1721 1728 1722 1724 1723 1714 1720 1725 1724 1715 1718 1716 1723 1715 1714 1719 1710 1717 1718 1717 1716 1711 1709 1708 1708 1710 1719 1703 1713 1712 1713 1709 1711 1702 1704 1705 1703 1712 1704 1707 1706 1698 1702 1705 1707 1696 1700 1697 1706 1696 1698 1699 1697 1700 1736 1737 1738 1738 1739 1736 1740 1741 1742 1743 1744 1745 1746 1747 1748 1749 1750 1751 1752 1753 1754 1755 1756 1757 1758 1759 1760 1761 1762 1763 1764 1765 1766 1767 1768 1769 1770 1771 1772 1772 1765 1770 1773 1771 1774 1770 1774 1771 1773 1775 1776 1775 1773 1774 1777 1778 1776 1776 1775 1777 1769 1764 1766 1777 1779 1778 1765 1772 1766 1768 1767 1758 1764 1769 1768 1759 1762 1760 1767 1759 1758 1763 1754 1761 1762 1761 1760 1755 1753 1752 1752 1754 1763 1747 1757 1756 1757 1753 1755 1746 1748 1749 1747 1756 1748 1751 1750 1742 1746 1749 1751 1740 1744 1741 1750 1740 1742 1743 1741 1744 1780 1781 1782 1781 1780 1783 1784 1785 1786 1787 1788 1789 1790 1791 1792 1793 1794 1795 1796 1797 1798 1799 1800 1801 1802 1803 1804 1805 1806 1807 1808 1809 1810 1811 1812 1813 1814 1815 1816 1816 1809 1814 1817 1815 1818 1814 1818 1815 1817 1819 1820 1819 1817 1818 1821 1822 1820 1820 1819 1821 1813 1808 1810 1821 1823 1822 1809 1816 1810 1812 1811 1802 1808 1813 1812 1803 1806 1804 1811 1803 1802 1807 1798 1805 1806 1805 1804 1799 1797 1796 1796 1798 1807 1791 1801 1800 1801 1797 1799 1790 1792 1793 1791 1800 1792 1795 1794 1786 1790 1793 1795 1784 1788 1785 1794 1784 1786 1787 1785 1788 1824 1825 1826 1826 1827 1824 1828 1829 1830 1831 1832 1833 1834 1835 1836 1837 1838 1839 1840 1841 1842 1843 1844 1845 1846 1847 1848 1849 1850 1851 1852 1853 1854 1855 1856 1857 1858 1859 1860 1860 1853 1858 1861 1859 1862 1858 1862 1859 1861 1863 1864 1863 1861 1862 1865 1866 1864 1864 1863 1865 1857 1852 1854 1865 1867 1866 1853 1860 1854 1856 1855 1846 1852 1857 1856 1847 1850 1848 1855 1847 1846 1851 1842 1849 1850 1849 1848 1843 1841 1840 1840 1842 1851 1835 1845 1844 1845 1841 1843 1834 1836 1837 1835 1844 1836 1839 1838 1830 1834 1837 1839 1828 1832 1829 1838 1828 1830 1831 1829 1832 1868 1869 1870 1869 1868 1871 1872 1873 1874 1875 1876 1877 1878 1879 1880 1881 1882 1883 1884 1885 1886 1887 1888 1889 1890 1891 1892 1893 1894 1895 1896 1897 1898 1899 1900 1901 1902 1903 1904 1904 1897 1902 1905 1903 1906 1902 1906 1903 1905 1907 1908 1907 1905 1906 1909 1910 1908 1908 1907 1909 1901 1896 1898 1909 1911 1910 1897 1904 1898 1900 1899 1890 1896 1901 1900 1891 1894 1892 1899 1891 1890 1895 1886 1893 1894 1893 1892 1887 1885 1884 1884 1886 1895 1879 1889 1888 1889 1885 1887 1878 1880 1881 1879 1888 1880 1883 1882 1874 1878 1881 1883 1872 1876 1873 1882 1872 1874 1875 1873 1876 1912 1913 1914 1914 1915 1912 1916 1917 1918 1919 1920 1921 1922 1923 1924 1925 1926 1927 1928 1929 1930 1931 1932 1933 1934 1935 1936 1937 1938 1939 1940 1941 1942 1943 1944 1945 1946 1947 1948 1948 1941 1946 1949 1947 1950 1946 1950 1947 1949 1951 1952 1951 1949 1950 1953 1954 1952 1952 1951 1953 1945 1940 1942 1953 1955 1954 1941 1948 1942 1944 1943 1934 1940 1945 1944 1935 1938 1936 1943 1935 1934 1939 1930 1937 1938 1937 1936 1931 1929 1928 1928 1930 1939 1923 1933 1932 1933 1929 1931 1922 1924 1925 1923 1932 1924 1927 1926 1918 1922 1925 1927 1916 1920 1917 1926 1916 1918 1919 1917 1920 1956 1957 1958 1957 1956 1959 1960 1961 1962 1963 1964 1965 1966 1967 1968 1969 1970 1971 1972 1973 1974 1975 1976 1977 1978 1979 1980 1981 1982 1983 1984 1985 1986 1987 1988 1989 1990 1991 1992 1992 1985 1990 1993 1991 1994 1990 1994 1991 1993 1995 1996 1995 1993 1994 1997 1998 1996 1996 1995 1997 1989 1984 1986 1997 1999 1998 1985 1992 1986 1988 1987 1978 1984 1989 1988 1979 1982 1980 1987 1979 1978 1983 1974 1981 1982 1981 1980 1975 1973 1972 1972 1974 1983 1967 1977 1976 1977 1973 1975 1966 1968 1969 1967 1976 1968 1971 1970 1962 1966 1969 1971 1960 1964 1961 1970 1960 1962 1963 1961 1964 2000 2001 2002 2002 2003 2000 2004 2005 2006 2007 2008 2009 2010 2011 2012 2013 2014 2015 2016 2017 2018 2019 2020 2021 2022 2023 2024 2025 2026 2027 2028 2029 2030 2031 2032 2033 2034 2035 2036 2036 2029 2034 2037 2035 2038 2034 2038 2035 2037 2039 2040 2039 2037 2038 2041 2042 2040 2040 2039 2041 2033 2028 2030 2041 2043 2042 2029 2036 2030 2032 2031 2022 2028 2033 2032 2023 2026 2024 2031 2023 2022 2027 2018 2025 2026 2025 2024 2019 2017 2016 2016 2018 2027 2011 2021 2020 2021 2017 2019 2010 2012 2013 2011 2020 2012 2015 2014 2006 2010 2013 2015 2004 2008 2005 2014 2004 2006 2007 2005 2008 2044 2045 2046 2045 2044 2047 2048 2049 2050 2049 2048 2051 2052 2053 2054 2055 2056 2057 2058 2059 2060 2061 2062 2063 2064 2065 2066 2067 2068 2069 2070 2071 2072 2073 2074 2075 2076 2077 2078 2079 2080 2081 2082 2083 2084 2084 2077 2082 2085 2083 2086 2082 2086 2083 2085 2087 2088 2087 2085 2086 2089 2090 2088 2088 2087 2089 2081 2076 2078 2089 2091 2090 2077 2084 2078 2080 2079 2070 2076 2081 2080 2071 2074 2072 2079 2071 2070 2075 2066 2073 2074 2073 2072 2067 2065 2064 2064 2066 2075 2059 2069 2068 2069 2065 2067 2058 2060 2061 2059 2068 2060 2063 2062 2054 2058 2061 2063 2052 2056 2053 2062 2052 2054 2055 2053 2056 2092 2093 2094 2094 2095 2092 2096 2097 2098 2099 2100 2101 2102 2103 2104 2105 2106 2107 2108 2109 2110 2111 2112 2113 2114 2115 2116 2117 2118 2119 2120 2121 2122 2123 2124 2125 2126 2127 2128 2128 2121 2126 2129 2127 2130 2126 2130 2127 2129 2131 2132 2131 2129 2130 2133 2134 2132 2132 2131 2133 2125 2120 2122 2133 2135 2134 2121 2128 2122 2124 2123 2114 2120 2125 2124 2115 2118 2116 2123 2115 2114 2119 2110 2117 2118 2117 2116 2111 2109 2108 2108 2110 2119 2103 2113 2112 2113 2109 2111 2102 2104 2105 2103 2112 2104 2107 2106 2098 2102 2105 2107 2096 2100 2097 2106 2096 2098 2099 2097 2100 2136 2137 2138 2137 2136 2139 2140 2141 2142 2143 2144 2145 2146 2147 2148 2149 2150 2151 2152 2153 2154 2155 2156 2157 2158 2159 2160 2161 2162 2163 2164 2165 2166 2167 2168 2169 2170 2171 2172 2172 2165 2170 2173 2171 2174 2170 2174 2171 2173 2175 2176 2175 2173 2174 2177 2178 2176 2176 2175 2177 2169 2164 2166 2177 2179 2178 2165 2172 2166 2168 2167 2158 2164 2169 2168 2159 2162 2160 2167 2159 2158 2163 2154 2161 2162 2161 2160 2155 2153 2152 2152 2154 2163 2147 2157 2156 2157 2153 2155 2146 2148 2149 2147 2156 2148 2151 2150 2142 2146 2149 2151 2140 2144 2141 2150 2140 2142 2143 2141 2144 2180 2181 2182 2182 2183 2180 2184 2185 2186 2187 2188 2189 2190 2191 2192 2193 2194 2195 2196 2197 2198 2199 2200 2201 2202 2203 2204 2205 2206 2207 2208 2209 2210 2211 2212 2213 2214 2215 2216 2216 2209 2214 2217 2215 2218 2214 2218 2215 2217 2219 2220 2219 2217 2218 2221 2222 2220 2220 2219 2221 2213 2208 2210 2221 2223 2222 2209 2216 2210 2212 2211 2202 2208 2213 2212 2203 2206 2204 2211 2203 2202 2207 2198 2205 2206 2205 2204 2199 2197 2196 2196 2198 2207 2191 2201 2200 2201 2197 2199 2190 2192 2193 2191 2200 2192 2195 2194 2186 2190 2193 2195 2184 2188 2185 2194 2184 2186 2187 2185 2188 2224 2225 2226 2224 2226 2227 2228 2229 2230 2231 2232 2229 2230 2229 2232 2233 2231 2234 2231 2233 2232 2234 2235 2236 2236 2233 2234 2237 2238 2235 2236 2235 2238 2239 2237 2240 2237 2239 2238 2240 2241 2242 2242 2239 2240 2243 2244 2241 2242 2241 2244 2245 2243 2246 2243 2245 2244 2247 2245 2246 2247 2246 2248 2230 2249 2228 2250 2249 2251 2249 2250 2228 2251 2252 2253 2253 2250 2251 2254 2255 2252 2253 2252 2255 2256 2254 2257 2254 2256 2255 2257 2258 2259 2259 2256 2257 2260 2261 2258 2259 2258 2261 2262 2260 2263 2260 2262 2261 2263 2264 2265 2265 2262 2263 2265 2264 2266 2264 2267 2266 2268 2269 2270 2268 2271 2269 2272 2273 2274 2275 2276 2277 2278 2279 2280 2281 2282 2283 2284 2285 2286 2287 2288 2289 2290 2291 2292 2293 2294 2295 2296 2297 2298 2299 2300 2301 2302 2303 2304 2304 2297 2302 2305 2303 2306 2302 2306 2303 2305 2307 2308 2307 2305 2306 2309 2310 2308 2308 2307 2309 2301 2296 2298 2309 2311 2310 2297 2304 2298 2300 2299 2290 2296 2301 2300 2291 2294 2292 2299 2291 2290 2295 2286 2293 2294 2293 2292 2287 2285 2284 2284 2286 2295 2279 2289 2288 2289 2285 2287 2278 2280 2281 2279 2288 2280 2283 2282 2274 2278 2281 2283 2272 2276 2273 2282 2272 2274 2275 2273 2276 2312 2313 2314 2312 2314 2315 2316 2317 2318 2319 2320 2317 2318 2317 2320 2321 2319 2322 2319 2321 2320 2322 2323 2324 2324 2321 2322 2325 2326 2323 2324 2323 2326 2327 2325 2328 2325 2327 2326 2328 2329 2330 2330 2327 2328 2331 2332 2329 2330 2329 2332 2333 2331 2334 2331 2333 2332 2335 2333 2334 2335 2334 2336 2318 2337 2316 2338 2337 2339 2337 2338 2316 2339 2340 2341 2341 2338 2339 2342 2343 2340 2341 2340 2343 2344 2342 2345 2342 2344 2343 2345 2346 2347 2347 2344 2345 2348 2349 2346 2347 2346 2349 2350 2348 2351 2348 2350 2349 2351 2352 2353 2353 2350 2351 2353 2352 2354 2352 2355 2354 2356 2357 2358 2356 2359 2357 2360 2361 2362 2363 2364 2365 2366 2367 2368 2369 2370 2371 2372 2373 2374 2375 2376 2377 2378 2379 2380 2381 2382 2383 2384 2385 2386 2387 2388 2389 2390 2391 2392 2392 2385 2390 2393 2391 2394 2390 2394 2391 2393 2395 2396 2395 2393 2394 2397 2398 2396 2396 2395 2397 2389 2384 2386 2397 2399 2398 2385 2392 2386 2388 2387 2378 2384 2389 2388 2379 2382 2380 2387 2379 2378 2383 2374 2381 2382 2381 2380 2375 2373 2372 2372 2374 2383 2367 2377 2376 2377 2373 2375 2366 2368 2369 2367 2376 2368 2371 2370 2362 2366 2369 2371 2360 2364 2361 2370 2360 2362 2363 2361 2364 2400 2401 2402 2400 2402 2403 2404 2405 2406 2407 2408 2405 2406 2405 2408 2409 2407 2410 2407 2409 2408 2410 2411 2412 2412 2409 2410 2413 2414 2411 2412 2411 2414 2415 2413 2416 2413 2415 2414 2416 2417 2418 2418 2415 2416 2419 2420 2417 2418 2417 2420 2421 2419 2422 2419 2421 2420 2423 2421 2422 2423 2422 2424 2406 2425 2404 2426 2425 2427 2425 2426 2404 2427 2428 2429 2429 2426 2427 2430 2431 2428 2429 2428 2431 2432 2430 2433 2430 2432 2431 2433 2434 2435 2435 2432 2433 2436 2437 2434 2435 2434 2437 2438 2436 2439 2436 2438 2437 2439 2440 2441 2441 2438 2439 2441 2440 2442 2440 2443 2442 2444 2445 2446 2444 2447 2445 2448 2449 2450 2451 2452 2453 2454 2455 2456 2457 2458 2459 2460 2461 2462 2463 2464 2465 2466 2467 2468 2469 2470 2471 2472 2473 2474 2475 2476 2477 2478 2479 2480 2480 2473 2478 2481 2479 2482 2478 2482 2479 2481 2483 2484 2483 2481 2482 2485 2486 2484 2484 2483 2485 2477 2472 2474 2485 2487 2486 2473 2480 2474 2476 2475 2466 2472 2477 2476 2467 2470 2468 2475 2467 2466 2471 2462 2469 2470 2469 2468 2463 2461 2460 2460 2462 2471 2455 2465 2464 2465 2461 2463 2454 2456 2457 2455 2464 2456 2459 2458 2450 2454 2457 2459 2448 2452 2449 2458 2448 2450 2451 2449 2452 2488 2489 2490 2488 2490 2491 2492 2493 2494 2495 2496 2493 2494 2493 2496 2497 2495 2498 2495 2497 2496 2498 2499 2500 2500 2497 2498 2501 2502 2499 2500 2499 2502 2503 2501 2504 2501 2503 2502 2504 2505 2506 2506 2503 2504 2507 2508 2505 2506 2505 2508 2509 2507 2510 2507 2509 2508 2511 2509 2510 2511 2510 2512 2494 2513 2492 2514 2513 2515 2513 2514 2492 2515 2516 2517 2517 2514 2515 2518 2519 2516 2517 2516 2519 2520 2518 2521 2518 2520 2519 2521 2522 2523 2523 2520 2521 2524 2525 2522 2523 2522 2525 2526 2524 2527 2524 2526 2525 2527 2528 2529 2529 2526 2527 2529 2528 2530 2528 2531 2530 2532 2533 2534 2532 2535 2533 2536 2537 2538 2539 2540 2541 2542 2543 2544 2545 2546 2547 2548 2549 2550 2551 2552 2553 2554 2555 2556 2557 2558 2559 2560 2561 2562 2563 2564 2565 2566 2567 2568 2568 2561 2566 2569 2567 2570 2566 2570 2567 2569 2571 2572 2571 2569 2570 2573 2574 2572 2572 2571 2573 2565 2560 2562 2573 2575 2574 2561 2568 2562 2564 2563 2554 2560 2565 2564 2555 2558 2556 2563 2555 2554 2559 2550 2557 2558 2557 2556 2551 2549 2548 2548 2550 2559 2543 2553 2552 2553 2549 2551 2542 2544 2545 2543 2552 2544 2547 2546 2538 2542 2545 2547 2536 2540 2537 2546 2536 2538 2539 2537 2540 2576 2577 2578 2576 2578 2579 2580 2581 2582 2583 2584 2581 2582 2581 2584 2585 2583 2586 2583 2585 2584 2586 2587 2588 2588 2585 2586 2589 2590 2587 2588 2587 2590 2591 2589 2592 2589 2591 2590 2592 2593 2594 2594 2591 2592 2595 2596 2593 2594 2593 2596 2597 2595 2598 2595 2597 2596 2599 2597 2598 2599 2598 2600 2582 2601 2580 2602 2601 2603 2601 2602 2580 2603 2604 2605 2605 2602 2603 2606 2607 2604 2605 2604 2607 2608 2606 2609 2606 2608 2607 2609 2610 2611 2611 2608 2609 2612 2613 2610 2611 2610 2613 2614 2612 2615 2612 2614 2613 2615 2616 2617 2617 2614 2615 2617 2616 2618 2616 2619 2618 2620 2621 2622 2620 2623 2621 2624 2625 2626 2627 2628 2629 2630 2631 2632 2633 2634 2635 2636 2637 2638 2639 2640 2641 2642 2643 2644 2645 2646 2647 2648 2649 2650 2651 2652 2653 2654 2655 2656 2656 2649 2654 2657 2655 2658 2654 2658 2655 2657 2659 2660 2659 2657 2658 2661 2662 2660 2660 2659 2661 2653 2648 2650 2661 2663 2662 2649 2656 2650 2652 2651 2642 2648 2653 2652 2643 2646 2644 2651 2643 2642 2647 2638 2645 2646 2645 2644 2639 2637 2636 2636 2638 2647 2631 2641 2640 2641 2637 2639 2630 2632 2633 2631 2640 2632 2635 2634 2626 2630 2633 2635 2624 2628 2625 2634 2624 2626 2627 2625 2628</p>
        </triangles>
      </mesh>
    </geometry>
    <geometry id="ID20">
      <mesh>
        <source id="ID21">
          <float_array count="144" id="ID22">1.95 0 0 -1.95 0 0.025 1.95 0 0.025 -1.95 0 0 -1.95 0 0.025 -1.95 -0.3 0 -1.95 -0.3 0.025 -1.95 -0.3 0.175 -1.95 -0.325 0.175 -1.95 -0.3 -0.15 -1.95 -0.325 -0.15 -1.95 0 0 1.95 -0.3 0.025 1.95 -0.325 0.175 1.95 -0.325 -0.15 1.95 -0.3 0 1.95 0 0 1.95 0 0.025 1.95 -0.3 -0.15 1.95 -0.3 0.175 -1.95 0 0.025 -1.95 -0.3 0.025 1.95 -0.3 0.025 1.95 0 0.025 -1.95 0 0 1.95 0 0 1.95 -0.3 0 -1.95 -0.3 0 -1.95 -0.3 0 1.95 -0.3 0 1.95 -0.3 -0.15 -1.95 -0.3 -0.15 -1.95 -0.3 0.175 -1.95 -0.325 0.175 1.95 -0.325 0.175 1.95 -0.3 0.175 -1.95 -0.3 -0.15 1.95 -0.3 -0.15 1.95 -0.325 -0.15 -1.95 -0.325 -0.15 -1.95 -0.325 0.175 -1.95 -0.325 -0.15 1.95 -0.325 -0.15 1.95 -0.325 0.175 1.95 -0.3 0.025 -1.95 -0.3 0.175 1.95 -0.3 0.175 -1.95 -0.3 0.025</float_array>
          <technique_common>
            <accessor count="48" source="#ID22" stride="3">
              <param name="X" type="float"/>
              <param name="Y" type="float"/>
              <param name="Z" type="float"/>
            </accessor>
          </technique_common>
        </source>
        <source id="ID23">
          <float_array count="144" id="ID24">0 1 0 0 1 0 0 1 0 0 1 0 -1 -0 -0 -1 -0 -0 -1 -0 -0 -1 -0 -0 -1 -0 -0 -1 -0 -0 -1 -0 -0 -1 -0 -0 1 0 0 1 0 0 1 0 0 1 0 0 1 0 0 1 0 0 1 0 0 1 0 0 0 0 1 0 0 1 0 0 1 0 0 1 -0 -0 -1 -0 -0 -1 -0 -0 -1 -0 -0 -1 0 1 0 0 1 0 0 1 0 0 1 0 0 0 1 0 0 1 0 0 1 0 0 1 -0 -0 -1 -0 -0 -1 -0 -0 -1 -0 -0 -1 0 -1 0 0 -1 0 0 -1 0 0 -1 0 0 1 0 0 1 0 0 1 0 0 1 0</float_array>
          <technique_common>
            <accessor count="48" source="#ID24" stride="3">
              <param name="X" type="float"/>
              <param name="Y" type="float"/>
              <param name="Z" type="float"/>
            </accessor>
          </technique_common>
        </source>
        <vertices id="ID25">
          <input semantic="POSITION" source="#ID21"/>
          <input semantic="NORMAL" source="#ID23"/>
        </vertices>
        <triangles count="28" material="ID10">
          <input offset="0" semantic="VERTEX" source="#ID25"/>
          <p>0 1 2 1 0 3 4 5 6 7 6 8 5 9 10 8 6 10 6 5 10 4 11 5 12 13 14 15 16 17 14 18 15 19 13 12 15 17 12 14 15 12 20 21 22 20 22 23 24 25 26 26 27 24 28 29 30 30 31 28 32 33 34 32 34 35 36 37 38 38 39 36 40 41 42 40 42 43 44 45 46 44 47 45</p>
        </triangles>
      </mesh>
    </geometry>
  </library_geometries>

  <library_visual_scenes>
    <visual_scene id="ID1">
      <node id="ID2" name="Assembly_4x3">
        <node>
          <matrix>1 0 0 5.00657 0 1 0 -2.40341 0 0 1 5.00716 0 0 0 1</matrix>
          <instance_node url="#ID3"/>
        </node>
        <node>
          <matrix>1 0 0 9.05657 0 1 0 -2.40341 0 0 1 5.00716 0 0 0 1</matrix>
          <instance_node url="#ID3"/>
        </node>
        <node>
          <matrix>1 0 0 0.956574 0 1 0 -2.40341 0 0 1 5.00716 0 0 0 1</matrix>
          <instance_node url="#ID3"/>
        </node>
        <node>
          <matrix>1 0 0 17.1566 0 1 0 -2.40341 0 0 1 3.00716 0 0 0 1</matrix>
          <instance_node url="#ID3"/>
        </node>
        <node>
          <matrix>1 0 0 0.856574 0 1 0 -0.403413 0 0 1 0.957158 0 0 0 1</matrix>
          <instance_node url="#ID11"/>
        </node>
        <node>
          <matrix>1 0 0 13.1066 0 1 0 -2.50341 0 0 1 3.00716 0 0 0 1</matrix>
          <instance_node url="#ID19"/>
        </node>
        <node>
          <matrix>1 0 0 13.1066 0 1 0 -2.40341 0 0 1 4.00716 0 0 0 1</matrix>
          <instance_node url="#ID3"/>
        </node>
        <node>
          <matrix>1 0 0 9.05657 0 1 0 -2.50341 0 0 1 2.00716 0 0 0 1</matrix>
          <instance_node url="#ID19"/>
        </node>
        <node>
          <matrix>1 0 0 17.1566 0 1 0 -2.50341 0 0 1 3.00716 0 0 0 1</matrix>
          <instance_node url="#ID19"/>
        </node>
        <node>
          <matrix>1 0 0 9.05657 0 1 0 -2.50341 0 0 1 4.00716 0 0 0 1</matrix>
          <instance_node url="#ID19"/>
        </node>
        <node>
          <matrix>1 0 0 5.00657 0 1 0 -2.40341 0 0 1 3.00716 0 0 0 1</matrix>
          <instance_node url="#ID3"/>
        </node>
        <node>
          <matrix>1 0 0 0.956574 0 1 0 -2.50341 0 0 1 2.00716 0 0 0 1</matrix>
          <instance_node url="#ID19"/>
        </node>
        <node>
          <matrix>1 0 0 13.1066 0 1 0 -2.50341 0 0 1 2.00716 0 0 0 1</matrix>
          <instance_node url="#ID19"/>
        </node>
        <node>
          <matrix>1 0 0 0.956574 0 1 0 -2.50341 0 0 1 5.00716 0 0 0 1</matrix>
          <instance_node url="#ID19"/>
        </node>
        <node>
          <matrix>1 0 0 0.956574 0 1 0 -2.40341 0 0 1 2.00716 0 0 0 1</matrix>
          <instance_node url="#ID3"/>
        </node>
        <node>
          <matrix>1 0 0 0.956574 0 1 0 -2.40341 0 0 1 4.00716 0 0 0 1</matrix>
          <instance_node url="#ID3"/>
        </node>
        <node>
          <matrix>1 0 0 17.1566 0 1 0 -2.50341 0 0 1 4.00716 0 0 0 1</matrix>
          <instance_node url="#ID19"/>
        </node>
        <node>
          <matrix>1 0 0 0.956574 0 1 0 -2.50341 0 0 1 3.00716 0 0 0 1</matrix>
          <instance_node url="#ID19"/>
        </node>
        <node>
          <matrix>1 0 0 5.00657 0 1 0 -2.40341 0 0 1 2.00716 0 0 0 1</matrix>
          <instance_node url="#ID3"/>
        </node>
        <node>
          <matrix>1 0 0 5.00657 0 1 0 -2.40341 0 0 1 4.00716 0 0 0 1</matrix>
          <instance_node url="#ID3"/>
        </node>
        <node>
          <matrix>1 0 0 0.956574 0 1 0 -2.50341 0 0 1 4.00716 0 0 0 1</matrix>
          <instance_node url="#ID19"/>
        </node>
        <node>
          <matrix>1 0 0 0.956574 0 1 0 -2.40341 0 0 1 3.00716 0 0 0 1</matrix>
          <instance_node url="#ID3"/>
        </node>
        <node>
          <matrix>1 0 0 9.05657 0 1 0 -2.50341 0 0 1 5.00716 0 0 0 1</matrix>
          <instance_node url="#ID19"/>
        </node>
        <node>
          <matrix>1 0 0 5.00657 0 1 0 -2.50341 0 0 1 3.00716 0 0 0 1</matrix>
          <instance_node url="#ID19"/>
        </node>
        <node>
          <matrix>1 0 0 13.1066 0 1 0 -2.40341 0 0 1 5.00716 0 0 0 1</matrix>
          <instance_node url="#ID3"/>
        </node>
        <node>
          <matrix>1 0 0 17.1566 0 1 0 -2.40341 0 0 1 4.00716 0 0 0 1</matrix>
          <instance_node url="#ID3"/>
        </node>
        <node>
          <matrix>1 0 0 5.00657 0 1 0 -2.50341 0 0 1 4.00716 0 0 0 1</matrix>
          <instance_node url="#ID19"/>
        </node>
        <node>
          <matrix>1 0 0 13.1066 0 1 0 -2.40341 0 0 1 2.00716 0 0 0 1</matrix>
          <instance_node url="#ID3"/>
        </node>
        <node>
          <matrix>1 0 0 13.1066 0 1 0 -2.50341 0 0 1 5.00716 0 0 0 1</matrix>
          <instance_node url="#ID19"/>
        </node>
        <node>
          <matrix>1 0 0 9.05657 0 1 0 -2.50341 0 0 1 3.00716 0 0 0 1</matrix>
          <instance_node url="#ID19"/>
        </node>
        <node>
          <matrix>1 0 0 9.05657 0 1 0 -2.40341 0 0 1 3.00716 0 0 0 1</matrix>
          <instance_node url="#ID3"/>
        </node>
        <node>
          <matrix>1 0 0 13.1066 0 1 0 -2.50341 0 0 1 4.00716 0 0 0 1</matrix>
          <instance_node url="#ID19"/>
        </node>
        <node>
          <matrix>1 0 0 17.1566 0 1 0 -2.50341 0 0 1 5.00716 0 0 0 1</matrix>
          <instance_node url="#ID19"/>
        </node>
        <node>
          <matrix>1 0 0 17.1566 0 1 0 -2.40341 0 0 1 2.00716 0 0 0 1</matrix>
          <instance_node url="#ID3"/>
        </node>
        <node>
          <matrix>1 0 0 9.05657 0 1 0 -2.40341 0 0 1 2.00716 0 0 0 1</matrix>
          <instance_node url="#ID3"/>
        </node>
        <node>
          <matrix>1 0 0 13.1066 0 1 0 -2.40341 0 0 1 3.00716 0 0 0 1</matrix>
          <instance_node url="#ID3"/>
        </node>
        <node>
          <matrix>1 0 0 9.05657 0 1 0 -2.40341 0 0 1 4.00716 0 0 0 1</matrix>
          <instance_node url="#ID3"/>
        </node>
        <node>
          <matrix>1 0 0 5.00657 0 1 0 -2.50341 0 0 1 2.00716 0 0 0 1</matrix>
          <instance_node url="#ID19"/>
        </node>
        <node>
          <matrix>1 0 0 17.1566 0 1 0 -2.40341 0 0 1 5.00716 0 0 0 1</matrix>
          <instance_node url="#ID3"/>
        </node>
        <node>
          <matrix>1 0 0 5.00657 0 1 0 -2.50341 0 0 1 5.00716 0 0 0 1</matrix>
          <instance_node url="#ID19"/>
        </node>
        <node>
          <matrix>1 0 0 17.1566 0 1 0 -2.50341 0 0 1 2.00716 0 0 0 1</matrix>
          <instance_node url="#ID19"/>
        </node>
      </node>
    </visual_scene>
  </library_visual_scenes>

  <scene>
    <instance_visual_scene url="#ID1"/>
  </scene>

  <library_nodes>
    <node id="ID3" name="Part 2">
      <instance_geometry url="#ID4">
        <bind_material>
          <technique_common>
            <instance_material symbol="ID10" target="#ID10"/>
          </technique_common>
        </bind_material>
      </instance_geometry>
    </node>
    <node id="ID11" name="Part 1">
      <instance_geometry url="#ID12">
        <bind_material>
          <technique_common>
            <instance_material symbol="ID18" target="#ID18"/>
          </technique_common>
        </bind_material>
      </instance_geometry>
    </node>
    <node id="ID19" name="Part 1">
      <instance_geometry url="#ID20">
        <bind_material>
          <technique_common>
            <instance_material symbol="ID10" target="#ID10"/>
          </technique_common>
        </bind_material>
      </instance_geometry>
    </node>
  </library_nodes>

</COLLADA>
