<?xml version="1.0" encoding="utf-8"?>
<COLLADA xmlns="http://www.collada.org/2005/11/COLLADASchema" version="1.4.1" xmlns:xsi="http://www.w3.org/2001/XMLSchema-instance">
  <asset>
    <contributor>
      <author>Blender User</author>
      <authoring_tool>Blender 4.3.2 commit date:2024-12-16, commit time:21:10, hash:32f5fdce0a0a</authoring_tool>
    </contributor>
    <created>2026-05-08T12:32:56</created>
    <modified>2026-05-08T12:32:56</modified>
    <unit name="meter" meter="1"/>
    <up_axis>Z_UP</up_axis>
  </asset>
  <library_images/>
  <library_geometries>
    <geometry id="pipeline2-mesh" name="pipeline2">
      <mesh>
        <source id="pipeline2-mesh-positions">
          <float_array id="pipeline2-mesh-positions-array" count="5904">0 116.9873 800 0 185.2826 961.6809 0 300 983.0127 0 418.3764 1084.018 0 550 1050 0 550 1100 0 800 983.0127 0 681.6236 1084.018 0 914.7175 961.6809 0 983.0127 800 0 1064.259 745.0327 0 1050 550 0 1095.99 483.7048 0 983.0127 300 0 1002.641 237.5644 0 800 116.9873 0 805.5978 62.99919 0 550 50.00001 0 550 0 0 300 116.9873 0 294.4023 62.99919 0 116.9873 300 0 97.35888 237.5644 0 50.00001 550 0 4.010141 483.7048 0 35.74109 745.0327 15050 983.0127 800 15050 914.7175 961.6809 15050 800 983.0127 15050 681.6236 1084.018 15050 550 1050 15050 550 1100 15050 300 983.0127 15050 418.3764 1084.018 15050 185.2826 961.6809 15050 116.9873 800 15050 35.74109 745.0327 15050 50.00001 550 15050 4.010141 483.7048 15050 116.9873 300 15050 97.35888 237.5644 15050 300 116.9873 15050 294.4023 62.99919 15050 550 50.00001 15050 550 0 15050 800 116.9873 15050 805.5978 62.99919 15050 983.0127 300 15050 1002.641 237.5644 15050 1050 550 15050 1095.99 483.7048 15050 1064.259 745.0327 1533.692 454.4935 8.355737 1533.692 128.6756 196.4668 1533.692 275 73.68604 1533.692 295.5673 66.20017 1533.692 11.4581 485.0181 1533.692 33.16909 361.8889 1533.692 103.0506 240.8505 1533.692 0 550 1533.692 33.16909 738.1111 1533.692 36.8092 744.416 1533.692 128.6756 903.5332 1533.692 190.5261 955.432 1533.692 275 1026.314 1533.692 420.1503 1079.144 1533.692 454.4935 1091.644 1533.692 645.5065 1091.644 1533.692 679.8497 1079.144 1533.692 825 1026.314 1533.692 909.4739 955.432 1533.692 971.3245 903.5332 1533.692 1063.191 744.416 1533.692 1066.831 738.1111 1533.692 1100 550 1533.692 1088.542 485.0181 1533.692 1066.831 361.8889 1533.692 825 73.68604 1533.692 971.3245 196.4668 1533.692 996.9494 240.8505 1533.692 804.4327 66.20017 1533.692 645.5065 8.355737 1533.692 550 0 1631.09 1110.667 550 1638.269 1078.284 738.1111 1878.412 1260.746 550 1807.635 1192.991 550 1903.821 1239.425 738.1111 1827.827 1166.676 738.1111 1975.044 974.8189 1026.314 2063.317 1105.593 998.0995 1885.968 1090.906 903.5332 1976.984 1178.035 903.5332 1931.92 1215.847 801.643 1658.941 985.0414 903.5332 1690.611 842.1854 1026.314 1729.461 666.9466 1091.644 1770.803 480.4614 1091.644 2200.594 680.8763 1091.644 2248.952 949.8261 1091.644 2084.313 832.4171 1091.644 2226.575 968.6028 1091.644 2089.075 1083.979 1026.314 2309.863 538.4745 1026.314 2446.964 783.6739 1056.454 2372.899 845.822 1091.644 1809.653 305.2226 1026.314 2398.94 422.3875 903.5332 2613.936 643.5678 912.9028 2510.399 730.4458 1026.314 1841.323 162.3666 903.5332 1861.995 69.12402 738.1111 1869.174 36.74119 550 2477.272 320.3023 550 2703.449 568.4575 680.3878 2457.081 346.6171 738.1111 2695.652 574.9999 738.1111 2622.49 636.3903 903.5332 2457.081 346.6171 361.8889 2703.449 568.4575 419.6123 2721.061 553.6792 550 1861.995 69.12402 361.8889 1841.323 162.3666 196.4668 1809.653 305.2226 73.68604 2309.863 538.4745 73.68604 2613.936 643.5678 187.0972 2398.94 422.3875 196.4668 2622.49 636.3903 196.4668 2695.652 574.9999 361.8889 2200.594 680.8763 8.355737 2446.964 783.6739 43.54632 2510.399 730.4458 73.68604 1770.803 480.4614 8.355737 2084.313 832.4171 8.355737 2248.952 949.8261 8.355737 2372.899 845.822 8.355737 1729.461 666.9466 8.355737 1931.92 1215.847 298.3571 1976.984 1178.035 196.4668 1885.968 1090.906 196.4668 2063.317 1105.593 101.9005 1975.044 974.8189 73.68604 2089.075 1083.979 73.68604 2226.575 968.6028 8.355737 1723.87 1142.161 550 1737.888 1112.1 738.1111 1778.251 1025.542 903.5332 1840.091 892.9269 1026.314 1915.948 730.2505 1091.644 1996.673 557.134 1091.644 2072.531 394.4576 1026.314 2134.37 261.8426 903.5332 2174.733 175.2843 738.1111 2188.751 145.2229 550 2174.733 175.2843 361.8889 2134.37 261.8426 196.4668 2072.531 394.4576 73.68604 1996.673 557.134 8.355737 1915.948 730.2505 8.355737 1840.091 892.9269 73.68604 1778.251 1025.542 196.4668 1690.611 842.1854 73.68604 1658.941 985.0414 196.4668 1903.821 1239.425 361.8889 1827.827 1166.676 361.8889 1737.888 1112.1 361.8889 1638.269 1078.284 361.8889 2721.527 2213.929 738.1111 2749.626 2190.351 801.643 2794.689 2152.539 903.5332 2881.022 2080.096 998.0995 2906.781 2058.483 1026.314 3044.281 1943.107 1091.644 3066.657 1924.33 1091.644 3190.605 1820.326 1091.644 3264.67 1758.178 1056.454 3328.105 1704.95 1026.314 3431.642 1618.072 912.9028 3440.196 1610.894 903.5332 3513.358 1549.504 738.1111 3521.155 1542.961 680.3878 3538.767 1528.183 550 3521.155 1542.961 419.6123 3513.358 1549.504 361.8889 3440.196 1610.894 196.4668 3431.642 1618.072 187.0972 3328.105 1704.95 73.68604 3264.67 1758.178 43.54632 3190.605 1820.326 8.355737 3066.657 1924.33 8.355737 3044.281 1943.107 8.355737 2906.781 2058.483 73.68604 2881.022 2080.096 101.9005 2794.689 2152.539 196.4668 2749.626 2190.351 298.3571 2721.527 2213.929 361.8889 2696.118 2235.25 550 3531.212 1698.023 196.4668 3589.352 1622.253 361.8889 3883.487 1700.387 485.0181 3883.487 1688.929 550 3786.089 1678.262 550 3609.544 1595.938 550 3883.487 1722.098 361.8889 3778.91 1710.645 361.8889 3883.487 1791.979 240.8505 3758.239 1803.887 196.4668 3883.487 1817.604 196.4668 3442.135 1814.11 73.68604 3883.487 1963.929 73.68604 3726.568 1946.743 73.68604 3883.487 1984.496 66.20017 3687.719 2121.982 8.355737 3883.487 2143.422 8.355737 3332.866 1956.512 8.355737 3883.487 2238.929 8.355737 3646.376 2308.467 8.355737 3883.487 2334.435 8.355737 3216.585 2108.052 8.355737 3107.316 2250.454 73.68604 3883.487 2493.361 66.20017 3607.527 2483.706 73.68604 3883.487 2513.929 73.68604 3018.24 2366.541 196.4668 3883.487 2660.253 196.4668 3575.856 2626.562 196.4668 3883.487 2685.878 240.8505 3555.185 2719.805 361.8889 3883.487 2755.76 361.8889 3883.487 2777.471 485.0181 3548.006 2752.187 550 3883.487 2788.929 550 2960.099 2442.312 361.8889 2939.907 2468.626 550 2960.099 2442.312 738.1111 3883.487 2755.76 738.1111 3555.185 2719.805 738.1111 3883.487 2752.12 744.416 3575.856 2626.562 903.5332 3883.487 2660.253 903.5332 3018.24 2366.541 903.5332 3883.487 2598.403 955.432 3607.527 2483.706 1026.314 3883.487 2513.929 1026.314 3107.316 2250.454 1026.314 3216.585 2108.052 1091.644 3883.487 2368.779 1079.144 3646.376 2308.467 1091.644 3883.487 2334.435 1091.644 3332.866 1956.512 1091.644 3883.487 2143.422 1091.644 3687.719 2121.982 1091.644 3883.487 2109.079 1079.144 3726.568 1946.743 1026.314 3883.487 1963.929 1026.314 3442.135 1814.11 1026.314 3883.487 1722.098 738.1111 3778.91 1710.645 738.1111 3883.487 1725.738 744.416 3758.239 1803.887 903.5332 3883.487 1817.604 903.5332 3883.487 1879.455 955.432 3693.309 1646.767 550 3679.291 1676.829 361.8889 3638.928 1763.387 196.4668 3577.089 1896.002 73.68604 3501.232 2058.678 8.355737 3420.506 2231.795 8.355737 3344.649 2394.471 73.68604 3282.81 2527.086 196.4668 3242.447 2613.645 361.8889 3228.429 2643.706 550 3242.447 2613.645 738.1111 3282.81 2527.086 903.5332 3344.649 2394.471 1026.314 3420.506 2231.795 1091.644 3501.232 2058.678 1091.644 3577.089 1896.002 1026.314 3638.928 1763.387 903.5332 3679.291 1676.829 738.1111 3531.212 1698.023 903.5332 3589.352 1622.253 738.1111 4396.613 2334.435 8.355737 4396.613 2238.929 0 4396.613 2143.422 8.355737 4396.613 1984.496 66.20017 4396.613 1963.929 73.68604 4396.613 1817.604 196.4668 4396.613 1791.979 240.8505 4396.613 1722.098 361.8889 4396.613 1700.387 485.0181 4396.613 1688.929 550 4396.613 1722.098 738.1111 4396.613 1725.738 744.416 4396.613 1817.604 903.5332 4396.613 1879.455 955.432 4396.613 1963.929 1026.314 4396.613 2109.079 1079.144 4396.613 2143.422 1091.644 4396.613 2334.435 1091.644 4396.613 2368.779 1079.144 4396.613 2513.929 1026.314 4396.613 2598.403 955.432 4396.613 2660.253 903.5332 4396.613 2752.12 744.416 4396.613 2755.76 738.1111 4396.613 2788.929 550 4396.613 2777.471 485.0181 4396.613 2755.76 361.8889 4396.613 2685.878 240.8505 4396.613 2660.253 196.4668 4396.613 2513.929 73.68604 4396.613 2493.361 66.20017 4765.23 1497.038 550 4709.208 1562.632 550 4784.064 1510.225 419.6123 4732.25 1586.492 361.8889 4482.477 1680.661 550 4488.805 1713.221 361.8889 4507.029 1806.972 196.4668 4534.949 1950.608 73.68604 4900.24 1760.45 73.68604 4879.783 1577.248 187.0972 4798.594 1655.193 196.4668 4870.636 1570.843 196.4668 4792.401 1516.063 361.8889 5024.927 1889.567 8.355737 5058.33 1702.269 43.54632 4990.498 1654.772 73.68604 4569.198 2126.804 8.355737 5157.615 2026.97 8.355737 5270.07 1850.531 8.355737 5137.53 1757.725 8.355737 4605.645 2314.308 8.355737 4639.894 2490.503 73.68604 4667.814 2634.139 196.4668 5383.947 2261.344 196.4668 5468.575 1989.525 101.9005 5282.302 2156.087 73.68604 5441.031 1970.239 73.68604 5293.999 1867.285 8.355737 5450.291 2330.046 361.8889 5609.081 2087.908 298.3571 5560.893 2054.167 196.4668 4686.038 2727.891 361.8889 4692.367 2760.451 550 4686.038 2727.891 738.1111 5383.947 2261.344 903.5332 5609.081 2087.908 801.643 5450.291 2330.046 738.1111 5639.128 2108.947 738.1111 5473.333 2353.906 550 5666.298 2127.972 550 5639.128 2108.947 361.8889 4667.814 2634.139 903.5332 5282.302 2156.087 1026.314 5468.575 1989.525 998.0995 5560.893 2054.167 903.5332 4639.894 2490.503 1026.314 4605.645 2314.308 1091.644 4569.198 2126.804 1091.644 5024.927 1889.567 1091.644 5270.07 1850.531 1091.644 5157.615 2026.97 1091.644 5293.999 1867.285 1091.644 5441.031 1970.239 1026.314 4900.24 1760.45 1026.314 5058.33 1702.269 1056.454 5137.53 1757.725 1091.644 4534.949 1950.608 1026.314 4798.594 1655.193 903.5332 4879.783 1577.248 912.9028 4990.498 1654.772 1026.314 4641.7 1616.331 550 4659.765 1644.148 361.8889 4711.782 1724.247 196.4668 4791.476 1846.965 73.68604 4889.235 1997.501 8.355737 4993.268 2157.698 8.355737 5091.027 2308.234 73.68604 5170.721 2430.952 196.4668 5222.738 2511.05 361.8889 5240.803 2538.868 550 5222.738 2511.05 738.1111 5170.721 2430.952 903.5332 5091.027 2308.234 1026.314 4993.268 2157.698 1091.644 4889.235 1997.501 1091.644 4791.476 1846.965 1026.314 4711.782 1724.247 903.5332 4732.25 1586.492 738.1111 4565.186 1656.161 550 4577.611 1686.915 361.8889 4613.388 1775.467 196.4668 4668.203 1911.137 73.68604 4735.442 2077.561 8.355737 4806.997 2254.665 8.355737 4874.236 2421.088 73.68604 4929.05 2556.758 196.4668 4964.828 2645.31 361.8889 4977.252 2676.064 550 4964.828 2645.31 738.1111 4929.05 2556.758 903.5332 4874.236 2421.088 1026.314 4806.997 2254.665 1091.644 4735.442 2077.561 1091.644 4668.203 1911.137 1026.314 4613.388 1775.467 903.5332 4507.029 1806.972 903.5332 4659.765 1644.148 738.1111 4577.611 1686.915 738.1111 4488.805 1713.221 738.1111 4784.064 1510.225 680.3878 4792.401 1516.063 738.1111 4870.636 1570.843 903.5332 5979.485 1622.866 738.1111 6006.656 1641.891 550 5979.485 1622.866 361.8889 5949.439 1601.827 298.3571 5901.251 1568.085 196.4668 5808.933 1503.443 101.9005 5781.389 1484.157 73.68604 5634.357 1381.204 8.355737 5610.428 1364.449 8.355737 5477.888 1271.643 8.355737 5398.688 1216.187 43.54632 5330.856 1168.69 73.68604 5220.141 1091.166 187.0972 5210.994 1084.762 196.4668 5132.76 1029.982 361.8889 5124.422 1024.144 419.6123 5105.589 1010.957 550 5124.422 1024.144 680.3878 5132.76 1029.982 738.1111 5210.994 1084.762 903.5332 5220.141 1091.166 912.9028 5330.856 1168.69 1026.314 5398.688 1216.187 1056.454 5477.888 1271.643 1091.644 5610.428 1364.449 1091.644 5634.357 1381.204 1091.644 5781.389 1484.157 1026.314 5808.933 1503.443 998.0995 5901.251 1568.085 903.5332 5949.439 1601.827 801.643 6039.637 1552.437 361.8889 6375.274 1346.949 240.8505 6375.274 1321.324 196.4668 6264.858 1331.956 196.4668 6039.637 1552.437 738.1111 6062.678 1576.297 550 5973.293 1483.736 903.5332 6264.858 1331.956 903.5332 6236.938 1188.32 1026.314 6375.274 1259.474 955.432 5871.647 1378.479 1026.314 5746.96 1249.362 1091.644 6202.689 1012.125 1091.644 6375.274 1029.85 1079.144 6375.274 1175 1026.314 5614.271 1111.959 1091.644 6131.993 648.4254 1026.314 6375.274 770.1503 1079.144 6166.242 824.621 1091.644 6375.274 804.4935 1091.644 6375.274 995.5065 1091.644 5489.585 982.8417 1026.314 6104.073 504.7893 903.5332 6375.274 540.5261 955.432 6375.274 625 1026.314 5387.939 877.5848 903.5332 5321.595 808.8831 738.1111 6085.85 411.0375 738.1111 6375.274 386.8092 744.416 6375.274 478.6756 903.5332 5298.554 785.0233 550 6085.85 411.0375 361.8889 6375.274 361.4581 485.0181 6079.52 378.4779 550 6375.274 350 550 6375.274 383.1691 738.1111 5321.595 808.8831 361.8889 5387.939 877.5848 196.4668 6104.073 504.7893 196.4668 6375.274 453.0506 240.8505 6375.274 383.1691 361.8889 5489.585 982.8417 73.68604 6166.242 824.621 8.355737 6375.274 645.5673 66.20017 6131.993 648.4254 73.68604 6375.274 625 73.68604 6375.274 478.6756 196.4668 5614.271 1111.959 8.355737 6202.689 1012.125 8.355737 6375.274 900 8.355737 6375.274 804.4935 8.355737 6375.274 1175 73.68604 6236.938 1188.32 73.68604 6375.274 1154.433 66.20017 6375.274 995.5065 8.355737 6289.411 1458.268 550 6206.702 1482.767 550 6283.082 1425.708 738.1111 6194.276 1452.013 738.1111 6158.499 1363.461 903.5332 6103.685 1227.792 1026.314 6036.445 1061.368 1091.644 5964.891 884.2641 1091.644 5897.651 717.8406 1026.314 5842.837 582.171 903.5332 5807.06 493.6189 738.1111 5794.634 462.8651 550 5807.06 493.6189 361.8889 5842.837 582.171 196.4668 5897.651 717.8406 73.68604 5964.891 884.2641 8.355737 6036.445 1061.368 8.355737 6103.685 1227.792 73.68604 6130.187 1522.598 550 6112.122 1494.78 738.1111 6060.105 1414.682 903.5332 5980.411 1291.964 1026.314 5882.652 1141.428 1091.644 5778.619 981.231 1091.644 5680.859 830.695 1026.314 5601.166 707.9771 903.5332 5549.149 627.8786 738.1111 5531.084 600.0606 550 5549.149 627.8786 361.8889 5601.166 707.9771 196.4668 5680.859 830.695 73.68604 5778.619 981.231 8.355737 5882.652 1141.428 8.355737 5980.411 1291.964 73.68604 5746.96 1249.362 8.355737 5871.647 1378.479 73.68604 6158.499 1363.461 196.4668 6060.105 1414.682 196.4668 5973.293 1483.736 196.4668 6375.274 1438.542 485.0181 6375.274 1416.831 361.8889 6283.082 1425.708 361.8889 6194.276 1452.013 361.8889 6112.122 1494.78 361.8889 6375.274 1321.324 903.5332 6375.274 1413.191 744.416 6375.274 1416.831 738.1111 6375.274 1450 550 7388.4 995.5065 8.355737 7388.4 1154.433 66.20017 7388.4 1175 73.68604 7388.4 1321.324 196.4668 7388.4 1346.949 240.8505 7388.4 1416.831 361.8889 7388.4 1438.542 485.0181 7388.4 1450 550 7388.4 1416.831 738.1111 7388.4 1413.191 744.416 7388.4 1321.324 903.5332 7388.4 1259.474 955.432 7388.4 1175 1026.314 7388.4 1029.85 1079.144 7388.4 995.5065 1091.644 7388.4 804.4935 1091.644 7388.4 770.1503 1079.144 7388.4 625 1026.314 7388.4 540.5261 955.432 7388.4 478.6756 903.5332 7388.4 386.8092 744.416 7388.4 383.1691 738.1111 7388.4 350 550 7388.4 361.4581 485.0181 7388.4 383.1691 361.8889 7388.4 453.0506 240.8505 7388.4 478.6756 196.4668 7388.4 625 73.68604 7388.4 645.5673 66.20017 7388.4 804.4935 8.355737 7388.4 900 0 7485.798 1460.667 550 7492.977 1428.284 738.1111 7733.12 1610.746 550 7662.343 1542.991 550 7758.529 1589.425 738.1111 7682.535 1516.676 738.1111 7829.752 1324.819 1026.314 7918.024 1455.593 998.0995 7740.675 1440.906 903.5332 7831.691 1528.035 903.5332 7786.627 1565.847 801.643 7513.648 1335.041 903.5332 7545.318 1192.185 1026.314 7584.168 1016.947 1091.644 7625.511 830.4614 1091.644 8055.302 1030.876 1091.644 8103.66 1299.826 1091.644 7939.02 1182.417 1091.644 8081.282 1318.603 1091.644 7943.782 1433.979 1026.314 8164.571 888.4745 1026.314 8301.672 1133.674 1056.454 8227.607 1195.822 1091.644 7664.36 655.2226 1026.314 8253.648 772.3875 903.5332 8468.645 993.5678 912.9028 8365.107 1080.446 1026.314 7696.031 512.3666 903.5332 7716.702 419.124 738.1111 7723.881 386.7412 550 8331.98 670.3023 550 8558.158 918.4575 680.3878 8311.789 696.6171 738.1111 8550.36 924.9999 738.1111 8477.198 986.3903 903.5332 8311.789 696.6171 361.8889 8558.158 918.4575 419.6123 8575.769 903.6792 550 7716.702 419.124 361.8889 7696.031 512.3666 196.4668 7664.36 655.2226 73.68604 8164.571 888.4745 73.68604 8468.645 993.5678 187.0972 8253.648 772.3875 196.4668 8477.198 986.3903 196.4668 8550.36 924.9999 361.8889 8055.302 1030.876 8.355737 8301.672 1133.674 43.54632 8365.107 1080.446 73.68604 7625.511 830.4614 8.355737 7939.02 1182.417 8.355737 8103.66 1299.826 8.355737 8227.607 1195.822 8.355737 7584.168 1016.947 8.355737 7786.627 1565.847 298.3571 7831.691 1528.035 196.4668 7740.675 1440.906 196.4668 7918.024 1455.593 101.9005 7829.752 1324.819 73.68604 7943.782 1433.979 73.68604 8081.282 1318.603 8.355737 7578.578 1492.161 550 7592.596 1462.1 738.1111 7632.959 1375.542 903.5332 7694.798 1242.927 1026.314 7770.655 1080.25 1091.644 7851.381 907.1339 1091.644 7927.238 744.4576 1026.314 7989.078 611.8426 903.5332 8029.44 525.2843 738.1111 8043.458 495.2229 550 8029.44 525.2843 361.8889 7989.078 611.8426 196.4668 7927.238 744.4576 73.68604 7851.381 907.1339 8.355737 7770.655 1080.25 8.355737 7694.798 1242.927 73.68604 7632.959 1375.542 196.4668 7545.318 1192.185 73.68604 7513.648 1335.041 196.4668 7758.529 1589.425 361.8889 7682.535 1516.676 361.8889 7592.596 1462.1 361.8889 7492.977 1428.284 361.8889 9012.567 3083.929 738.1111 9040.666 3060.351 801.643 9085.729 3022.539 903.5332 9172.062 2950.096 998.0995 9197.82 2928.483 1026.314 9335.32 2813.107 1091.644 9357.697 2794.33 1091.644 9481.645 2690.326 1091.644 9555.71 2628.178 1056.454 9619.145 2574.95 1026.314 9722.681 2488.072 912.9028 9731.236 2480.894 903.5332 9804.398 2419.504 738.1111 9812.196 2412.961 680.3878 9829.807 2398.183 550 9812.196 2412.961 419.6123 9804.398 2419.504 361.8889 9731.236 2480.894 196.4668 9722.681 2488.072 187.0972 9619.145 2574.95 73.68604 9555.71 2628.178 43.54632 9481.645 2690.326 8.355737 9357.697 2794.33 8.355737 9335.32 2813.107 8.355737 9197.82 2928.483 73.68604 9172.062 2950.096 101.9005 9085.729 3022.539 196.4668 9040.666 3060.351 298.3571 9012.567 3083.929 361.8889 8987.159 3105.25 550 9822.251 2568.023 196.4668 9880.392 2492.252 361.8889 10174.53 2570.387 485.0181 10174.53 2558.929 550 10077.13 2548.262 550 9900.584 2465.938 550 10174.53 2592.098 361.8889 10069.95 2580.645 361.8889 10174.53 2661.979 240.8505 10049.28 2673.887 196.4668 10174.53 2687.604 196.4668 9733.175 2684.11 73.68604 10174.53 2833.929 73.68604 10017.61 2816.743 73.68604 10174.53 2854.496 66.20017 9978.758 2991.982 8.355737 10174.53 3013.422 8.355737 9623.907 2826.512 8.355737 10174.53 3108.929 8.355737 9937.416 3178.467 8.355737 10174.53 3204.435 8.355737 9507.625 2978.052 8.355737 9398.356 3120.454 73.68604 10174.53 3363.361 66.20017 9898.567 3353.706 73.68604 10174.53 3383.929 73.68604 9309.279 3236.541 196.4668 10174.53 3530.253 196.4668 9866.896 3496.562 196.4668 10174.53 3555.878 240.8505 9846.224 3589.805 361.8889 10174.53 3625.76 361.8889 10174.53 3647.471 485.0181 9839.046 3622.188 550 10174.53 3658.929 550 9251.139 3312.312 361.8889 9230.947 3338.626 550 9251.139 3312.312 738.1111 10174.53 3625.76 738.1111 9846.224 3589.805 738.1111 10174.53 3622.119 744.416 9866.896 3496.562 903.5332 10174.53 3530.253 903.5332 9309.279 3236.541 903.5332 10174.53 3468.403 955.432 9898.567 3353.706 1026.314 10174.53 3383.929 1026.314 9398.356 3120.454 1026.314 9507.625 2978.052 1091.644 10174.53 3238.778 1079.144 9937.416 3178.467 1091.644 10174.53 3204.435 1091.644 9623.907 2826.512 1091.644 10174.53 3013.422 1091.644 9978.758 2991.982 1091.644 10174.53 2979.079 1079.144 10017.61 2816.743 1026.314 10174.53 2833.929 1026.314 9733.175 2684.11 1026.314 10174.53 2592.098 738.1111 10069.95 2580.645 738.1111 10174.53 2595.738 744.416 10049.28 2673.887 903.5332 10174.53 2687.604 903.5332 10174.53 2749.455 955.432 9984.349 2516.767 550 9970.331 2546.829 361.8889 9929.968 2633.387 196.4668 9868.128 2766.002 73.68604 9792.271 2928.678 8.355737 9711.545 3101.795 8.355737 9635.688 3264.471 73.68604 9573.849 3397.086 196.4668 9533.487 3483.645 361.8889 9519.469 3513.706 550 9533.487 3483.645 738.1111 9573.849 3397.086 903.5332 9635.688 3264.471 1026.314 9711.545 3101.795 1091.644 9792.271 2928.678 1091.644 9868.128 2766.002 1026.314 9929.968 2633.387 903.5332 9970.331 2546.829 738.1111 9822.251 2568.023 903.5332 9880.392 2492.252 738.1111 11187.65 3204.435 8.355737 11187.65 3108.929 0 11187.65 3013.422 8.355737 11187.65 2854.496 66.20017 11187.65 2833.929 73.68604 11187.65 2687.604 196.4668 11187.65 2661.979 240.8505 11187.65 2592.098 361.8889 11187.65 2570.387 485.0181 11187.65 2558.929 550 11187.65 2592.098 738.1111 11187.65 2595.738 744.416 11187.65 2687.604 903.5332 11187.65 2749.455 955.432 11187.65 2833.929 1026.314 11187.65 2979.079 1079.144 11187.65 3013.422 1091.644 11187.65 3204.435 1091.644 11187.65 3238.778 1079.144 11187.65 3383.929 1026.314 11187.65 3468.403 955.432 11187.65 3530.253 903.5332 11187.65 3622.119 744.416 11187.65 3625.76 738.1111 11187.65 3658.929 550 11187.65 3647.471 485.0181 11187.65 3625.76 361.8889 11187.65 3555.878 240.8505 11187.65 3530.253 196.4668 11187.65 3383.929 73.68604 11187.65 3363.361 66.20017 11556.27 2367.038 550 11500.25 2432.632 550 11575.1 2380.225 419.6123 11523.29 2456.491 361.8889 11273.52 2550.661 550 11279.84 2583.22 361.8889 11298.07 2676.972 196.4668 11325.99 2820.608 73.68604 11691.28 2630.45 73.68604 11670.82 2447.248 187.0972 11589.63 2525.193 196.4668 11661.68 2440.843 196.4668 11583.44 2386.063 361.8889 11815.97 2759.567 8.355737 11849.37 2572.269 43.54632 11781.54 2524.772 73.68604 11360.24 2996.804 8.355737 11948.65 2896.97 8.355737 12061.11 2720.531 8.355737 11928.57 2627.725 8.355737 11396.68 3184.308 8.355737 11430.93 3360.503 73.68604 11458.85 3504.139 196.4668 12174.99 3131.344 196.4668 12259.61 2859.525 101.9005 12073.34 3026.087 73.68604 12232.07 2840.239 73.68604 12085.04 2737.285 8.355737 12241.33 3200.046 361.8889 12400.12 2957.908 298.3571 12351.93 2924.167 196.4668 11477.08 3597.891 361.8889 11483.41 3630.451 550 11477.08 3597.891 738.1111 12174.99 3131.344 903.5332 12400.12 2957.908 801.643 12241.33 3200.046 738.1111 12430.17 2978.947 738.1111 12264.37 3223.905 550 12457.34 2997.972 550 12430.17 2978.947 361.8889 11458.85 3504.139 903.5332 12073.34 3026.087 1026.314 12259.61 2859.525 998.0995 12351.93 2924.167 903.5332 11430.93 3360.503 1026.314 11396.68 3184.308 1091.644 11360.24 2996.804 1091.644 11815.97 2759.567 1091.644 12061.11 2720.531 1091.644 11948.65 2896.97 1091.644 12085.04 2737.285 1091.644 12232.07 2840.239 1026.314 11691.28 2630.45 1026.314 11849.37 2572.269 1056.454 11928.57 2627.725 1091.644 11325.99 2820.608 1026.314 11589.63 2525.193 903.5332 11670.82 2447.248 912.9028 11781.54 2524.772 1026.314 11432.74 2486.331 550 11450.8 2514.148 361.8889 11502.82 2594.247 196.4668 11582.51 2716.965 73.68604 11680.27 2867.501 8.355737 11784.31 3027.698 8.355737 11882.07 3178.234 73.68604 11961.76 3300.952 196.4668 12013.78 3381.05 361.8889 12031.84 3408.868 550 12013.78 3381.05 738.1111 11961.76 3300.952 903.5332 11882.07 3178.234 1026.314 11784.31 3027.698 1091.644 11680.27 2867.501 1091.644 11582.51 2716.965 1026.314 11502.82 2594.247 903.5332 11523.29 2456.491 738.1111 11356.22 2526.161 550 11368.65 2556.915 361.8889 11404.43 2645.467 196.4668 11459.24 2781.137 73.68604 11526.48 2947.561 8.355737 11598.04 3124.665 8.355737 11665.28 3291.088 73.68604 11720.09 3426.758 196.4668 11755.87 3515.31 361.8889 11768.29 3546.064 550 11755.87 3515.31 738.1111 11720.09 3426.758 903.5332 11665.28 3291.088 1026.314 11598.04 3124.665 1091.644 11526.48 2947.561 1091.644 11459.24 2781.137 1026.314 11404.43 2645.467 903.5332 11298.07 2676.972 903.5332 11450.8 2514.148 738.1111 11368.65 2556.915 738.1111 11279.84 2583.22 738.1111 11575.1 2380.225 680.3878 11583.44 2386.063 738.1111 11661.68 2440.843 903.5332 13624.78 1272.866 738.1111 13651.95 1291.891 550 13624.78 1272.866 361.8889 13594.73 1251.827 298.3571 13546.54 1218.085 196.4668 13454.23 1153.443 101.9005 13426.68 1134.157 73.68604 13279.65 1031.204 8.355737 13255.72 1014.449 8.355737 13123.18 921.6433 8.355737 13043.98 866.1869 43.54632 12976.15 818.6901 73.68604 12865.43 741.1665 187.0972 12856.29 734.7618 196.4668 12778.05 679.9815 361.8889 12769.71 674.1436 419.6123 12750.88 660.9566 550 12769.71 674.1436 680.3878 12778.05 679.9815 738.1111 12856.29 734.7618 903.5332 12865.43 741.1665 912.9028 12976.15 818.6901 1026.314 13043.98 866.1869 1056.454 13123.18 921.6433 1091.644 13255.72 1014.449 1091.644 13279.65 1031.204 1091.644 13426.68 1134.157 1026.314 13454.23 1153.443 998.0995 13546.54 1218.085 903.5332 13594.73 1251.827 801.643 13684.93 1202.437 361.8889 14020.57 996.9494 240.8505 14020.57 971.3245 196.4668 13910.15 981.9564 196.4668 13684.93 1202.437 738.1111 13707.97 1226.297 550 13618.59 1133.736 903.5332 13910.15 981.9564 903.5332 13882.23 838.3203 1026.314 14020.57 909.4739 955.432 13516.94 1028.479 1026.314 13392.25 899.3619 1091.644 13847.98 662.1246 1091.644 14020.57 679.8497 1079.144 14020.57 825 1026.314 13259.56 761.9586 1091.644 13777.29 298.4254 1026.314 14020.57 420.1503 1079.144 13811.54 474.6211 1091.644 14020.57 454.4935 1091.644 14020.57 645.5065 1091.644 13134.88 632.8417 1026.314 13749.37 154.7893 903.5332 14020.57 190.5261 955.432 14020.57 275 1026.314 13033.23 527.5848 903.5332 12966.89 458.8832 738.1111 13731.14 61.03754 738.1111 14020.57 36.8092 744.416 14020.57 128.6756 903.5332 12943.85 435.0233 550 13731.14 61.03754 361.8889 14020.57 11.4581 485.0181 13724.81 28.47791 550 14020.57 0 550 14020.57 33.16909 738.1111 12966.89 458.8832 361.8889 13033.23 527.5848 196.4668 13749.37 154.7893 196.4668 14020.57 103.0506 240.8505 14020.57 33.16909 361.8889 13134.88 632.8417 73.68604 13811.54 474.6211 8.355737 14020.57 295.5673 66.20017 13777.29 298.4254 73.68604 14020.57 275 73.68604 14020.57 128.6756 196.4668 13259.56 761.9586 8.355737 13847.98 662.1246 8.355737 14020.57 550 8.355737 14020.57 454.4935 8.355737 14020.57 825 73.68604 13882.23 838.3203 73.68604 14020.57 804.4327 66.20017 14020.57 645.5065 8.355737 13934.7 1108.268 550 13851.99 1132.767 550 13928.37 1075.708 738.1111 13839.57 1102.013 738.1111 13803.79 1013.461 903.5332 13748.98 877.7917 1026.314 13681.74 711.3682 1091.644 13610.18 534.2641 1091.644 13542.94 367.8406 1026.314 13488.13 232.1709 903.5332 13452.35 143.6188 738.1111 13439.93 112.865 550 13452.35 143.6188 361.8889 13488.13 232.1709 196.4668 13542.94 367.8406 73.68604 13610.18 534.2641 8.355737 13681.74 711.3682 8.355737 13748.98 877.7917 73.68604 13775.48 1172.598 550 13757.41 1144.78 738.1111 13705.4 1064.682 903.5332 13625.7 941.9639 1026.314 13527.94 791.4279 1091.644 13423.91 631.231 1091.644 13326.15 480.695 1026.314 13246.46 357.977 903.5332 13194.44 277.8786 738.1111 13176.38 250.0606 550 13194.44 277.8786 361.8889 13246.46 357.977 196.4668 13326.15 480.695 73.68604 13423.91 631.231 8.355737 13527.94 791.4279 8.355737 13625.7 941.9639 73.68604 13392.25 899.3619 8.355737 13516.94 1028.479 73.68604 13803.79 1013.461 196.4668 13705.4 1064.682 196.4668 13618.59 1133.736 196.4668 14020.57 1088.542 485.0181 14020.57 1066.831 361.8889 13928.37 1075.708 361.8889 13839.57 1102.013 361.8889 13757.41 1144.78 361.8889 14020.57 971.3245 903.5332 14020.57 1063.191 744.416 14020.57 1066.831 738.1111 14020.57 1100 550 1533.692 596.1342 52.13293 1533.692 772.8692 102.4184 1533.692 797.1533 120.7569 1533.692 919.5045 213.1522 1533.692 975.9761 304.3569 1533.692 1016.236 369.3792 1533.692 1050 550 1533.692 1016.236 730.6209 1533.692 975.9761 795.6431 1533.692 919.5045 886.8479 1533.692 596.1342 1047.867 1533.692 772.8692 997.5817 1533.692 797.1533 979.2431 1533.692 550 1050 1533.692 413.1685 1030.913 1533.692 124.8914 813.2161 1533.692 248.6827 949.0086 1533.692 303.3721 976.2407 1533.692 119.4082 799.0621 1533.692 58.51346 641.8748 1533.692 119.4082 300.9379 1533.692 58.51346 458.1253 1533.692 58.51346 550 1533.692 124.8914 286.7839 1533.692 248.6827 150.9914 1533.692 303.3721 123.7593 1533.692 413.1685 69.08718 1533.692 550.5888 56.35333 1973.42 1181.025 304.3569 1858.627 1126.537 369.3792 2016.68 1144.725 213.1522 1917.514 1049.794 213.1522 2110.406 1066.079 120.7569 2006.78 933.4607 102.4184 2129.009 1050.47 102.4184 2114.369 793.2474 52.13293 1701.894 791.2903 102.4184 1670.157 934.4497 213.1522 2225.751 648.091 69.08718 2299.286 907.5908 56.35333 2264.396 936.8669 52.13293 1740.147 618.7446 52.13293 1779.748 440.116 69.08718 2401.243 419.3854 286.7839 2530.559 713.5294 150.9914 2325.884 517.5956 150.9914 2488.665 748.6831 123.7593 2404.556 819.2588 69.08718 1815.349 279.5291 150.9914 2441.652 366.7242 458.1253 2629.589 630.4333 300.9379 2625.389 633.9579 286.7839 1842.142 158.6722 286.7839 1856.509 93.86766 458.1253 2441.652 366.7242 641.8748 2676.237 591.291 550 2676.237 591.291 458.1253 1856.509 93.86766 641.8748 2325.884 517.5956 949.0086 2625.389 633.9579 813.2161 2401.243 419.3854 813.2161 2629.589 630.4333 799.0621 2676.237 591.291 641.8748 1842.142 158.6722 813.2161 2225.751 648.091 1030.913 2488.665 748.6831 976.2407 2530.559 713.5294 949.0086 1815.349 279.5291 949.0086 1779.748 440.116 1030.913 2006.78 933.4607 997.5817 2264.396 936.8669 1047.867 2114.369 793.2474 1047.867 2299.737 907.2124 1050 2404.556 819.2588 1030.913 1740.147 618.7446 1047.867 1917.514 1049.794 886.8479 2110.406 1066.079 979.2431 2129.009 1050.47 997.5817 1701.894 791.2903 997.5817 1670.157 934.4497 886.8479 1649.22 1028.888 730.6209 1942.579 1206.903 369.3792 1916.715 1228.606 550 1838.073 1153.323 550 1942.579 1206.903 730.6209 1858.627 1126.537 730.6209 1973.42 1181.025 795.6431 2016.68 1144.725 886.8479 1745.001 1096.846 550 1759.271 1066.246 730.6209 1800.151 978.577 886.8479 1862.122 845.6803 997.5817 1936.813 685.504 1047.867 2014.138 519.6808 1030.913 2083.653 370.606 949.0086 2135.969 258.413 813.2161 2164.022 198.2541 641.8748 2164.022 198.2541 458.1253 2135.969 258.413 286.7839 2083.653 370.606 150.9914 2014.138 519.6808 69.08718 1936.813 685.504 52.13293 1862.122 845.6803 102.4184 1800.151 978.577 213.1522 1759.271 1066.246 369.3792 1641.912 1061.852 550 1649.22 1028.888 369.3792 3500.465 1560.323 550 3474.6 1582.026 730.6209 3443.759 1607.904 795.6431 3400.5 1644.203 886.8479 3306.773 1722.849 979.2431 3288.17 1738.459 997.5817 3152.784 1852.062 1047.867 3117.443 1881.716 1050 3012.624 1969.67 1030.913 2928.515 2040.246 976.2407 2886.62 2075.399 949.0086 2791.791 2154.971 813.2161 2787.59 2158.496 799.0621 2740.942 2197.638 641.8748 3012.624 1969.67 69.08718 3117.894 1881.338 56.35333 3152.784 1852.062 52.13293 3288.17 1738.459 102.4184 3306.773 1722.849 120.7569 3400.5 1644.203 213.1522 3443.759 1607.904 304.3569 3474.6 1582.026 369.3792 2928.515 2040.246 123.7593 2886.62 2075.399 150.9914 2791.791 2154.971 286.7839 2787.59 2158.496 300.9379 2740.942 2197.638 458.1253 2740.942 2197.638 550 3883.487 1812.953 795.6431 3767.959 1760.04 730.6209 3883.487 1869.424 886.8479 3747.023 1854.479 886.8479 3883.487 1991.776 979.2431 3715.285 1997.639 997.5817 3883.487 2016.06 997.5817 3677.033 2170.184 1047.867 3410.4 1855.468 997.5817 3499.666 1739.135 886.8479 3637.432 2348.813 1030.913 3883.487 2238.929 1050 3883.487 2192.795 1047.867 3302.811 1995.681 1047.867 3191.428 2140.838 1030.913 3575.037 2630.257 813.2161 3883.487 2540.246 949.0086 3601.831 2509.4 949.0086 3883.487 2485.557 976.2407 3883.487 2375.76 1030.913 3091.295 2271.333 949.0086 3560.67 2695.061 641.8748 3883.487 2669.521 799.0621 3883.487 2664.037 813.2161 3015.936 2369.543 813.2161 2975.528 2422.205 641.8748 3560.67 2695.061 458.1253 3883.487 2730.415 550 3883.487 2730.415 641.8748 2975.528 2422.205 458.1253 3601.831 2509.4 150.9914 3883.487 2664.037 286.7839 3575.037 2630.257 286.7839 3883.487 2669.521 300.9379 3883.487 2730.415 458.1253 3015.936 2369.543 286.7839 3637.432 2348.813 69.08718 3883.487 2485.557 123.7593 3883.487 2540.246 150.9914 3091.295 2271.333 150.9914 3191.428 2140.838 69.08718 3715.285 1997.639 102.4184 3883.487 2192.795 52.13293 3677.033 2170.184 52.13293 3883.487 2238.34 56.35333 3883.487 2375.76 69.08718 3302.811 1995.681 52.13293 3747.023 1854.479 213.1522 3883.487 1991.776 120.7569 3883.487 2016.06 102.4184 3410.4 1855.468 102.4184 3499.666 1739.135 213.1522 3558.552 1662.392 369.3792 3883.487 1772.693 730.6209 3883.487 1738.929 550 3775.267 1727.077 550 3883.487 1772.693 369.3792 3767.959 1760.04 369.3792 3883.487 1812.953 304.3569 3883.487 1869.424 213.1522 3672.178 1692.083 550 3657.909 1722.683 369.3792 3617.028 1810.352 213.1522 3555.058 1943.248 102.4184 3480.366 2103.425 52.13293 3403.041 2269.248 69.08718 3333.527 2418.323 150.9914 3281.21 2530.516 286.7839 3253.158 2590.675 458.1253 3253.158 2590.675 641.8748 3281.21 2530.516 813.2161 3333.527 2418.323 949.0086 3403.041 2269.248 1030.913 3480.366 2103.425 1047.867 3555.058 1943.248 997.5817 3617.028 1810.352 886.8479 3657.909 1722.683 730.6209 3579.106 1635.605 550 3558.552 1662.392 730.6209 4396.613 2016.06 102.4184 4396.613 2192.795 52.13293 4396.613 2238.34 56.35333 4396.613 2375.76 69.08718 4396.613 2485.557 123.7593 4396.613 2540.246 150.9914 4396.613 2664.037 286.7839 4396.613 2669.521 300.9379 4396.613 2730.415 458.1253 4396.613 2730.415 550 4396.613 2730.415 641.8748 4396.613 2669.521 799.0621 4396.613 2664.037 813.2161 4396.613 2540.246 949.0086 4396.613 2485.557 976.2407 4396.613 2375.76 1030.913 4396.613 2238.929 1050 4396.613 2192.795 1047.867 4396.613 2016.06 997.5817 4396.613 1991.776 979.2431 4396.613 1869.424 886.8479 4396.613 1812.953 795.6431 4396.613 1772.693 730.6209 4396.613 1738.929 550 4396.613 1772.693 369.3792 4396.613 1812.953 304.3569 4396.613 1869.424 213.1522 4396.613 1991.776 120.7569 4498.459 1762.886 369.3792 4866.825 1568.175 304.3569 4913.084 1600.566 213.1522 4834.591 1692.469 213.1522 5013.309 1670.744 120.7569 5033.201 1684.673 102.4184 4936.453 1797.95 102.4184 4578.619 2175.27 52.13293 4492.017 1729.742 550 4743.942 1598.599 550 4767.396 1622.886 730.6209 4806.188 1525.717 550 4833.846 1545.083 730.6209 4498.459 1762.886 730.6209 4516.917 1857.84 886.8479 5059.223 1925.082 1047.867 5033.201 1684.673 997.5817 4936.453 1797.95 997.5817 5013.309 1670.744 979.2431 4834.591 1692.469 886.8479 4913.084 1600.566 886.8479 4866.825 1568.175 795.6431 4544.896 2001.781 997.5817 5186.322 2056.697 1030.913 5215.765 1812.505 1050 5177.974 1786.044 1047.867 4578.619 2175.27 1047.867 4613.53 2354.874 1030.913 5386.576 2264.066 813.2161 5462.589 1985.334 949.0086 5300.583 2175.018 949.0086 5417.791 1953.965 976.2407 5327.851 1890.989 1030.913 4644.916 2516.337 949.0086 5432.686 2311.814 641.8748 5568.485 2059.482 799.0621 5563.993 2056.337 813.2161 4668.536 2637.854 813.2161 4681.202 2703.012 641.8748 5568.485 2059.482 300.9379 5618.367 2094.41 458.1253 5432.686 2311.814 458.1253 5618.367 2094.41 550 5618.367 2094.41 641.8748 5172.782 2434.125 286.7839 5208.934 2489.795 458.1253 5208.934 2489.795 641.8748 5172.782 2434.125 813.2161 5105.36 2330.305 949.0086 5015.775 2192.356 1030.913 4916.125 2038.908 1047.867 4819.868 1890.686 997.5817 4740.005 1767.707 886.8479 4687.321 1686.581 730.6209 4668.932 1658.264 550 4681.202 2703.012 458.1253 5386.576 2264.066 286.7839 5563.993 2056.337 286.7839 4884.095 2445.489 150.9914 4930.468 2560.266 286.7839 4955.333 2621.811 458.1253 4955.333 2621.811 641.8748 4930.468 2560.266 813.2161 4884.095 2445.489 949.0086 4822.477 2292.981 1030.913 4753.937 2123.338 1047.867 4687.731 1959.472 997.5817 4632.8 1823.514 886.8479 4596.564 1733.826 730.6209 4583.916 1702.521 550 4668.536 2637.854 286.7839 5417.791 1953.965 123.7593 5462.589 1985.334 150.9914 5300.583 2175.018 150.9914 4613.53 2354.874 69.08718 4644.916 2516.337 150.9914 5215.282 1812.167 56.35333 5327.851 1890.989 69.08718 5186.322 2056.697 69.08718 5059.223 1925.082 52.13293 5177.974 1786.044 52.13293 5105.36 2330.305 150.9914 4822.477 2292.981 69.08718 4819.868 1890.686 102.4184 4740.005 1767.707 213.1522 4632.8 1823.514 213.1522 5015.775 2192.356 69.08718 4753.937 2123.338 52.13293 4544.896 2001.781 102.4184 4916.125 2038.908 52.13293 4687.731 1959.472 102.4184 4516.917 1857.84 213.1522 4833.846 1545.083 369.3792 4767.396 1622.886 369.3792 4687.321 1686.581 369.3792 4596.564 1733.826 369.3792 5965.699 1613.212 550 5938.041 1593.846 730.6209 5905.062 1570.753 795.6431 5858.803 1538.363 886.8479 5758.579 1468.185 979.2431 5738.686 1454.256 997.5817 5593.914 1352.885 1047.867 5556.122 1326.424 1050 5444.037 1247.94 1030.913 5354.097 1184.964 976.2407 5309.298 1153.595 949.0086 5207.894 1082.591 813.2161 5203.402 1079.446 799.0621 5153.52 1044.518 641.8748 5938.041 1593.846 369.3792 5905.062 1570.753 304.3569 5858.803 1538.363 213.1522 5758.579 1468.185 120.7569 5738.686 1454.256 102.4184 5593.914 1352.885 52.13293 5556.605 1326.761 56.35333 5444.037 1247.94 69.08718 5354.097 1184.964 123.7593 5309.298 1153.595 150.9914 5207.894 1082.591 286.7839 5203.402 1079.446 300.9379 5153.52 1044.518 458.1253 5153.52 1044.518 550 6004.491 1516.042 730.6209 6375.274 1325.976 795.6431 6375.274 1269.505 886.8479 6254.971 1281.088 886.8479 6375.274 1147.153 979.2431 6375.274 1122.869 997.5817 6226.991 1137.147 997.5817 5712.664 1213.846 1047.867 6027.945 1540.33 550 6279.87 1409.186 550 6273.427 1376.043 369.3792 6375.274 1400 550 6375.274 1366.236 369.3792 6004.491 1516.042 369.3792 5937.295 1446.459 213.1522 6193.268 963.6594 52.13293 6375.274 1122.869 102.4184 6226.991 1137.147 102.4184 6375.274 1147.153 120.7569 6254.971 1281.088 213.1522 6375.274 1269.505 213.1522 6375.274 1325.976 304.3569 5835.434 1340.979 102.4184 6158.356 784.0553 69.08718 6375.274 900.5888 56.35333 6375.274 946.1342 52.13293 5712.664 1213.846 52.13293 5585.565 1082.232 69.08718 6103.351 501.0747 286.7839 6375.274 598.6827 150.9914 6126.972 622.5916 150.9914 6375.274 653.3721 123.7593 6375.274 763.1685 69.08718 5471.303 963.9107 150.9914 6090.686 435.9163 458.1253 6375.274 469.4082 300.9379 6375.274 474.8915 286.7839 5385.311 874.8627 286.7839 5339.201 827.1144 458.1253 6375.274 469.4082 799.0621 6375.274 408.5135 641.8748 6090.686 435.9163 641.8748 6375.274 408.5135 550 6375.274 408.5135 458.1253 5841.42 578.6624 813.2161 5816.554 517.1177 641.8748 5816.554 517.1177 458.1253 5841.42 578.6624 286.7839 5887.792 693.4396 150.9914 5949.41 845.9482 69.08718 6017.95 1015.591 52.13293 6084.156 1179.457 102.4184 6139.087 1315.415 213.1522 6175.323 1405.103 369.3792 6187.971 1436.408 550 5339.201 827.1144 641.8748 6103.351 501.0747 813.2161 6375.274 474.8915 813.2161 5666.526 808.6235 949.0086 5599.105 704.8034 813.2161 5562.953 649.1342 641.8748 5562.953 649.1342 458.1253 5599.105 704.8034 286.7839 5666.526 808.6235 150.9914 5756.112 946.5729 69.08718 5855.762 1100.021 52.13293 5952.019 1248.243 102.4184 6031.882 1371.222 213.1522 6084.566 1452.348 369.3792 6102.955 1480.665 550 5385.311 874.8627 813.2161 6375.274 653.3721 976.2407 6375.274 598.6827 949.0086 6126.972 622.5916 949.0086 5585.565 1082.232 1030.913 5471.303 963.9107 949.0086 6375.274 900 1050 6375.274 763.1685 1030.913 6158.356 784.0553 1030.913 6193.268 963.6594 1047.867 6375.274 946.1342 1047.867 5887.792 693.4396 949.0086 5756.112 946.5729 1030.913 6084.156 1179.457 997.5817 6139.087 1315.415 886.8479 6031.882 1371.222 886.8479 5949.41 845.9482 1030.913 5855.762 1100.021 1047.867 5835.434 1340.979 997.5817 6017.95 1015.591 1047.867 5952.019 1248.243 997.5817 5937.295 1446.459 886.8479 6375.274 1366.236 730.6209 6273.427 1376.043 730.6209 6175.323 1405.103 730.6209 6084.566 1452.348 730.6209 7388.4 763.1685 69.08718 7388.4 900.5888 56.35333 7388.4 946.1342 52.13293 7388.4 1122.869 102.4184 7388.4 1147.153 120.7569 7388.4 1269.505 213.1522 7388.4 1325.976 304.3569 7388.4 1366.236 369.3792 7388.4 1400 550 7388.4 1366.236 730.6209 7388.4 1325.976 795.6431 7388.4 1269.505 886.8479 7388.4 1147.153 979.2431 7388.4 1122.869 997.5817 7388.4 946.1342 1047.867 7388.4 900 1050 7388.4 763.1685 1030.913 7388.4 653.3721 976.2407 7388.4 598.6827 949.0086 7388.4 474.8915 813.2161 7388.4 469.4082 799.0621 7388.4 408.5135 641.8748 7388.4 408.5135 550 7388.4 408.5135 458.1253 7388.4 469.4082 300.9379 7388.4 474.8915 286.7839 7388.4 598.6827 150.9914 7388.4 653.3721 123.7593 7828.128 1531.025 304.3569 7713.334 1476.537 369.3792 7871.388 1494.725 213.1522 7772.221 1399.794 213.1522 7965.114 1416.079 120.7569 7861.487 1283.461 102.4184 7983.716 1400.47 102.4184 7969.077 1143.247 52.13293 7556.602 1141.29 102.4184 7524.864 1284.45 213.1522 8080.458 998.091 69.08718 8153.994 1257.591 56.35333 8119.104 1286.867 52.13293 7594.854 968.7446 52.13293 7634.455 790.116 69.08718 8255.952 769.3854 286.7839 8385.267 1063.529 150.9914 8180.592 867.5956 150.9914 8343.373 1098.683 123.7593 8259.263 1169.259 69.08718 7670.056 629.5291 150.9914 8296.36 716.7242 458.1253 8484.297 980.4333 300.9379 8480.096 983.9579 286.7839 7696.85 508.6722 286.7839 7711.216 443.8677 458.1253 8296.36 716.7242 641.8748 8530.946 941.291 550 8530.946 941.291 458.1253 7711.216 443.8677 641.8748 8180.592 867.5956 949.0086 8480.096 983.9579 813.2161 8255.952 769.3854 813.2161 8484.297 980.4333 799.0621 8530.946 941.291 641.8748 7696.85 508.6722 813.2161 8080.458 998.091 1030.913 8343.373 1098.683 976.2407 8385.267 1063.529 949.0086 7670.056 629.5291 949.0086 7634.455 790.116 1030.913 7861.487 1283.461 997.5817 8119.104 1286.867 1047.867 7969.077 1143.247 1047.867 8154.445 1257.212 1050 8259.263 1169.259 1030.913 7594.854 968.7446 1047.867 7772.221 1399.794 886.8479 7965.114 1416.079 979.2431 7983.716 1400.47 997.5817 7556.602 1141.29 997.5817 7524.864 1284.45 886.8479 7503.928 1378.888 730.6209 7797.287 1556.903 369.3792 7771.422 1578.606 550 7692.78 1503.323 550 7797.287 1556.903 730.6209 7713.334 1476.537 730.6209 7828.128 1531.025 795.6431 7871.388 1494.725 886.8479 7599.709 1446.846 550 7613.979 1416.246 730.6209 7654.858 1328.577 886.8479 7716.829 1195.68 997.5817 7791.521 1035.504 1047.867 7868.846 869.6808 1030.913 7938.36 720.606 949.0086 7990.677 608.413 813.2161 8018.729 548.2542 641.8748 8018.729 548.2542 458.1253 7990.677 608.413 286.7839 7938.36 720.606 150.9914 7868.846 869.6808 69.08718 7791.521 1035.504 52.13293 7716.829 1195.68 102.4184 7654.858 1328.577 213.1522 7613.979 1416.246 369.3792 7496.62 1411.852 550 7503.928 1378.888 369.3792 9031.982 3067.638 641.8748 9078.63 3028.495 799.0621 9082.831 3024.971 813.2161 9177.661 2945.399 949.0086 9219.554 2910.246 976.2407 9303.664 2839.67 1030.913 9408.482 2751.717 1050 9443.824 2722.062 1047.867 9579.209 2608.459 997.5817 9597.813 2592.849 979.2431 9691.54 2514.203 886.8479 9734.799 2477.904 795.6431 9765.64 2452.026 730.6209 9791.504 2430.322 550 9597.813 2592.849 120.7569 9691.54 2514.203 213.1522 9734.799 2477.904 304.3569 9765.64 2452.026 369.3792 9579.209 2608.459 102.4184 9443.824 2722.062 52.13293 9408.933 2751.338 56.35333 9303.664 2839.67 69.08718 9219.554 2910.246 123.7593 9177.661 2945.399 150.9914 9082.831 3024.971 286.7839 9078.63 3028.495 300.9379 9031.982 3067.638 458.1253 9031.982 3067.638 550 10174.53 2682.953 795.6431 10059 2630.04 730.6209 10174.53 2739.424 886.8479 10038.06 2724.479 886.8479 10174.53 2861.775 979.2431 10006.33 2867.638 997.5817 10174.53 2886.06 997.5817 9968.073 3040.184 1047.867 9701.439 2725.468 997.5817 9790.706 2609.135 886.8479 9928.471 3218.813 1030.913 10174.53 3108.929 1050 10174.53 3062.794 1047.867 9593.851 2865.681 1047.867 9482.468 3010.838 1030.913 9866.077 3500.257 813.2161 10174.53 3410.246 949.0086 9892.871 3379.4 949.0086 10174.53 3355.557 976.2407 10174.53 3245.76 1030.913 9382.335 3141.333 949.0086 9851.709 3565.061 641.8748 10174.53 3539.52 799.0621 10174.53 3534.037 813.2161 9306.976 3239.543 813.2161 9266.568 3292.205 641.8748 9851.709 3565.061 458.1253 10174.53 3600.415 550 10174.53 3600.415 641.8748 9266.568 3292.205 458.1253 9892.871 3379.4 150.9914 10174.53 3534.037 286.7839 9866.077 3500.257 286.7839 10174.53 3539.52 300.9379 10174.53 3600.415 458.1253 9306.976 3239.543 286.7839 9928.471 3218.813 69.08718 10174.53 3355.557 123.7593 10174.53 3410.246 150.9914 9382.335 3141.333 150.9914 9482.468 3010.838 69.08718 10006.33 2867.638 102.4184 10174.53 3062.794 52.13293 9968.073 3040.184 52.13293 10174.53 3108.34 56.35333 10174.53 3245.76 69.08718 9593.851 2865.681 52.13293 10038.06 2724.479 213.1522 10174.53 2861.775 120.7569 10174.53 2886.06 102.4184 9701.439 2725.468 102.4184 9790.706 2609.135 213.1522 9849.591 2532.392 369.3792 10174.53 2642.693 730.6209 10174.53 2608.929 550 10066.31 2597.077 550 10174.53 2642.693 369.3792 10059 2630.04 369.3792 10174.53 2682.953 304.3569 10174.53 2739.424 213.1522 9963.218 2562.083 550 9948.949 2592.683 369.3792 9908.068 2680.352 213.1522 9846.097 2813.249 102.4184 9771.406 2973.425 52.13293 9694.081 3139.248 69.08718 9624.567 3288.323 150.9914 9572.25 3400.516 286.7839 9544.198 3460.675 458.1253 9544.198 3460.675 641.8748 9572.25 3400.516 813.2161 9624.567 3288.323 949.0086 9694.081 3139.248 1030.913 9771.406 2973.425 1047.867 9846.097 2813.249 997.5817 9908.068 2680.352 886.8479 9948.949 2592.683 730.6209 9870.146 2505.605 550 9849.591 2532.392 730.6209 11187.65 3062.794 52.13293 11187.65 2886.06 102.4184 11187.65 2861.775 120.7569 11187.65 2739.424 213.1522 11187.65 2682.953 304.3569 11187.65 2642.693 369.3792 11187.65 2608.929 550 11187.65 2642.693 730.6209 11187.65 2682.953 795.6431 11187.65 2739.424 886.8479 11187.65 2861.775 979.2431 11187.65 2886.06 997.5817 11187.65 3062.794 1047.867 11187.65 3108.929 1050 11187.65 3245.76 1030.913 11187.65 3355.557 976.2407 11187.65 3410.246 949.0086 11187.65 3534.037 813.2161 11187.65 3539.52 799.0621 11187.65 3600.415 641.8748 11187.65 3600.415 550 11187.65 3600.415 458.1253 11187.65 3539.52 300.9379 11187.65 3534.037 286.7839 11187.65 3410.246 150.9914 11187.65 3355.557 123.7593 11187.65 3245.76 69.08718 11187.65 3108.34 56.35333 11289.5 2632.886 369.3792 11657.86 2438.175 304.3569 11704.12 2470.566 213.1522 11625.63 2562.469 213.1522 11804.35 2540.744 120.7569 11824.24 2554.673 102.4184 11727.49 2667.95 102.4184 11369.66 3045.269 52.13293 11283.06 2599.742 550 11534.98 2468.599 550 11558.44 2492.886 730.6209 11597.23 2395.717 550 11624.89 2415.083 730.6209 11289.5 2632.886 730.6209 11307.96 2727.84 886.8479 11850.26 2795.082 1047.867 11824.24 2554.673 997.5817 11727.49 2667.95 997.5817 11804.35 2540.744 979.2431 11625.63 2562.469 886.8479 11704.12 2470.566 886.8479 11657.86 2438.175 795.6431 11335.94 2871.781 997.5817 11977.36 2926.697 1030.913 12006.8 2682.505 1050 11969.01 2656.044 1047.867 11369.66 3045.269 1047.867 11404.57 3224.873 1030.913 12177.62 3134.066 813.2161 12253.63 2855.334 949.0086 12091.62 3045.018 949.0086 12208.83 2823.965 976.2407 12118.89 2760.989 1030.913 11435.95 3386.337 949.0086 12223.73 3181.814 641.8748 12359.52 2929.482 799.0621 12355.03 2926.338 813.2161 11459.58 3507.854 813.2161 11472.24 3573.012 641.8748 12359.52 2929.482 300.9379 12409.41 2964.41 458.1253 12223.73 3181.814 458.1253 12409.41 2964.41 550 12409.41 2964.41 641.8748 11963.82 3304.125 286.7839 11999.97 3359.795 458.1253 11999.97 3359.795 641.8748 11963.82 3304.125 813.2161 11896.4 3200.305 949.0086 11806.81 3062.356 1030.913 11707.16 2908.908 1047.867 11610.91 2760.686 997.5817 11531.04 2637.707 886.8479 11478.36 2556.581 730.6209 11459.97 2528.264 550 11472.24 3573.012 458.1253 12177.62 3134.066 286.7839 12355.03 2926.338 286.7839 11675.13 3315.489 150.9914 11721.51 3430.266 286.7839 11746.37 3491.811 458.1253 11746.37 3491.811 641.8748 11721.51 3430.266 813.2161 11675.13 3315.489 949.0086 11613.52 3162.981 1030.913 11544.98 2993.338 1047.867 11478.77 2829.472 997.5817 11423.84 2693.514 886.8479 11387.6 2603.826 730.6209 11374.95 2572.521 550 11459.58 3507.854 286.7839 12208.83 2823.965 123.7593 12253.63 2855.334 150.9914 12091.62 3045.018 150.9914 11404.57 3224.873 69.08718 11435.95 3386.337 150.9914 12006.32 2682.167 56.35333 12118.89 2760.989 69.08718 11977.36 2926.697 69.08718 11850.26 2795.082 52.13293 11969.01 2656.044 52.13293 11896.4 3200.305 150.9914 11613.52 3162.981 69.08718 11610.91 2760.686 102.4184 11531.04 2637.707 213.1522 11423.84 2693.514 213.1522 11806.81 3062.356 69.08718 11544.98 2993.338 52.13293 11335.94 2871.781 102.4184 11707.16 2908.908 52.13293 11478.77 2829.472 102.4184 11307.96 2727.84 213.1522 11624.89 2415.083 369.3792 11558.44 2492.886 369.3792 11478.36 2556.581 369.3792 11387.6 2603.826 369.3792 13610.99 1263.212 550 13583.33 1243.846 730.6209 13550.35 1220.753 795.6431 13504.09 1188.363 886.8479 13403.87 1118.185 979.2431 13383.98 1104.256 997.5817 13239.21 1002.885 1047.867 13201.41 976.4236 1050 13089.33 897.9403 1030.913 12999.39 834.9636 976.2407 12954.59 803.5951 949.0086 12853.19 732.5913 813.2161 12848.69 729.4462 799.0621 12798.81 694.5185 641.8748 13583.33 1243.846 369.3792 13550.35 1220.753 304.3569 13504.09 1188.363 213.1522 13403.87 1118.185 120.7569 13383.98 1104.256 102.4184 13239.21 1002.885 52.13293 13201.9 976.7612 56.35333 13089.33 897.9403 69.08718 12999.39 834.9636 123.7593 12954.59 803.5951 150.9914 12853.19 732.5913 286.7839 12848.69 729.4462 300.9379 12798.81 694.5185 458.1253 12798.81 694.5185 550 13649.78 1166.042 730.6209 14020.57 975.9761 795.6431 14020.57 919.5045 886.8479 13900.26 931.0885 886.8479 14020.57 797.1533 979.2431 14020.57 772.8692 997.5817 13872.28 787.1473 997.5817 13357.96 863.8464 1047.867 13673.24 1190.33 550 13925.16 1059.186 550 13918.72 1026.043 369.3792 14020.57 1050 550 14020.57 1016.236 369.3792 13649.78 1166.042 369.3792 13582.59 1096.459 213.1522 13838.56 613.6594 52.13293 14020.57 772.8692 102.4184 13872.28 787.1473 102.4184 14020.57 797.1533 120.7569 13900.26 931.0885 213.1522 14020.57 919.5045 213.1522 14020.57 975.9761 304.3569 13480.73 990.9789 102.4184 13803.65 434.0553 69.08718 14020.57 550.5888 56.35333 14020.57 596.1342 52.13293 13357.96 863.8464 52.13293 13230.86 732.2319 69.08718 13748.64 151.0747 286.7839 14020.57 248.6827 150.9914 13772.26 272.5916 150.9914 14020.57 303.3721 123.7593 14020.57 413.1685 69.08718 13116.6 613.9107 150.9914 13735.98 85.91629 458.1253 14020.57 119.4082 300.9379 14020.57 124.8914 286.7839 13030.6 524.8627 286.7839 12984.49 477.1144 458.1253 14020.57 119.4082 799.0621 14020.57 58.51346 641.8748 13735.98 85.91629 641.8748 14020.57 58.51346 550 14020.57 58.51346 458.1253 13486.71 228.6624 813.2161 13461.85 167.1178 641.8748 13461.85 167.1178 458.1253 13486.71 228.6624 286.7839 13533.08 343.4396 150.9914 13594.7 495.9482 69.08718 13663.24 665.591 52.13293 13729.45 829.4569 102.4184 13784.38 965.4147 213.1522 13820.62 1055.103 369.3792 13833.26 1086.408 550 12984.49 477.1144 641.8748 13748.64 151.0747 813.2161 14020.57 124.8914 813.2161 13311.82 458.6235 949.0086 13244.4 354.8034 813.2161 13208.25 299.1341 641.8748 13208.25 299.1341 458.1253 13244.4 354.8034 286.7839 13311.82 458.6235 150.9914 13401.4 596.5729 69.08718 13501.05 750.0208 52.13293 13597.31 898.2433 102.4184 13677.17 1021.222 213.1522 13729.86 1102.348 369.3792 13748.25 1130.665 550 13030.6 524.8627 813.2161 14020.57 303.3721 976.2407 14020.57 248.6827 949.0086 13772.26 272.5916 949.0086 13230.86 732.2319 1030.913 13116.6 613.9107 949.0086 14020.57 550 1050 14020.57 413.1685 1030.913 13803.65 434.0553 1030.913 13838.56 613.6594 1047.867 14020.57 596.1342 1047.867 13533.08 343.4396 949.0086 13401.4 596.5729 1030.913 13729.45 829.4569 997.5817 13784.38 965.4147 886.8479 13677.17 1021.222 886.8479 13594.7 495.9482 1030.913 13501.05 750.0208 1047.867 13480.73 990.9789 997.5817 13663.24 665.591 1047.867 13597.31 898.2433 997.5817 13582.59 1096.459 886.8479 14020.57 1016.236 730.6209 13918.72 1026.043 730.6209 13820.62 1055.103 730.6209 13729.86 1102.348 730.6209</float_array>
          <technique_common>
            <accessor source="#pipeline2-mesh-positions-array" count="1968" stride="3">
              <param name="X" type="float"/>
              <param name="Y" type="float"/>
              <param name="Z" type="float"/>
            </accessor>
          </technique_common>
        </source>
        <source id="pipeline2-mesh-normals">
          <float_array id="pipeline2-mesh-normals-array" count="11808">-1 0 0 -1 0 0 -1 0 0 -1 0 0 -1 0 0 -1 0 0 -1 0 0 -1 0 0 -1 0 0 -1 0 0 -1 0 0 -1 0 0 -1 0 0 -1 0 0 -1 0 0 -1 0 0 -1 0 0 -1 0 0 -1 0 0 -1 0 0 -1 0 0 -1 0 0 -1 0 0 -1 0 0 -1 0 0 -1 0 0 1 0 0 1 0 0 1 0 0 1 0 0 1 0 0 1 0 0 1 0 0 1 0 0 1 0 0 1 0 0 1 0 0 1 0 0 1 0 0 1 0 0 1 0 0 1 0 0 1 0 0 1 0 0 1 0 0 1 0 0 1 0 0 1 0 0 1 0 0 1 0 0 1 0 0 1 0 0 0.009612441 0.2393046 0.9708969 0.007401883 0.6427701 0.7660233 0.003173232 0.6631193 0.748507 -0.002220988 0.3420184 0.9396906 -0.002220988 0.3420194 0.9396902 -0.004931032 0.9847959 0.173646 0.01038771 0.9349658 0.3545857 -0.004285156 0.8660175 0.4999954 -0.004285156 0.8660173 0.4999956 -0.004931032 0.9847957 0.1736466 0.01008051 0.9847576 -0.1736395 0.001120746 0.9927083 -0.1205366 8.0418e-4 -0.8660275 0.4999957 -8.04179e-4 0.866025 -0.5 0.008837759 0.8229517 -0.5680426 -0.005318701 0.6427788 -0.7660334 -0.005318701 0.6427783 -0.7660338 0.01012921 0.4646992 -0.8854107 -0.00338155 0.3420186 -0.9396871 -0.00338155 0.342017 -0.9396877 0.002097725 0.1205368 -0.9927067 -0.005447983 0 -0.9999852 0.002097725 -0.1205368 -0.9927067 -0.00338155 -0.3420176 -0.9396875 -0.00338155 -0.3420186 -0.9396871 0.01012921 -0.4646992 -0.8854107 -0.00531876 -0.6427783 -0.7660338 -0.00531876 -0.6427784 -0.7660337 0.008837759 -0.8229517 -0.5680425 -8.0418e-4 -0.8660251 -0.4999997 -7.39825e-4 -0.9927086 -0.1205366 0.06632733 -0.8641194 -0.4988972 0.01008051 -0.9847576 -0.1736394 -0.004931092 -0.9847956 0.173647 -0.004931092 -0.9847959 0.1736456 0.01038771 -0.9349658 0.3545858 0.002793788 -0.6427851 0.7660415 0.006516933 -0.6631087 0.7484948 -0.004285156 -0.8660175 0.4999953 -0.004285156 -0.8660175 0.4999954 -0.002221047 -0.3420184 0.9396907 -0.002221047 -0.3420195 0.9396902 0.009612441 -0.2393046 0.970897 0 -0.08715569 0.9961947 0 0.08715575 0.9961947 0.1072328 -0.9791292 0.1726479 0.1072328 -0.9791292 -0.1726475 0.6811295 -0.7115164 -0.1726468 0.6811291 -0.7115169 -0.1726465 0.4460495 -0.4659501 -0.7641534 0.4460496 -0.4659494 -0.7641537 0.5997571 -0.6265142 -0.4977663 0.599757 -0.6265145 -0.4977661 0.599757 -0.6265146 -0.4977661 0.1072318 -0.9791294 -0.1726469 -0.09442132 0.8621573 0.4977644 0.09442108 -0.8621565 -0.4977658 0.09442144 -0.8621563 -0.4977661 0.07022291 -0.6412008 -0.7641534 0.07022297 -0.6412007 -0.7641534 0.07022303 -0.6412006 -0.7641535 0.03743118 -0.3417808 -0.9390339 0.03743082 -0.3417806 -0.9390341 0.03743088 -0.3417798 -0.9390344 0 0 -1 0 0 -1 0 0 -1 0.2377587 -0.248366 -0.9390342 0.2377586 -0.2483664 -0.9390341 0.4460494 -0.4659501 -0.7641534 -0.2377588 0.2483664 -0.939034 -0.2377586 0.2483661 -0.9390342 0 0 -1 0 0 -1 -0.03743088 0.3417793 -0.9390345 -0.03743124 0.3417806 -0.9390341 -0.4460496 0.4659494 -0.7641537 -0.4460497 0.4659503 -0.7641531 -0.2377589 0.2483665 -0.9390339 -0.03743106 0.3417809 -0.939034 -0.07022291 0.6412006 -0.7641535 -0.07022291 0.6412007 -0.7641534 -0.07022285 0.641201 -0.7641532 -0.09442138 0.8621562 -0.4977663 -0.0944215 0.8621563 -0.4977661 -0.09442162 0.8621587 -0.497762 -0.107232 0.9791294 -0.1726469 -0.6811292 0.7115169 -0.1726464 -0.6811292 0.7115169 -0.1726463 -0.5997571 0.6265146 -0.497766 -0.5997572 0.6265141 -0.4977664 -0.446051 0.4659506 -0.7641522 -0.6811292 0.7115169 0.1726464 -0.6811289 0.711517 0.1726471 -0.6811289 0.711517 -0.1726471 -0.1072321 0.9791293 -0.1726471 -0.1072321 0.9791293 0.1726474 -0.107232 0.9791294 0.1726469 -0.107232 0.9791294 0.1726468 -0.09442138 0.8621563 0.4977661 -0.09442144 0.8621562 0.4977661 -0.09442138 0.8621562 0.4977663 -0.07022285 0.6412009 0.7641533 -0.4460496 0.4659494 0.7641536 -0.4460514 0.465951 0.7641516 -0.5997573 0.6265143 0.497766 -0.5997568 0.6265143 0.4977665 -0.6811292 0.7115169 0.1726463 -0.2377588 0.2483663 0.9390341 -0.2377585 0.2483661 0.9390342 -0.4460498 0.4659503 0.7641531 -0.07022291 0.6412009 0.7641532 -0.03743094 0.3417795 0.9390344 -0.037431 0.3417805 0.9390342 0 0 1 0 0 1 -0.2377588 0.2483663 0.9390341 -0.037431 0.3417806 0.9390341 -0.00954467 0.08715176 0.9961493 -0.0376622 -0.008349478 0.9992557 0.5997573 -0.6265143 0.4977661 0.4460497 -0.4659494 0.7641537 0.4460496 -0.4659503 0.7641533 0.4460494 -0.4659501 0.7641533 0.2377583 -0.2483661 0.9390342 0.2377588 -0.2483661 0.9390341 0 0 1 0.5109825 -0.8420748 -0.1726464 0.5109838 -0.8420739 -0.1726472 0.4499384 -0.7414743 -0.4977663 0.4499379 -0.7414748 -0.497766 0.3346267 -0.5514478 -0.7641533 0.3346268 -0.5514477 -0.7641534 0.1783667 -0.2939391 -0.9390341 0.1783666 -0.2939394 -0.9390341 0 0 -1 0 0 -1 -0.1783667 0.2939395 -0.939034 -0.1783667 0.2939394 -0.9390341 -0.3346266 0.5514475 -0.7641536 -0.3346265 0.5514475 -0.7641536 -0.4499379 0.7414748 -0.497766 -0.4499378 0.7414751 -0.4977656 -0.5109831 0.8420745 -0.1726465 -0.5109835 0.842074 -0.1726475 -0.5109835 0.8420743 0.1726465 -0.5109829 0.8420744 0.1726475 -0.4499377 0.7414749 0.497766 -0.449938 0.7414749 0.4977657 -0.3346266 0.5514476 0.7641536 -0.3346266 0.5514476 0.7641535 -0.1783668 0.2939394 0.9390341 -0.1783666 0.2939393 0.9390341 0 0 1 0 0 1 0.1783664 -0.2939392 0.9390342 0.1783667 -0.2939392 0.9390341 0.3346269 -0.5514478 0.7641533 0.3346267 -0.5514478 0.7641534 0.3166124 -0.932711 -0.1726472 0.3166128 -0.9327107 -0.1726474 0.2787883 -0.8212833 -0.4977659 0.2787882 -0.8212833 -0.4977659 0.2073396 -0.6108026 -0.7641535 0.2073395 -0.6108029 -0.7641533 0.1105186 -0.3255774 -0.9390341 0.1105186 -0.3255773 -0.9390341 0 0 -1 0 0 -1 -0.1105187 0.3255774 -0.939034 -0.1105186 0.3255774 -0.9390341 -0.2073396 0.6108025 -0.7641535 -0.2073395 0.6108027 -0.7641534 -0.2787881 0.8212834 -0.4977658 -0.2787882 0.8212832 -0.4977661 -0.3166128 0.9327107 -0.1726474 -0.3166126 0.9327109 -0.1726469 -0.3166125 0.9327108 0.1726474 -0.3166128 0.9327108 0.1726468 -0.2787882 0.8212833 0.4977659 -0.278788 0.8212832 0.4977662 -0.2073395 0.6108027 0.7641534 -0.2073397 0.6108027 0.7641534 -0.1105186 0.3255773 0.9390341 -0.1105186 0.3255773 0.9390341 0 0 1 0 0 1 0.1105186 -0.3255773 0.9390341 0.1105185 -0.3255773 0.9390341 0.2073395 -0.6108028 0.7641533 0.2073397 -0.6108028 0.7641531 0.6811291 -0.7115169 0.1726468 0.599757 -0.6265144 0.4977663 0.00954461 -0.0871517 0.9961493 0.03743094 -0.3417807 0.939034 0.03743124 -0.3417804 0.9390342 0.037431 -0.3417795 0.9390344 0.07022309 -0.6412009 0.7641533 0.07022285 -0.6412007 0.7641533 0.09442144 -0.8621564 0.497766 0.5997569 -0.6265144 0.4977664 0.4499378 -0.7414746 0.4977663 0.4499385 -0.7414745 0.497766 0.2787882 -0.8212833 0.497766 0.2787882 -0.8212832 0.497766 0.09442144 -0.8621564 0.497766 0.0944212 -0.8621563 0.4977661 0.6811295 -0.7115164 0.1726465 0.5109839 -0.842074 0.1726465 0.5109825 -0.8420747 0.1726472 0.3166128 -0.9327107 0.1726472 0.3166124 -0.9327108 0.1726474 0.1072318 -0.9791293 0.1726474 0.1072338 -0.9791293 0.1726464 0.6634136 -0.5566702 -0.5000008 0.6634139 -0.5566704 -0.5 0.6634144 -0.5566709 -0.4999988 0.663414 -0.5566704 -0.5 0.4924036 -0.4131756 -0.7660448 0.4924035 -0.4131756 -0.7660447 0.4924038 -0.4131758 -0.7660446 0.4924038 -0.4131758 -0.7660446 0.2620027 -0.2198463 -0.9396926 0.2620027 -0.2198463 -0.9396926 0 0 -1 0 0 -1 0 0 -1 0 0 -1 -0.2620025 0.2198461 -0.9396927 -0.2620025 0.2198462 -0.9396927 -0.262003 0.2198466 -0.9396924 -0.2620029 0.2198465 -0.9396925 -0.492404 0.413176 -0.7660444 -0.4924041 0.413176 -0.7660443 -0.4924014 0.4131738 -0.7660471 -0.4924052 0.4131771 -0.766043 -0.6634141 0.5566706 -0.4999996 -0.6634138 0.5566702 -0.5000004 -0.7544066 0.6330222 -0.1736481 -0.7544066 0.6330223 -0.1736475 -0.7544065 0.6330221 -0.1736486 -0.7544065 0.6330222 -0.1736483 -0.7544065 0.6330222 0.1736486 -0.7544065 0.6330222 0.1736484 -0.7544066 0.6330222 0.1736481 -0.7544066 0.6330222 0.1736475 -0.6634141 0.5566705 0.4999997 -0.6634137 0.5566703 0.5000004 -0.4924018 0.4131743 0.7660467 -0.4924057 0.4131774 0.7660424 -0.4924041 0.413176 0.7660443 -0.4924041 0.413176 0.7660442 -0.2620027 0.2198463 0.9396927 -0.2620025 0.2198461 0.9396927 -0.2620027 0.2198463 0.9396926 -0.2620028 0.2198464 0.9396926 0 0 1 0 0 1 0 0 1 0 0 1 0.2620027 -0.2198463 0.9396926 0.2620027 -0.2198463 0.9396926 0.4924038 -0.4131758 0.7660446 0.4924038 -0.4131758 0.7660446 0.4924036 -0.4131757 0.7660447 0.4924036 -0.4131757 0.7660448 0.6634145 -0.5566709 0.4999988 0.6634139 -0.5566705 0.5 0.6634135 -0.5566701 0.500001 0.6634138 -0.5566704 0.5000002 0.7544065 -0.6330224 0.1736477 0.7544064 -0.6330223 0.1736481 0.7544065 -0.6330224 -0.1736477 0.7544065 -0.6330223 -0.1736481 -0.5997578 0.6265144 0.4977654 -0.1072327 0.9791295 0.1726461 -0.6811296 0.7115163 0.1726471 -0.6811293 0.7115164 0.1726473 -0.6811295 0.7115164 0.1726474 -0.1072325 0.9791294 0.1726465 -0.1072316 0.9791294 0.1726469 -0.09442096 0.8621562 0.4977664 -0.09442102 0.8621562 0.4977664 -0.0944212 0.8621559 0.4977669 -0.5997569 0.6265148 0.4977658 -0.4460482 0.4659484 0.7641552 -0.4460491 0.4659498 0.7641538 -0.07022279 0.6412011 0.7641531 -0.07022297 0.6412011 0.764153 -0.03743082 0.3417786 0.9390348 -0.03743124 0.3417803 0.9390342 -0.03743112 0.3417804 0.9390342 -0.4460503 0.4659495 0.7641533 -0.2377589 0.2483659 0.9390341 -0.2377591 0.2483662 0.939034 0 0 1 0 0 1 0 0 1 -0.2377588 0.2483661 0.9390341 0 0 1 0 0 1 0 0 1 0.2377585 -0.2483658 0.9390343 0.03743129 -0.3417809 0.939034 0.03743094 -0.3417805 0.9390341 0.03743088 -0.3417786 0.9390348 0.237759 -0.2483658 0.9390341 0.4460502 -0.4659493 0.7641534 0.4460506 -0.4659499 0.7641528 0.07022297 -0.6412008 0.7641534 0.07022249 -0.6412003 0.7641538 0.0944209 -0.8621559 0.4977669 0.09442108 -0.8621562 0.4977664 0.09442108 -0.8621561 0.4977664 0.1072317 -0.9791295 0.1726465 0.107232 -0.9791296 0.1726456 0.1072322 -0.9791295 0.1726461 0.4460495 -0.4659497 0.7641536 0.5997573 -0.6265152 0.497765 0.5997571 -0.6265137 0.497767 0.599757 -0.6265137 0.4977672 0.6811296 -0.7115164 0.1726469 0.6811299 -0.7115163 0.1726464 0.6811298 -0.7115163 -0.1726469 0.1072322 -0.9791295 -0.1726464 0.1072317 -0.9791296 -0.1726455 0.0944212 -0.8621574 -0.4977644 0.09442114 -0.8621562 -0.4977664 0.09442096 -0.862156 -0.4977666 0.6811296 -0.7115165 -0.1726464 0.5997571 -0.6265138 -0.497767 0.5997571 -0.6265137 -0.4977669 0.07022267 -0.6412017 -0.7641525 0.07022309 -0.6412001 -0.7641539 0.07022285 -0.6411998 -0.7641541 0.5997573 -0.6265152 -0.497765 0.4460494 -0.4659496 -0.7641537 0.4460505 -0.4659499 -0.7641529 0.4460501 -0.4659492 -0.7641535 0.2377588 -0.2483657 -0.9390342 0.03743112 -0.3417811 -0.9390339 0.03743141 -0.3417806 -0.9390341 0.03743106 -0.3417793 -0.9390345 0.2377588 -0.2483662 -0.9390341 0 0 -1 0 0 -1 0 0 -1 0 0 -1 -0.037431 0.3417794 -0.9390345 -0.03743088 0.3417804 -0.9390341 -0.03743106 0.3417806 -0.9390341 0 0 -1 -0.2377586 0.2483659 -0.9390342 -0.2377592 0.2483661 -0.9390339 -0.1072316 0.9791295 -0.1726463 -0.09442031 0.8621501 -0.497777 -0.0944218 0.8621562 -0.4977663 -0.09442126 0.8621563 -0.4977661 -0.07022273 0.6412011 -0.7641531 -0.07022279 0.6412011 -0.7641531 -0.07022291 0.6412009 -0.7641533 -0.3166116 0.9327111 0.1726471 -0.3166118 0.9327111 0.1726469 -0.2787873 0.8212834 0.4977664 -0.2787882 0.8212833 0.497766 -0.2073397 0.610803 0.7641531 -0.2073397 0.6108031 0.7641531 -0.1105185 0.3255771 0.9390342 -0.1105188 0.3255773 0.9390341 0 0 1 0 0 1 0.1105186 -0.3255774 0.9390341 0.1105184 -0.3255771 0.9390342 0.2073392 -0.6108022 0.7641538 0.2073398 -0.6108027 0.7641533 0.2787883 -0.8212829 0.4977664 0.2787883 -0.8212829 0.4977664 0.3166131 -0.932711 0.1726455 0.3166126 -0.932711 0.1726464 0.3166126 -0.9327111 -0.1726455 0.316613 -0.9327108 -0.1726464 0.2787884 -0.8212829 -0.4977663 0.2787884 -0.8212829 -0.4977664 0.2073397 -0.6108021 -0.7641539 0.2073394 -0.6108027 -0.7641534 0.1105185 -0.3255774 -0.9390341 0.1105186 -0.3255773 -0.9390341 0 0 -1 0 0 -1 -0.1105188 0.3255772 -0.9390341 -0.1105186 0.3255774 -0.9390341 -0.2073397 0.610803 -0.7641531 -0.2073397 0.6108029 -0.7641531 -0.2787881 0.8212831 -0.4977663 -0.2787874 0.8212836 -0.4977659 -0.510984 0.8420739 0.1726469 -0.5109833 0.8420742 0.1726473 -0.4499381 0.7414747 0.497766 -0.4499388 0.7414745 0.4977656 -0.3346275 0.5514478 0.7641531 -0.334626 0.5514478 0.7641537 -0.1783664 0.2939394 0.9390342 -0.1783668 0.2939395 0.9390341 0 0 1 0 0 1 0.1783666 -0.2939391 0.9390342 0.1783663 -0.2939391 0.9390343 0.3346263 -0.551448 0.7641533 0.334627 -0.5514482 0.7641529 0.4499378 -0.7414746 0.4977664 0.4499374 -0.7414745 0.497767 0.510983 -0.8420746 0.1726464 0.5109828 -0.8420746 0.1726468 0.5109828 -0.8420747 -0.1726464 0.5109829 -0.8420745 -0.1726468 0.4499376 -0.7414748 -0.4977664 0.4499377 -0.7414743 -0.4977669 0.3346267 -0.5514478 -0.7641534 0.3346266 -0.5514484 -0.764153 0.1783664 -0.2939393 -0.9390341 0.1783665 -0.2939391 -0.9390342 0 0 -1 0 0 -1 -0.1783667 0.2939394 -0.9390341 -0.1783666 0.2939397 -0.9390339 -0.3346263 0.5514482 -0.7641532 -0.334627 0.551447 -0.7641538 -0.4499388 0.7414744 -0.4977659 -0.4499382 0.741475 -0.4977655 -0.2377593 0.2483662 -0.9390339 -0.4460503 0.4659495 -0.7641533 -0.446049 0.4659497 -0.7641538 -0.4460477 0.4659479 -0.7641558 -0.5997571 0.626515 -0.4977653 -0.5997576 0.6265141 -0.4977658 -0.6811296 0.7115163 -0.1726471 -0.1072326 0.9791293 -0.1726469 -0.3166118 0.932711 -0.172647 -0.3166116 0.9327111 -0.1726469 -0.5109834 0.8420743 -0.1726469 -0.510984 0.8420738 -0.1726473 -0.6811294 0.7115163 -0.1726474 -0.6811295 0.7115164 -0.1726474 0 0 1 0.01621985 -0.08714419 0.9960637 0.01628184 0 0.9998674 0 0.08715587 0.9961947 0 0.3420202 0.9396926 0 0.3420202 0.9396926 0 0.3420183 0.9396933 0 0.3420183 0.9396933 0 0.6427879 0.7660442 0 0.6427879 0.7660442 0 0.866025 0.5000008 0 0.866025 0.5000008 0 0.8660252 0.5000003 0 0.8660252 0.5000003 0 0.9848079 0.1736477 0 0.9848079 0.1736477 0 0.9848079 0.1736474 0 0.9848079 0.1736474 0 0.9848079 -0.1736476 0 0.9848079 -0.1736476 0 -0.8660192 0.5000108 0 -0.8660192 0.5000108 0 0.8660255 -0.4999999 0 0.8660255 -0.4999999 0 0.6427879 -0.7660442 0 0.6427879 -0.7660442 0 0.6427877 -0.7660443 0 0.6427877 -0.7660443 0 0.3420203 -0.9396926 0 0.3420203 -0.9396926 0 0.342019 -0.9396931 0 0.342019 -0.9396931 0 0 -1 0 0 -1 0 -0.342019 -0.9396931 0 -0.342019 -0.9396931 0 -0.3420208 -0.9396924 0 -0.3420208 -0.9396924 0 -0.6427866 -0.7660453 0 -0.6427866 -0.7660453 0 -0.6427887 -0.7660436 0 -0.6427887 -0.7660436 0 -0.8660252 -0.5000004 0 -0.8660252 -0.5000004 0 0.8660264 0.4999982 0 0.8660264 0.4999982 0 -0.9848079 -0.1736476 0 -0.9848079 -0.1736476 0 -0.9848079 0.1736474 0 -0.9848079 0.1736474 0 -0.9848079 0.1736477 0 -0.9848079 0.1736477 0 -0.8660252 0.5000003 0 -0.8660252 0.5000003 0 -0.866025 0.5000008 0 -0.866025 0.5000008 0 -0.6427876 0.7660445 0 -0.6427876 0.7660445 0 -0.3420183 0.9396933 0 -0.3420183 0.9396933 0 -0.3420206 0.9396924 0 -0.3420206 0.9396924 0.7489581 0.6396687 0.1728752 0.7489555 0.6396724 0.1728723 0.09440362 0.9804098 0.1728718 0.09440296 0.9804097 0.1728727 0.09440225 0.9804098 0.1728722 0.0830999 0.8630298 0.4982709 0.08310037 0.86303 0.4982706 0.08310073 0.8630295 0.4982714 0.06177556 0.6415602 0.7645812 0.4901016 0.4185878 0.7645814 0.4900981 0.4185835 0.764586 0.6592879 0.5630853 0.4982714 0.6592872 0.5630869 0.4982706 0.7489563 0.6396719 0.1728709 0.2611353 0.2230301 0.9391837 0.2611353 0.2230303 0.9391836 0.4901033 0.4185872 0.7645806 0.06177556 0.6415602 0.7645811 0.03291493 0.341833 0.9391841 0.03291535 0.3418345 0.9391836 0 0 1 0 0 1 0.2611353 0.2230302 0.9391837 0.03291505 0.3418348 0.9391835 0.008391857 0.08715277 0.9961596 -0.04294544 0.00834757 0.9990426 -0.008391797 -0.0871526 0.9961596 -0.03291493 -0.3418353 0.9391833 -0.03291469 -0.341835 0.9391834 -0.03291469 -0.341833 0.9391841 -0.06177508 -0.6415601 0.7645812 -0.4901018 -0.4185872 0.7645815 -0.4901013 -0.4185866 0.7645822 -0.2611356 -0.2230311 0.9391834 -0.2611354 -0.22303 0.9391837 0 0 1 -0.6592889 -0.5630852 0.4982702 -0.659289 -0.5630857 0.4982696 -0.490103 -0.4185873 0.7645807 -0.06177532 -0.6415599 0.7645815 -0.08310049 -0.8630295 0.4982714 -0.08310049 -0.8630295 0.4982714 -0.08310019 -0.8630298 0.4982709 -0.09440261 -0.9804098 0.1728722 -0.09440255 -0.9804098 0.1728723 -0.09440243 -0.9804099 0.1728718 -0.09440243 -0.9804098 -0.1728723 -0.659289 -0.5630853 -0.4982702 -0.6592851 -0.5630844 -0.4982761 -0.7489563 -0.639671 -0.1728741 -0.7489586 -0.6396695 -0.1728702 -0.7489581 -0.6396691 0.1728741 -0.7489568 -0.6396715 0.1728701 -0.6592851 -0.5630843 0.4982763 -0.09440261 -0.9804098 -0.1728721 -0.08310031 -0.863031 -0.4982689 -0.08310025 -0.8630295 -0.4982713 -0.4901018 -0.4185872 -0.7645816 -0.4901029 -0.4185873 -0.7645808 -0.6592889 -0.5630857 -0.4982696 -0.08310049 -0.8630297 -0.4982709 -0.06177544 -0.641561 -0.7645805 -0.06177574 -0.64156 -0.7645813 -0.06177502 -0.641559 -0.7645822 -0.03291493 -0.3418354 -0.9391833 -0.03291517 -0.3418351 -0.9391834 -0.03291475 -0.3418337 -0.9391838 0 0 -1 0 0 -1 0 0 -1 -0.2611362 -0.2230306 -0.9391833 -0.2611351 -0.2230306 -0.9391835 -0.4901013 -0.4185865 -0.7645822 0.2611355 0.22303 -0.9391836 0.2611351 0.2230299 -0.9391837 0 0 -1 0 0 -1 0.03291499 0.3418337 -0.9391839 0.03291481 0.3418347 -0.9391835 0.4901015 0.4185877 -0.7645815 0.4901033 0.4185872 -0.7645807 0.2611358 0.2230306 -0.9391834 0.6131418 0.7708258 0.1728723 0.6131433 0.7708243 0.1728733 0.5397344 0.678537 0.4982712 0.5397338 0.6785379 0.4982708 0.4012278 0.5044121 0.7645813 0.4012275 0.504413 0.764581 0.2137808 0.2687598 0.9391837 0.2137808 0.2687602 0.9391835 0 0 1 0 0 1 -0.2137814 -0.2687603 0.9391833 -0.2137815 -0.2687599 0.9391834 -0.4012278 -0.5044119 0.7645816 -0.4012278 -0.5044125 0.7645812 -0.5397337 -0.6785383 0.4982703 -0.5397339 -0.6785376 0.4982711 -0.6131426 -0.7708249 0.1728739 -0.6131417 -0.7708259 0.1728718 -0.6131415 -0.7708257 -0.1728739 -0.6131428 -0.770825 -0.1728718 -0.5397342 -0.6785379 -0.4982703 -0.5397334 -0.6785379 -0.4982711 -0.4012274 -0.5044121 -0.7645816 -0.401228 -0.5044121 -0.7645813 -0.2137818 -0.2687603 -0.9391833 -0.2137813 -0.2687602 -0.9391835 0 0 -1 0 0 -1 0.2137807 0.2687601 -0.9391835 0.2137811 0.2687602 -0.9391835 0.4012272 0.5044126 -0.7645813 0.401228 0.5044124 -0.764581 0.5397337 0.6785377 -0.4982711 0.4547982 0.8736553 0.1728731 0.4547969 0.8736561 0.1728724 0.4003461 0.7690573 0.4982708 0.4003461 0.7690574 0.4982707 0.2976098 0.571703 0.764581 0.2976109 0.5717015 0.7645816 0.1585724 0.3046129 0.9391835 0.1585721 0.3046137 0.9391834 0 0 1 0 0 1 -0.158572 -0.3046134 0.9391835 -0.1585719 -0.3046139 0.9391833 -0.2976096 -0.5717028 0.7645812 -0.2976096 -0.5717027 0.7645812 -0.4003459 -0.7690572 0.4982712 -0.4003462 -0.7690565 0.4982721 -0.4547973 -0.8736559 0.172872 -0.4547966 -0.8736565 0.1728707 -0.4547966 -0.8736563 -0.172872 -0.4547974 -0.8736562 -0.1728707 -0.4003464 -0.7690569 -0.4982712 -0.4003456 -0.7690569 -0.498272 -0.2976096 -0.5717027 -0.7645813 -0.2976095 -0.5717027 -0.7645813 -0.1585718 -0.3046137 -0.9391834 -0.1585723 -0.3046138 -0.9391832 0 0 -1 0 0 -1 0.1585719 0.3046134 -0.9391835 0.1585727 0.3046135 -0.9391834 0.2976112 0.5717021 -0.7645812 0.2976094 0.5717021 -0.7645817 0.2797392 0.944384 0.1728724 0.2797391 0.944384 0.1728724 0.2462472 0.8313173 0.4982708 0.2462478 0.831317 0.4982711 0.1830559 0.617985 0.7645817 0.1830545 0.6179863 0.764581 0.09753471 0.3292743 0.9391834 0.09753531 0.3292735 0.9391835 0 0 1 0 0 1 -0.09753525 -0.3292742 0.9391833 -0.09753549 -0.3292739 0.9391834 -0.1830558 -0.6179855 0.7645813 -0.1830557 -0.6179857 0.7645812 -0.2462472 -0.8313168 0.4982718 -0.2462471 -0.831317 0.4982715 -0.2797391 -0.9443842 0.1728711 -0.2797399 -0.9443838 0.1728725 -0.27974 -0.944384 -0.1728711 -0.279739 -0.944384 -0.1728725 -0.246247 -0.8313168 -0.4982717 -0.2462473 -0.831317 -0.4982714 -0.1830556 -0.6179854 -0.7645814 -0.1830558 -0.6179855 -0.7645812 -0.09753555 -0.3292742 -0.9391832 -0.09753519 -0.3292741 -0.9391835 0 0 -1 0 0 -1 0.09753549 0.3292741 -0.9391834 0.09753459 0.3292737 -0.9391836 0.1830542 0.6179855 -0.7645816 0.1830561 0.6179859 -0.7645809 0.03291511 0.341835 -0.9391834 0.0617755 0.64156 -0.7645813 0.06177544 0.6415602 -0.7645812 0.06177556 0.6415602 -0.7645811 0.08310079 0.86303 -0.4982705 0.5397347 0.6785373 -0.4982707 0.4003461 0.7690574 -0.4982707 0.4003462 0.7690574 -0.4982706 0.2462478 0.8313173 -0.4982707 0.2462472 0.8313173 -0.4982711 0.08310091 0.8630299 -0.4982705 -0.08309936 -0.8630238 0.4982814 0.7489539 0.6396735 -0.1728751 0.7489563 0.6396719 -0.1728709 0.6592868 0.5630866 -0.4982714 0.6592882 0.5630856 -0.4982706 0.4900977 0.4185831 -0.7645865 0.7489585 0.639669 -0.1728722 0.6131434 0.7708244 -0.1728724 0.6131417 0.7708256 -0.1728733 0.4547968 0.873656 -0.1728731 0.4547983 0.8736553 -0.1728723 0.2797391 0.944384 -0.1728724 0.2797392 0.944384 -0.1728724 0.09440225 0.9804098 -0.1728727 0.09440362 0.9804098 -0.1728721 -0.8067082 -0.5648621 -0.1736455 -0.8067067 -0.5648628 -0.1736499 -0.8067073 -0.5648633 0.1736454 -0.8067075 -0.5648616 0.1736499 -0.7094039 -0.496729 0.5000063 -0.7094072 -0.4967327 0.499998 -0.7094067 -0.4967325 0.4999989 -0.7094067 -0.4967325 0.4999989 -0.5265413 -0.3686886 0.7660437 -0.5265405 -0.3686875 0.7660448 -0.5265399 -0.368687 0.7660455 -0.5265399 -0.368687 0.7660455 -0.2801662 -0.1961743 0.9396927 -0.2801667 -0.196175 0.9396925 0 0 1 0 0 1 0 0 1 0 0 1 0.2801661 0.1961743 0.9396928 0.280167 0.1961752 0.9396923 0.2801662 0.1961746 0.9396928 0.2801663 0.1961748 0.9396927 0.5265413 0.3686886 0.7660437 0.5265405 0.3686875 0.7660448 0.5265364 0.3686846 0.766049 0.5265383 0.368686 0.7660471 0.7094064 0.4967316 0.5000001 0.7094069 0.4967327 0.4999985 0.8067072 0.5648632 0.1736465 0.8067066 0.5648618 0.1736542 0.806707 0.5648621 0.1736509 0.8067071 0.5648629 0.1736479 0.8067066 0.5648626 -0.1736509 0.8067074 0.5648624 -0.1736479 0.8067077 0.5648626 -0.1736465 0.8067061 0.5648624 -0.1736542 0.7094062 0.4967322 -0.5000001 0.7094073 0.4967322 -0.4999985 0.5265359 0.3686844 -0.7660496 0.5265378 0.3686856 -0.7660475 0.5265415 0.3686882 -0.7660438 0.5265402 0.3686878 -0.7660449 0.2801666 0.196175 -0.9396925 0.2801668 0.1961751 -0.9396924 0.2801657 0.1961743 -0.9396929 0.2801669 0.1961749 -0.9396924 0 0 -1 0 0 -1 0 0 -1 0 0 -1 -0.2801661 -0.1961746 -0.9396927 -0.2801669 -0.1961749 -0.9396925 -0.5265398 -0.368687 -0.7660455 -0.5265398 -0.368687 -0.7660455 -0.5265415 -0.3686881 -0.7660438 -0.5265402 -0.3686878 -0.766045 -0.7094067 -0.4967325 -0.4999989 -0.7094067 -0.4967325 -0.4999989 -0.7094034 -0.4967301 -0.5000061 -0.7094079 -0.4967319 -0.4999979 -0.6592875 -0.5630882 0.4982686 -0.08310025 -0.8630306 0.4982696 -0.7489585 -0.639669 -0.1728721 -0.7489553 -0.6396722 -0.1728742 -0.6592877 -0.5630882 -0.4982685 -0.6592879 -0.5630867 -0.49827 -0.06177544 -0.6415598 -0.7645814 -0.6592884 -0.5630865 -0.4982695 -0.4901016 -0.418587 -0.7645819 -0.4901015 -0.4185875 -0.7645816 -0.4901007 -0.4185872 -0.7645822 -0.2611348 -0.223031 -0.9391836 -0.03291469 -0.341835 -0.9391834 -0.03291505 -0.3418352 -0.9391833 -0.06177532 -0.6415601 -0.7645813 -0.261136 -0.2230308 -0.9391833 0 0 -1 0 0 -1 0.03291517 0.3418349 -0.9391834 0.03291481 0.3418337 -0.9391839 0 0 -1 0 0 -1 -0.03291481 -0.3418337 -0.9391839 0 0 -1 0.261136 0.2230307 -0.9391834 0.2611359 0.2230306 -0.9391834 0.06177532 0.6415598 -0.7645814 0.06177526 0.6415597 -0.7645815 0.03291499 0.3418352 -0.9391834 0.2611361 0.2230306 -0.9391833 0.4901026 0.4185859 -0.7645819 0.4901026 0.4185866 -0.7645813 0.4900999 0.4185845 -0.7645842 0.6592888 0.5630854 -0.4982702 0.08310049 0.86303 -0.4982706 0.08310043 0.86303 -0.4982706 0.06177526 0.6415601 -0.7645813 0.6592897 0.5630851 -0.4982692 0.7489575 0.6396685 -0.1728784 0.7489575 0.6396698 -0.1728739 0.09440273 0.9804097 0.1728728 0.09440273 0.9804096 0.1728727 0.09440273 0.9804096 -0.1728728 0.09440279 0.9804097 -0.1728727 0.08310049 0.863031 -0.4982689 0.748958 0.6396694 -0.1728725 0.748958 0.6396694 0.1728725 0.7489575 0.6396698 0.1728739 0.7489574 0.6396685 0.1728784 0.6592893 0.5630848 0.4982702 0.08310037 0.8630299 0.4982707 0.08310037 0.8630298 0.4982707 0.09440279 0.9804097 0.1728727 0.6592892 0.5630857 0.4982693 0.4901003 0.418585 0.7645837 0.4901027 0.4185867 0.7645813 0.03291487 0.3418349 0.9391834 0.03291487 0.341834 0.9391838 0.06177526 0.64156 0.7645814 0.06177526 0.6415599 0.7645813 0.08310043 0.86303 0.4982705 0.4901027 0.418586 0.7645817 0.2611357 0.2230303 0.9391835 0.261136 0.2230304 0.9391834 0 0 1 0 0 1 0.03291493 0.3418349 0.9391834 -0.06177532 -0.64156 0.7645814 -0.03291499 -0.3418348 0.9391834 -0.03291499 -0.3418347 0.9391834 -0.03291493 -0.3418348 0.9391835 0 0 1 -0.2797392 -0.9443839 -0.1728731 -0.2797393 -0.9443838 -0.172873 -0.2462475 -0.8313175 -0.4982704 -0.2462466 -0.8313176 -0.4982708 -0.1830549 -0.6179853 -0.7645816 -0.1830562 -0.6179856 -0.7645812 -0.09753561 -0.3292739 -0.9391834 -0.09753555 -0.3292738 -0.9391834 0 0 -1 0 0 -1 0.09753537 0.329274 -0.9391834 0.09753543 0.329274 -0.9391834 0.1830556 0.6179854 -0.7645814 0.1830554 0.6179853 -0.7645816 0.2462472 0.8313174 -0.4982706 0.2462473 0.8313174 -0.4982706 0.2797391 0.9443839 -0.172873 0.2797393 0.9443839 -0.1728726 0.2797393 0.9443839 0.1728729 0.2797392 0.9443839 0.1728726 0.2462472 0.8313174 0.4982708 0.2462472 0.8313174 0.4982706 0.1830555 0.6179856 0.7645813 0.1830556 0.6179853 0.7645815 0.09753537 0.3292739 0.9391834 0.09753537 0.3292739 0.9391835 0 0 1 0 0 1 -0.09753555 -0.3292738 0.9391835 -0.09753561 -0.3292737 0.9391835 -0.454796 -0.8736565 -0.172873 -0.4547957 -0.8736566 -0.1728731 -0.400345 -0.7690576 -0.4982712 -0.4003478 -0.769057 -0.4982699 -0.2976111 -0.5717026 -0.7645808 -0.2976085 -0.5717027 -0.7645817 -0.1585713 -0.3046137 -0.9391835 -0.1585722 -0.3046138 -0.9391833 0 0 -1 0 0 -1 0.1585716 0.3046139 -0.9391834 0.1585714 0.3046138 -0.9391835 0.2976087 0.5717026 -0.7645817 0.2976102 0.5717031 -0.7645807 0.4003465 0.7690573 -0.4982705 0.4003455 0.7690572 -0.4982715 0.4547963 0.8736563 -0.1728725 0.4547965 0.8736563 -0.1728722 0.4547965 0.8736563 0.1728725 0.4547963 0.8736564 0.1728722 0.4003458 0.7690577 0.4982706 0.4003462 0.7690567 0.4982717 0.2976098 0.5717022 0.7645816 0.2976093 0.5717039 0.7645806 0.1585714 0.3046138 0.9391834 0.1585715 0.3046137 0.9391835 0 0 1 0 0 1 -0.1585719 -0.3046133 0.9391835 -0.1585715 -0.3046141 0.9391833 -0.6131417 -0.7708256 -0.1728733 -0.6131434 -0.7708244 -0.1728724 -0.5397351 -0.6785378 -0.4982695 -0.5397341 -0.6785383 -0.4982699 -0.4012274 -0.5044116 -0.7645819 -0.4012281 -0.5044115 -0.7645816 -0.2137821 -0.2687603 -0.9391832 -0.2137808 -0.2687603 -0.9391836 0 0 -1 0 0 -1 0.2137814 0.26876 -0.9391834 0.2137817 0.2687601 -0.9391834 0.4012286 0.5044128 -0.7645805 0.4012271 0.5044127 -0.7645814 0.5397325 0.6785381 -0.498272 0.539734 0.678538 -0.4982703 0.6131427 0.7708252 -0.172872 0.6131416 0.7708256 -0.1728736 0.6131418 0.7708258 0.172872 0.6131425 0.7708249 0.1728736 0.5397334 0.6785373 0.498272 0.5397331 0.6785388 0.4982703 0.4012278 0.5044136 0.7645804 0.401228 0.5044121 0.7645813 0.2137814 0.2687598 0.9391835 0.2137814 0.2687601 0.9391835 0 0 1 0 0 1 -0.2137812 -0.2687608 0.9391833 -0.2137815 -0.2687594 0.9391836 0.2611362 0.2230309 0.9391832 0 0 1 0 0 1 0 0 1 -0.2611353 -0.2230302 0.9391836 -0.2611353 -0.2230315 0.9391833 -0.4901008 -0.4185873 0.7645822 -0.06177508 -0.6415601 0.7645813 -0.1830561 -0.6179852 0.7645814 -0.1830552 -0.617986 0.764581 -0.297609 -0.5717037 0.7645809 -0.2976106 -0.5717015 0.7645818 -0.401228 -0.5044113 0.7645818 -0.4012277 -0.5044119 0.7645815 -0.4901016 -0.4185876 0.7645816 -0.4901016 -0.4185871 0.7645817 -0.09440302 -0.9804096 0.1728731 -0.08310061 -0.8630298 0.4982709 -0.08310079 -0.8630298 0.4982707 -0.2462467 -0.8313177 0.4982705 -0.2462474 -0.8313172 0.4982708 -0.4003475 -0.7690564 0.4982711 -0.4003455 -0.7690584 0.4982699 -0.5397343 -0.6785385 0.4982696 -0.5397349 -0.6785376 0.49827 -0.6592881 -0.5630863 0.49827 -0.6592876 -0.5630873 0.4982695 -0.06177502 -0.6415595 -0.7645818 -0.08310019 -0.8630301 -0.4982706 -0.08310043 -0.8630299 -0.4982706 -0.08310073 -0.863031 -0.4982688 -0.09440308 -0.9804096 -0.172873 -0.09440362 -0.9804096 -0.1728727 -0.09440362 -0.9804098 0.1728718 -0.09440279 -0.9804096 0.172873 -0.2797393 -0.9443838 0.172873 -0.2797392 -0.9443839 0.172873 -0.4547957 -0.8736566 0.172873 -0.4547959 -0.8736564 0.1728731 -0.6131433 -0.7708243 0.1728733 -0.6131418 -0.7708258 0.1728723 -0.7489556 -0.6396723 0.1728723 -0.7489582 -0.6396687 0.1728743 0 -0.3420201 0.9396926 0 -0.3420201 0.9396926 0 -0.3420201 0.9396927 0 -0.3420201 0.9396927 0 -0.6427876 0.7660445 0 -0.6427876 0.7660445 0 -0.8660259 0.4999989 0 -0.8660259 0.4999989 0 -0.8660252 0.5000003 0 -0.8660252 0.5000003 0 -0.9848076 0.1736486 0 -0.9848076 0.1736486 0 -0.984808 0.1736474 0 -0.984808 0.1736474 0 -0.9848078 -0.1736482 0 -0.9848078 -0.1736482 0 -0.8660264 -0.4999982 0 -0.8660264 -0.4999982 0 -0.8660255 -0.5 0 -0.8660255 -0.5 0 -0.6427872 -0.7660448 0 -0.6427872 -0.7660448 0 -0.6427877 -0.7660443 0 -0.6427877 -0.7660443 0 -0.3420205 -0.9396924 0 -0.3420205 -0.9396924 0 -0.342019 -0.939693 0 -0.342019 -0.939693 0 0 -1 0 0 -1 0 0.342019 -0.939693 0 0.342019 -0.939693 0 0.3420205 -0.9396924 0 0.3420205 -0.9396924 0 0.6427875 -0.7660446 0 0.6427875 -0.7660446 0 0.6427877 -0.7660443 0 0.6427877 -0.7660443 0 0.8660254 -0.5000001 0 0.8660254 -0.5000001 0 -0.8660264 0.4999982 0 -0.8660264 0.4999982 0 0.9848078 -0.1736482 0 0.9848078 -0.1736482 0 0.9848077 0.1736482 0 0.9848077 0.1736482 0 0.9848077 0.1736482 0 0.9848077 0.1736482 0 0.8660253 0.5000001 0 0.8660253 0.5000001 0 0.8660255 0.4999999 0 0.8660255 0.4999999 0 0.6427877 0.7660444 0 0.6427877 0.7660444 0 0.3420192 0.9396929 0 0.3420192 0.9396929 0 0.3420202 0.9396926 0 0.3420202 0.9396926 0 0.08715575 0.9961947 0.008247196 0 0.999966 0.008215785 -0.08715283 0.9961611 0 0 1 0.1072327 -0.9791295 0.1726461 0.1072326 -0.9791293 -0.1726472 0.6811295 -0.7115165 -0.1726459 0.6811298 -0.7115164 -0.1726461 0.4460495 -0.4659491 -0.764154 0.4460489 -0.4659523 -0.7641524 0.5997551 -0.6265171 -0.4977651 0.5997577 -0.6265124 -0.4977678 0.5997575 -0.6265141 -0.4977661 0.107232 -0.9791294 -0.1726469 0.0944215 -0.8621573 -0.4977644 0.09442132 -0.8621565 -0.4977658 0.09442162 -0.8621563 -0.4977661 0.07022303 -0.6412007 -0.7641534 0.07022356 -0.6412004 -0.7641537 0.07022315 -0.641201 -0.7641533 0.03743118 -0.3417809 -0.9390339 0.03743088 -0.3417806 -0.9390341 0.03743094 -0.3417793 -0.9390345 0 0 -1 0 0 -1 0 0 -1 0.2377592 -0.2483662 -0.939034 0.2377592 -0.2483657 -0.9390341 0.4460518 -0.4659502 -0.7641519 -0.2377585 0.2483661 -0.9390342 -0.2377584 0.2483658 -0.9390343 0 0 -1 0 0 -1 -0.03743088 0.3417793 -0.9390345 -0.03743124 0.3417806 -0.9390341 -0.4460491 0.4659504 -0.7641534 -0.4460489 0.4659483 -0.7641547 -0.2377595 0.2483665 -0.9390338 -0.03743106 0.3417809 -0.939034 -0.07022291 0.6412006 -0.7641535 -0.07022297 0.6412007 -0.7641534 -0.07022291 0.641201 -0.7641533 -0.0944215 0.8621563 -0.4977662 -0.0944215 0.8621563 -0.4977661 -0.09442156 0.8621574 -0.4977644 -0.1072321 0.9791293 -0.1726469 -0.6811284 0.7115179 -0.1726448 -0.6811286 0.7115148 -0.1726575 -0.5997577 0.626514 -0.4977659 -0.5997577 0.626514 -0.4977658 -0.446067 0.4659669 -0.7641328 -0.6811284 0.7115179 0.1726448 -0.681129 0.7115178 0.1726434 -0.681129 0.7115178 -0.1726433 -0.1072322 0.9791294 -0.1726469 -0.1072321 0.9791293 0.172647 -0.1072321 0.9791294 0.1726469 -0.1072321 0.9791294 0.1726469 -0.09442144 0.8621563 0.4977663 -0.09442144 0.8621562 0.4977662 -0.0944215 0.8621563 0.497766 -0.07022291 0.6412009 0.7641533 -0.4460492 0.4659505 0.7641533 -0.4460675 0.4659674 0.7641323 -0.5997577 0.626514 0.497766 -0.5997577 0.626514 0.4977658 -0.6811286 0.7115148 0.1726575 -0.2377586 0.2483659 0.9390343 -0.2377591 0.2483661 0.9390341 -0.446049 0.4659484 0.7641547 -0.07022291 0.6412009 0.7641533 -0.03743094 0.3417795 0.9390344 -0.03743094 0.3417805 0.9390341 0 0 1 0 0 1 -0.2377586 0.2483659 0.9390342 -0.037431 0.3417806 0.9390341 -0.00954461 0.08715176 0.9961493 -0.03766226 -0.008349478 0.9992557 0.5997542 -0.6265161 0.4977676 0.446049 -0.4659524 0.7641523 0.4460496 -0.4659491 0.7641539 0.446052 -0.4659503 0.7641518 0.2377594 -0.2483659 0.939034 0.2377589 -0.2483659 0.9390341 0 0 1 0.510982 -0.8420752 -0.1726461 0.5109844 -0.8420736 -0.1726475 0.4499391 -0.7414745 -0.4977655 0.4499396 -0.7414739 -0.4977658 0.3346276 -0.5514465 -0.7641539 0.3346264 -0.5514487 -0.7641529 0.1783666 -0.2939397 -0.9390339 0.1783668 -0.2939391 -0.9390341 0 0 -1 0 0 -1 -0.1783667 0.2939391 -0.9390341 -0.1783666 0.2939398 -0.9390339 -0.3346262 0.5514481 -0.7641533 -0.3346263 0.5514471 -0.7641539 -0.4499379 0.7414748 -0.497766 -0.4499377 0.7414755 -0.4977652 -0.5109829 0.8420749 -0.1726453 -0.5109837 0.8420739 -0.1726474 -0.5109839 0.8420743 0.1726454 -0.5109827 0.8420746 0.1726474 -0.4499375 0.741475 0.4977661 -0.4499382 0.7414751 0.4977652 -0.3346267 0.5514478 0.7641533 -0.3346258 0.5514475 0.7641539 -0.1783664 0.2939392 0.9390342 -0.178367 0.2939395 0.9390339 0 0 1 0 0 1 0.1783669 -0.2939394 0.9390339 0.1783663 -0.2939392 0.9390342 0.3346259 -0.5514478 0.7641537 0.3346284 -0.5514477 0.7641527 0.3166124 -0.9327108 -0.1726474 0.3166114 -0.9327113 -0.1726468 0.2787871 -0.8212838 -0.4977658 0.2787872 -0.8212836 -0.497766 0.207339 -0.6108033 -0.7641531 0.2073396 -0.6108027 -0.7641534 0.1105186 -0.3255773 -0.9390341 0.1105186 -0.3255774 -0.9390341 0 0 -1 0 0 -1 -0.1105187 0.3255777 -0.9390339 -0.1105188 0.3255774 -0.9390341 -0.2073397 0.6108022 -0.7641537 -0.2073394 0.6108027 -0.7641534 -0.278788 0.8212836 -0.4977655 -0.2787883 0.8212831 -0.4977661 -0.3166129 0.9327107 -0.1726472 -0.3166128 0.9327107 -0.172647 -0.3166128 0.9327107 0.1726472 -0.3166129 0.9327107 0.172647 -0.2787884 0.8212834 0.4977656 -0.2787879 0.8212832 0.4977663 -0.2073394 0.6108024 0.7641536 -0.2073398 0.6108027 0.7641533 -0.1105188 0.3255775 0.939034 -0.1105186 0.3255773 0.9390341 0 0 1 0 0 1 0.1105185 -0.3255772 0.9390341 0.1105186 -0.3255773 0.9390342 0.2073398 -0.6108031 0.764153 0.2073389 -0.610803 0.7641534 0.6811298 -0.7115164 0.172646 0.5997574 -0.626514 0.4977663 0.00954467 -0.08715176 0.9961493 0.03743106 -0.3417804 0.9390341 0.03743112 -0.3417804 0.9390342 0.03743112 -0.3417804 0.9390341 0.07022315 -0.6412008 0.7641533 0.07022303 -0.6412007 0.7641533 0.09442168 -0.8621569 0.4977651 0.5997572 -0.6265152 0.497765 0.4499397 -0.741474 0.4977656 0.4499389 -0.7414742 0.4977659 0.2787872 -0.8212836 0.497766 0.278787 -0.8212836 0.497766 0.09442204 -0.8621563 0.497766 0.09442138 -0.8621562 0.4977664 0.6811296 -0.7115166 0.1726461 0.5109844 -0.8420737 0.1726462 0.5109819 -0.842075 0.1726476 0.3166114 -0.9327111 0.1726473 0.3166124 -0.932711 0.1726468 0.107232 -0.9791293 0.1726472 0.1072318 -0.9791294 0.1726474 0.6634137 -0.5566701 -0.5000008 0.663414 -0.5566704 -0.5 0.6634144 -0.5566708 -0.4999988 0.6634134 -0.5566695 -0.5000017 0.4924037 -0.4131755 -0.7660448 0.4924048 -0.4131766 -0.7660436 0.4924067 -0.4131782 -0.7660413 0.4924054 -0.4131771 -0.7660428 0.2620027 -0.2198463 -0.9396926 0.2620027 -0.2198463 -0.9396926 0 0 -1 0 0 -1 0 0 -1 0 0 -1 -0.2620024 0.2198461 -0.9396928 -0.2620022 0.219846 -0.9396929 -0.2620031 0.2198467 -0.9396924 -0.2620033 0.2198469 -0.9396923 -0.4924057 0.4131775 -0.7660424 -0.4924027 0.4131744 -0.7660461 -0.4923871 0.4131614 -0.766063 -0.4924246 0.4131934 -0.7660218 -0.6634141 0.5566706 -0.4999996 -0.663414 0.5566706 -0.4999996 -0.7544047 0.6330209 -0.1736605 -0.7544049 0.633021 -0.1736599 -0.7544069 0.6330228 -0.1736445 -0.754407 0.6330229 -0.1736442 -0.7544069 0.6330227 0.1736445 -0.754407 0.6330229 0.1736442 -0.7544047 0.6330209 0.1736605 -0.7544049 0.633021 0.1736599 -0.663414 0.5566706 0.4999997 -0.6634141 0.5566706 0.4999997 -0.4923873 0.4131621 0.7660626 -0.4924253 0.4131934 0.7660213 -0.492406 0.4131772 0.7660424 -0.4924024 0.4131748 0.7660461 -0.2620026 0.2198463 0.9396926 -0.2620029 0.2198466 0.9396925 -0.2620026 0.2198463 0.9396926 -0.2620024 0.2198461 0.9396927 0 0 1 0 0 1 0 0 1 0 0 1 0.2620027 -0.2198463 0.9396927 0.2620027 -0.2198463 0.9396927 0.4924068 -0.4131783 0.7660413 0.4924054 -0.4131771 0.7660428 0.4924037 -0.4131757 0.7660447 0.4924049 -0.4131765 0.7660434 0.6634146 -0.5566706 0.4999988 0.6634132 -0.5566697 0.5000017 0.6634135 -0.55667 0.500001 0.663414 -0.5566703 0.5000002 0.754407 -0.6330226 0.1736448 0.7544066 -0.6330225 0.1736471 0.7544069 -0.6330228 -0.1736449 0.7544067 -0.6330223 -0.1736471 -0.5997569 0.6265144 0.4977664 -0.107231 0.9791296 0.1726461 -0.6811277 0.7115155 0.1726582 -0.6811333 0.7115126 0.1726477 -0.6811299 0.7115169 0.1726437 -0.1072294 0.9791294 0.1726484 -0.1072327 0.9791293 0.1726467 -0.09442192 0.862156 0.4977664 -0.09442353 0.8621565 0.4977654 -0.09442263 0.8621578 0.4977633 -0.5997577 0.626514 0.4977659 -0.4460369 0.4659354 0.7641698 -0.4460485 0.4659518 0.764153 -0.07022362 0.6412007 0.7641533 -0.07022231 0.6412002 0.7641539 -0.03743058 0.3417786 0.9390348 -0.03743112 0.3417809 0.9390339 -0.03743153 0.3417804 0.9390342 -0.4460517 0.465951 0.7641514 -0.2377589 0.2483659 0.9390342 -0.2377591 0.2483664 0.9390339 0 0 1 0 0 1 0 0 1 -0.2377586 0.2483662 0.9390341 0 0 1 0 0 1 0 0 1 0.237757 -0.2483661 0.9390345 0.03743082 -0.3417804 0.9390341 0.0374307 -0.3417803 0.9390342 0.03743058 -0.3417751 0.9390361 0.2377586 -0.2483664 0.9390341 0.4460521 -0.465953 0.7641501 0.4460496 -0.4659491 0.7641539 0.07022327 -0.6412014 0.7641528 0.07022315 -0.6412013 0.7641529 0.09442168 -0.8621558 0.4977669 0.09442174 -0.8621559 0.4977667 0.09442162 -0.8621562 0.4977664 0.1072323 -0.9791294 0.1726464 0.107232 -0.9791293 0.1726474 0.1072317 -0.9791296 0.1726461 0.4460499 -0.4659492 0.7641537 0.599758 -0.6265144 0.497765 0.599758 -0.6265154 0.4977637 0.5997561 -0.6265146 0.4977672 0.6811284 -0.7115173 0.1726478 0.6811305 -0.7115163 0.1726438 0.68113 -0.7115157 -0.1726477 0.1072317 -0.9791294 -0.1726463 0.1072323 -0.9791293 -0.1726474 0.09442019 -0.8621429 -0.4977895 0.09442102 -0.862156 -0.4977665 0.0944218 -0.8621566 -0.4977656 0.6811289 -0.7115178 -0.1726438 0.5997561 -0.6265147 -0.497767 0.599758 -0.6265155 -0.4977636 0.07022303 -0.6412003 -0.7641537 0.07022285 -0.6412013 -0.764153 0.07022333 -0.641202 -0.7641523 0.599758 -0.6265144 -0.4977651 0.4460499 -0.4659491 -0.7641538 0.4460495 -0.465949 -0.764154 0.446052 -0.465953 -0.7641502 0.2377579 -0.2483656 -0.9390345 0.03743112 -0.3417801 -0.9390343 0.037431 -0.3417804 -0.9390341 0.0374307 -0.3417793 -0.9390345 0.2377581 -0.2483671 -0.939034 0 0 -1 0 0 -1 0 0 -1 0 0 -1 -0.03743141 0.3417794 -0.9390345 -0.03743124 0.341781 -0.9390339 -0.03743076 0.3417806 -0.9390341 0 0 -1 -0.2377585 0.2483661 -0.9390342 -0.2377593 0.2483663 -0.9390339 -0.1072326 0.9791292 -0.1726475 0.0944221 -0.8621572 0.4977644 -0.09442198 0.8621567 -0.4977653 -0.09442251 0.8621565 -0.4977656 -0.07022356 0.6411998 -0.7641541 -0.07022285 0.6412004 -0.7641537 -0.07022243 0.6412009 -0.7641533 -0.3166154 0.9327101 0.1726462 -0.3166128 0.9327107 0.1726475 -0.2787885 0.8212838 0.4977648 -0.2787867 0.8212839 0.4977658 -0.2073382 0.6108022 0.7641542 -0.2073395 0.6108024 0.7641537 -0.1105187 0.3255777 0.9390339 -0.1105183 0.3255776 0.9390341 0 0 1 0 0 1 0.1105186 -0.3255774 0.9390341 0.1105182 -0.3255771 0.9390342 0.2073391 -0.6108031 0.7641532 0.2073394 -0.6108033 0.764153 0.2787874 -0.8212829 0.4977671 0.2787885 -0.8212832 0.4977658 0.3166131 -0.9327108 0.1726458 0.316613 -0.9327109 0.172646 0.316613 -0.9327109 -0.1726458 0.3166131 -0.9327108 -0.172646 0.2787883 -0.8212826 -0.497767 0.2787877 -0.8212836 -0.4977658 0.2073393 -0.610803 -0.7641533 0.2073392 -0.6108033 -0.7641531 0.1105183 -0.3255776 -0.9390341 0.1105186 -0.3255771 -0.9390342 0 0 -1 0 0 -1 -0.1105185 0.3255779 -0.9390339 -0.1105186 0.3255775 -0.939034 -0.2073392 0.6108018 -0.7641541 -0.2073383 0.6108027 -0.7641536 -0.2787868 0.8212844 -0.4977649 -0.2787883 0.8212834 -0.4977658 -0.5109828 0.8420743 0.1726483 -0.5109844 0.8420736 0.1726474 -0.4499391 0.7414745 0.4977653 -0.4499371 0.7414751 0.4977664 -0.3346258 0.5514475 0.7641538 -0.3346277 0.5514475 0.7641531 -0.1783671 0.293939 0.9390341 -0.1783676 0.2939391 0.939034 0 0 1 0 0 1 0.1783671 -0.2939386 0.9390342 0.1783665 -0.2939384 0.9390344 0.3346275 -0.5514482 0.7641528 0.334626 -0.5514476 0.7641537 0.4499375 -0.7414754 0.4977654 0.4499384 -0.7414756 0.4977645 0.5109834 -0.8420745 0.1726458 0.5109824 -0.8420748 0.1726474 0.5109826 -0.842075 -0.1726458 0.5109832 -0.8420742 -0.1726474 0.4499381 -0.7414751 -0.4977654 0.4499378 -0.7414759 -0.4977644 0.3346266 -0.5514485 -0.7641528 0.3346268 -0.551447 -0.7641538 0.1783668 -0.2939389 -0.9390342 0.1783668 -0.2939382 -0.9390344 0 0 -1 0 0 -1 -0.1783675 0.2939389 -0.939034 -0.1783674 0.2939394 -0.939034 -0.3346272 0.5514467 -0.7641538 -0.3346263 0.5514483 -0.7641531 -0.4499374 0.7414755 -0.4977654 -0.4499388 0.7414739 -0.4977664 -0.2377593 0.2483662 -0.939034 -0.4460518 0.465951 -0.7641515 -0.4460484 0.4659518 -0.7641531 -0.4460364 0.4659349 -0.7641703 -0.5997576 0.6265138 -0.4977663 -0.5997571 0.6265146 -0.4977658 -0.6811277 0.7115155 -0.1726582 -0.1072309 0.9791296 -0.1726466 -0.3166128 0.9327108 -0.1726462 -0.3166154 0.9327098 -0.1726477 -0.5109843 0.8420734 -0.1726483 -0.5109828 0.8420744 -0.1726474 -0.6811333 0.7115126 -0.1726477 -0.6811299 0.7115169 -0.1726437 0 0 1 0.008215785 -0.08715295 0.9961611 0.008247196 0 0.999966 0 0.08715587 0.9961947 0 0.3420201 0.9396926 0 0.3420201 0.9396926 0 0.3420183 0.9396933 0 0.3420183 0.9396933 0 0.6427876 0.7660445 0 0.6427876 0.7660445 0 0.866027 0.4999971 0 0.866027 0.4999971 0 0.8660252 0.5000003 0 0.8660252 0.5000003 0 0.9848075 0.1736496 0 0.9848075 0.1736496 0 0.984808 0.1736474 0 0.984808 0.1736474 0 0.9848076 -0.1736488 0 0.9848076 -0.1736488 0 -0.8660264 0.4999982 0 -0.8660264 0.4999982 0 0.8660257 -0.4999994 0 0.8660257 -0.4999994 0 0.6427872 -0.7660448 0 0.6427872 -0.7660448 0 0.6427877 -0.7660443 0 0.6427877 -0.7660443 0 0.3420203 -0.9396926 0 0.3420203 -0.9396926 0 0.342019 -0.9396931 0 0.342019 -0.9396931 0 0 -1 0 0 -1 0 -0.342019 -0.9396931 0 -0.342019 -0.9396931 0 -0.3420197 -0.9396927 0 -0.3420197 -0.9396927 0 -0.6427888 -0.7660435 0 -0.6427888 -0.7660435 0 -0.6427872 -0.7660448 0 -0.6427872 -0.7660448 0 -0.8660257 -0.4999994 0 -0.8660257 -0.4999994 0 0.8660119 0.5000234 0 0.8660119 0.5000234 0 -0.9848079 -0.1736476 0 -0.9848079 -0.1736476 0 -0.984808 0.1736474 0 -0.984808 0.1736474 0 -0.9848078 0.1736477 0 -0.9848078 0.1736477 0 -0.8660252 0.5000003 0 -0.8660252 0.5000003 0 -0.866025 0.5000008 0 -0.866025 0.5000008 0 -0.6427882 0.766044 0 -0.6427882 0.766044 0 -0.3420147 0.9396945 0 -0.3420147 0.9396945 0 -0.3420201 0.9396926 0 -0.3420201 0.9396926 0.7489562 0.6396726 0.1728681 0.7489596 0.6396676 0.1728721 0.09440308 0.9804098 0.1728718 0.09440273 0.9804098 0.1728723 0.09440511 0.9804092 0.172874 0.0831024 0.8630297 0.4982708 0.08310133 0.8630295 0.4982714 0.0830996 0.8630316 0.4982678 0.06177461 0.6415603 0.7645812 0.4901021 0.4185876 0.7645812 0.4901102 0.4185972 0.7645707 0.6592854 0.5630878 0.4982719 0.6592871 0.5630843 0.4982736 0.748957 0.6396694 0.1728771 0.2611359 0.2230303 0.9391834 0.2611364 0.2230317 0.9391829 0.4901025 0.4185875 0.764581 0.06177508 0.64156 0.7645815 0.03291469 0.3418331 0.9391841 0.03291523 0.341835 0.9391834 0 0 1 0 0 1 0.2611355 0.2230303 0.9391835 0.03291547 0.3418348 0.9391834 0.008391976 0.08715277 0.9961596 -0.0429452 0.008347749 0.9990426 -0.008391737 -0.08715277 0.9961596 -0.03291463 -0.3418348 0.9391835 -0.03291469 -0.3418349 0.9391834 -0.03291469 -0.3418294 0.9391855 -0.06177574 -0.64156 0.7645812 -0.4901036 -0.4185861 0.764581 -0.4901062 -0.4185896 0.7645775 -0.2611347 -0.2230298 0.9391839 -0.2611348 -0.2230303 0.9391838 0 0 1 -0.6592883 -0.5630871 0.4982689 -0.6592876 -0.5630831 0.4982743 -0.4901028 -0.418586 0.7645816 -0.06177538 -0.6415605 0.7645809 -0.08310049 -0.8630295 0.4982714 -0.08310073 -0.86303 0.4982705 -0.08310091 -0.8630298 0.4982709 -0.09440344 -0.9804097 0.1728722 -0.09440314 -0.9804096 0.1728728 -0.09440296 -0.9804098 0.1728718 -0.0944029 -0.9804096 -0.1728728 -0.6592883 -0.5630872 -0.4982688 -0.6592908 -0.5630878 -0.4982647 -0.7489575 -0.6396704 -0.1728714 -0.7489578 -0.6396701 -0.1728709 -0.7489576 -0.6396702 0.1728714 -0.7489576 -0.6396704 0.1728709 -0.6592907 -0.5630877 0.4982649 -0.09440344 -0.9804097 -0.1728721 -0.08309966 -0.8630166 -0.4982939 -0.08310031 -0.8630301 -0.4982704 -0.4901034 -0.418586 -0.7645812 -0.4901027 -0.4185859 -0.7645816 -0.6592876 -0.563083 -0.4982743 -0.08310055 -0.8630303 -0.49827 -0.06177526 -0.6415596 -0.7645817 -0.06177514 -0.6415601 -0.7645813 -0.06177586 -0.6415611 -0.7645804 -0.03291517 -0.3418344 -0.9391836 -0.03291487 -0.3418349 -0.9391834 -0.03291451 -0.3418337 -0.9391839 0 0 -1 0 0 -1 0 0 -1 -0.2611346 -0.2230301 -0.9391838 -0.2611351 -0.2230301 -0.9391838 -0.4901061 -0.4185895 -0.7645776 0.2611362 0.2230302 -0.9391834 0.2611353 0.2230301 -0.9391837 0 0 -1 0 0 -1 0.03291535 0.3418337 -0.9391838 0.03291517 0.3418352 -0.9391833 0.490102 0.4185875 -0.7645813 0.4901025 0.4185874 -0.7645811 0.2611368 0.223032 -0.9391827 0.6131426 0.770825 0.1728723 0.6131441 0.7708237 0.1728733 0.539735 0.6785364 0.4982717 0.5397334 0.6785385 0.4982704 0.4012275 0.5044127 0.7645811 0.4012274 0.504413 0.7645809 0.2137811 0.2687603 0.9391835 0.2137812 0.2687599 0.9391836 0 0 1 0 0 1 -0.213781 -0.268759 0.9391838 -0.2137809 -0.2687609 0.9391834 -0.4012265 -0.5044136 0.764581 -0.4012267 -0.5044123 0.7645819 -0.5397334 -0.6785395 0.4982692 -0.5397331 -0.6785404 0.4982681 -0.6131408 -0.7708268 0.1728714 -0.613142 -0.7708253 0.1728743 -0.6131423 -0.7708256 -0.1728714 -0.6131404 -0.7708264 -0.1728743 -0.5397328 -0.67854 -0.498269 -0.5397338 -0.6785399 -0.498268 -0.4012272 -0.504413 -0.7645812 -0.4012259 -0.5044128 -0.764582 -0.2137801 -0.2687599 -0.9391838 -0.213782 -0.2687603 -0.9391833 0 0 -1 0 0 -1 0.2137814 0.2687601 -0.9391834 0.213781 0.2687601 -0.9391835 0.4012273 0.5044129 -0.7645812 0.4012276 0.5044128 -0.764581 0.539733 0.6785381 -0.4982715 0.4547948 0.873657 0.172873 0.4547967 0.8736559 0.172874 0.4003463 0.7690576 0.4982703 0.4003462 0.7690576 0.4982703 0.2976097 0.5717028 0.7645812 0.2976104 0.5717017 0.7645817 0.1585723 0.3046132 0.9391835 0.1585717 0.3046144 0.9391831 0 0 1 0 0 1 -0.1585719 -0.3046139 0.9391833 -0.158572 -0.3046135 0.9391835 -0.2976098 -0.571702 0.7645817 -0.2976094 -0.5717035 0.7645808 -0.4003459 -0.769059 0.4982686 -0.4003474 -0.7690559 0.498272 -0.4547984 -0.8736549 0.1728742 -0.4547972 -0.873656 0.1728718 -0.454797 -0.8736556 -0.1728742 -0.4547986 -0.8736553 -0.1728718 -0.4003483 -0.7690577 -0.4982686 -0.400345 -0.7690571 -0.498272 -0.2976088 -0.5717025 -0.7645817 -0.2976104 -0.571703 -0.7645808 -0.1585723 -0.3046139 -0.9391834 -0.1585718 -0.3046137 -0.9391834 0 0 -1 0 0 -1 0.1585714 0.3046138 -0.9391834 0.1585727 0.3046141 -0.9391831 0.2976107 0.5717021 -0.7645813 0.2976094 0.5717021 -0.7645817 0.2797392 0.9443838 0.1728737 0.2797367 0.9443847 0.1728725 0.2462452 0.8313183 0.4982702 0.2462476 0.8313168 0.4982715 0.1830558 0.6179851 0.7645816 0.1830549 0.6179859 0.7645812 0.09753507 0.3292744 0.9391833 0.09753531 0.3292741 0.9391833 0 0 1 0 0 1 -0.09753537 -0.3292738 0.9391834 -0.09753519 -0.3292742 0.9391834 -0.1830552 -0.617986 0.764581 -0.1830554 -0.6179857 0.7645812 -0.2462469 -0.8313171 0.4982714 -0.2462464 -0.8313177 0.4982706 -0.2797381 -0.9443843 0.1728723 -0.2797391 -0.9443838 0.1728739 -0.2797392 -0.944384 -0.1728723 -0.2797381 -0.944384 -0.1728739 -0.2462463 -0.8313174 -0.4982712 -0.2462471 -0.8313176 -0.4982705 -0.1830554 -0.6179859 -0.764581 -0.1830551 -0.6179857 -0.7645812 -0.09753507 -0.3292741 -0.9391834 -0.09753549 -0.3292742 -0.9391833 0 0 -1 0 0 -1 0.09753537 0.3292744 -0.9391832 0.09753507 0.3292743 -0.9391833 0.1830548 0.6179853 -0.7645817 0.1830559 0.6179855 -0.7645813 0.03291487 0.341835 -0.9391834 0.06177508 0.6415601 -0.7645813 0.06177508 0.6415601 -0.7645813 0.06177449 0.6415596 -0.7645817 0.08309948 0.8630304 -0.49827 0.5397355 0.6785369 -0.4982703 0.4003462 0.7690576 -0.4982702 0.4003463 0.7690576 -0.4982703 0.2462478 0.8313175 -0.4982703 0.246245 0.8313176 -0.4982715 0.08310216 0.8630293 -0.4982714 -0.08310258 -0.8630309 0.4982687 0.7489618 0.6396661 -0.1728683 0.748957 0.6396695 -0.1728771 0.659288 0.563085 -0.4982717 0.6592847 0.5630872 -0.4982734 0.4901097 0.4185969 -0.7645712 0.7489557 0.6396722 -0.1728723 0.6131442 0.7708238 -0.1728724 0.6131425 0.770825 -0.1728733 0.4547968 0.873656 -0.1728731 0.4547947 0.8736568 -0.1728741 0.2797366 0.9443845 -0.1728736 0.2797392 0.944384 -0.1728725 0.09440511 0.9804095 -0.1728724 0.09440308 0.9804095 -0.1728733 -0.8067077 -0.5648624 -0.1736462 -0.8067062 -0.5648622 -0.1736539 -0.8067073 -0.564863 0.1736462 -0.8067066 -0.5648617 0.173654 -0.7094095 -0.4967336 0.499994 -0.7094095 -0.4967335 0.499994 -0.7094048 -0.4967302 0.500004 -0.709407 -0.4967321 0.4999988 -0.5265406 -0.3686877 0.7660447 -0.5265406 -0.3686877 0.7660447 -0.5265452 -0.3686909 0.7660399 -0.5265393 -0.3686866 0.7660462 -0.2801659 -0.1961741 0.9396929 -0.2801668 -0.1961749 0.9396925 0 0 1 0 0 1 0 0 1 0 0 1 0.2801662 0.1961745 0.9396927 0.280166 0.1961744 0.9396929 0.2801676 0.1961755 0.9396921 0.2801676 0.1961755 0.9396921 0.5265411 0.3686881 0.7660441 0.5265396 0.3686867 0.7660458 0.5265514 0.368695 0.7660338 0.5265485 0.3686929 0.7660367 0.7094051 0.4967303 0.5000033 0.7094077 0.496733 0.499997 0.8067064 0.5648623 0.1736531 0.8067063 0.5648623 0.1736536 0.8067078 0.5648633 0.1736432 0.8067066 0.5648617 0.1736539 0.8067082 0.5648627 -0.1736431 0.8067063 0.5648623 -0.1736539 0.8067064 0.5648623 -0.1736531 0.8067063 0.5648623 -0.1736536 0.7094048 0.496731 -0.5000032 0.7094081 0.4967325 -0.4999969 0.5265509 0.3686946 -0.7660342 0.526548 0.3686926 -0.7660372 0.5265412 0.3686879 -0.7660441 0.5265395 0.3686869 -0.7660458 0.2801681 0.1961758 -0.9396919 0.2801681 0.1961758 -0.9396919 0.280166 0.1961743 -0.9396929 0.2801659 0.1961743 -0.9396929 0 0 -1 0 0 -1 0 0 -1 0 0 -1 -0.2801659 -0.1961743 -0.9396929 -0.2801669 -0.1961749 -0.9396924 -0.5265452 -0.3686907 -0.76604 -0.526539 -0.3686866 -0.7660462 -0.5265405 -0.3686876 -0.7660448 -0.5265405 -0.3686876 -0.7660447 -0.7094046 -0.4967305 -0.5000039 -0.7094072 -0.4967319 -0.4999989 -0.7094096 -0.4967336 -0.4999938 -0.7094096 -0.4967336 -0.4999938 -0.659287 -0.5630923 0.4982647 -0.0830999 -0.8630301 0.4982705 -0.7489612 -0.6396657 -0.1728721 -0.7489523 -0.6396747 -0.1728779 -0.659287 -0.5630923 -0.4982645 -0.6592878 -0.5630878 -0.4982689 -0.0617749 -0.64156 -0.7645814 -0.6592869 -0.5630883 -0.4982694 -0.4901008 -0.4185885 -0.7645815 -0.4901007 -0.4185886 -0.7645816 -0.490099 -0.418588 -0.7645829 -0.2611337 -0.2230313 -0.9391838 -0.03291469 -0.341835 -0.9391834 -0.03291493 -0.3418352 -0.9391834 -0.06177502 -0.6415597 -0.7645815 -0.2611359 -0.2230308 -0.9391832 0 0 -1 0 0 -1 0.03291511 0.3418347 -0.9391835 0.03291481 0.3418337 -0.9391839 0 0 -1 0 0 -1 -0.03291481 -0.3418342 -0.9391836 0 0 -1 0.2611348 0.2230303 -0.9391838 0.2611347 0.2230302 -0.9391838 0.0617752 0.6415601 -0.7645812 0.06177496 0.6415598 -0.7645815 0.03291487 0.3418352 -0.9391833 0.2611374 0.2230311 -0.9391828 0.4901024 0.4185844 -0.7645827 0.4901026 0.4185866 -0.7645813 0.4901089 0.4185913 -0.7645748 0.6592901 0.5630851 -0.4982686 0.08310014 0.8630298 -0.4982709 0.08310031 0.86303 -0.4982707 0.0617752 0.6415602 -0.7645812 0.6592909 0.563085 -0.4982678 0.7489582 0.6396678 -0.1728777 0.7489582 0.6396694 -0.1728721 0.09440261 0.9804098 0.1728721 0.09440284 0.9804096 0.1728731 0.09440284 0.9804097 -0.1728721 0.09440243 0.9804097 -0.1728728 0.08310031 0.8630324 -0.4982665 0.7489558 0.6396707 -0.1728779 0.7489557 0.6396707 0.1728779 0.7489582 0.6396694 0.1728721 0.7489582 0.6396678 0.1728777 0.6592905 0.5630847 0.4982687 0.08310031 0.8630297 0.498271 0.08310008 0.86303 0.4982706 0.09440243 0.9804098 0.1728726 0.6592904 0.5630854 0.4982678 0.4901094 0.4185916 0.7645743 0.4901027 0.4185867 0.7645813 0.03291475 0.3418347 0.9391835 0.03291475 0.3418339 0.9391838 0.06177502 0.6415602 0.7645812 0.0617752 0.64156 0.7645813 0.08310031 0.8630298 0.4982708 0.4901024 0.4185845 0.7645827 0.261137 0.2230307 0.939183 0.2611348 0.2230299 0.9391838 0 0 1 0 0 1 0.03291493 0.3418349 0.9391834 -0.06177508 -0.64156 0.7645815 -0.03291481 -0.341834 0.9391838 -0.03291505 -0.3418349 0.9391834 -0.03291487 -0.341835 0.9391834 0 0 1 -0.2797379 -0.9443843 -0.1728731 -0.2797408 -0.9443836 -0.1728717 -0.2462487 -0.831317 -0.4982706 -0.2462467 -0.831317 -0.4982715 -0.1830551 -0.6179855 -0.7645815 -0.1830559 -0.6179857 -0.7645811 -0.09753549 -0.329274 -0.9391834 -0.09753561 -0.329274 -0.9391834 0 0 -1 0 0 -1 0.09753477 0.3292736 -0.9391836 0.09753596 0.3292744 -0.9391832 0.1830566 0.6179859 -0.7645808 0.1830554 0.6179851 -0.7645816 0.246247 0.8313168 -0.4982717 0.246248 0.8313173 -0.4982706 0.27974 0.944384 -0.1728714 0.2797387 0.944384 -0.1728733 0.2797388 0.9443843 0.1728714 0.27974 0.9443836 0.1728733 0.2462478 0.8313165 0.4982718 0.2462472 0.8313174 0.4982706 0.1830556 0.6179862 0.7645807 0.1830563 0.6179849 0.7645816 0.09753566 0.3292734 0.9391836 0.09753507 0.3292746 0.9391832 0 0 1 0 0 1 -0.09753555 -0.3292739 0.9391834 -0.09753555 -0.329274 0.9391834 -0.4547972 -0.8736562 -0.1728712 -0.4547935 -0.8736577 -0.172873 -0.4003429 -0.769058 -0.4982724 -0.4003464 -0.7690572 -0.4982707 -0.2976102 -0.571703 -0.7645808 -0.2976102 -0.571703 -0.7645809 -0.1585721 -0.3046138 -0.9391834 -0.158571 -0.3046135 -0.9391835 0 0 -1 0 0 -1 0.1585723 0.3046144 -0.9391831 0.1585707 0.3046138 -0.9391835 0.2976075 0.571703 -0.7645819 0.2976092 0.5717036 -0.7645808 0.4003452 0.769058 -0.4982706 0.4003452 0.7690579 -0.4982705 0.4547956 0.8736565 -0.1728737 0.4547958 0.8736565 -0.1728733 0.4547958 0.8736563 0.1728737 0.4547956 0.8736565 0.1728733 0.4003452 0.7690579 0.4982706 0.4003452 0.769058 0.4982706 0.2976087 0.5717026 0.7645817 0.2976082 0.5717043 0.7645807 0.1585713 0.3046148 0.9391832 0.1585716 0.3046131 0.9391836 0 0 1 0 0 1 -0.1585713 -0.304614 0.9391834 -0.1585717 -0.3046131 0.9391837 -0.6131417 -0.7708256 -0.1728733 -0.6131434 -0.7708244 -0.1728724 -0.5397347 -0.6785373 -0.4982707 -0.5397375 -0.6785361 -0.4982693 -0.4012308 -0.5044111 -0.7645804 -0.4012283 -0.5044117 -0.7645815 -0.2137814 -0.2687593 -0.9391837 -0.2137811 -0.2687594 -0.9391837 0 0 -1 0 0 -1 0.2137814 0.2687594 -0.9391836 0.213781 0.2687593 -0.9391837 0.4012284 0.5044128 -0.7645806 0.4012272 0.5044126 -0.7645813 0.5397329 0.6785386 -0.4982706 0.5397346 0.6785385 -0.498269 0.6131425 0.7708249 -0.1728735 0.6131433 0.7708246 -0.1728723 0.6131432 0.7708244 0.1728735 0.6131427 0.770825 0.1728723 0.539734 0.6785379 0.4982706 0.5397336 0.6785393 0.4982691 0.4012278 0.5044134 0.7645805 0.4012279 0.5044121 0.7645813 0.2137811 0.2687594 0.9391837 0.2137812 0.2687591 0.9391837 0 0 1 0 0 1 -0.2137812 -0.2687594 0.9391837 -0.2137812 -0.2687591 0.9391838 0.261135 0.2230305 0.9391837 0 0 1 0 0 1 0 0 1 -0.2611349 -0.2230299 0.9391838 -0.2611348 -0.2230322 0.9391833 -0.4900991 -0.4185881 0.7645828 -0.0617749 -0.64156 0.7645813 -0.1830559 -0.6179855 0.7645813 -0.1830553 -0.617986 0.764581 -0.2976102 -0.5717031 0.7645807 -0.2976102 -0.5717031 0.7645807 -0.401229 -0.5044126 0.7645805 -0.4012301 -0.5044102 0.7645815 -0.4901008 -0.4185886 0.7645815 -0.4901008 -0.4185886 0.7645815 -0.09440255 -0.9804098 0.1728722 -0.08310019 -0.86303 0.4982705 -0.08310008 -0.86303 0.4982706 -0.2462468 -0.8313175 0.4982708 -0.2462486 -0.8313164 0.4982717 -0.4003461 -0.7690564 0.4982722 -0.4003433 -0.7690588 0.4982706 -0.539737 -0.6785355 0.4982706 -0.5397352 -0.6785379 0.4982692 -0.6592872 -0.5630884 0.4982689 -0.6592876 -0.5630873 0.4982695 -0.06177484 -0.6415598 -0.7645814 -0.08309996 -0.8630301 -0.4982705 -0.08310002 -0.86303 -0.4982706 0.08310031 0.863031 0.4982689 -0.09440255 -0.9804096 -0.1728729 -0.09440308 -0.9804096 -0.1728727 -0.09440308 -0.9804095 0.1728736 -0.09440362 -0.9804095 0.172873 -0.2797407 -0.9443834 0.172873 -0.279738 -0.9443845 0.1728717 -0.4547937 -0.8736579 0.1728713 -0.454797 -0.8736559 0.1728731 -0.6131433 -0.7708243 0.1728733 -0.6131418 -0.7708258 0.1728723 -0.748953 -0.6396754 0.1728723 -0.7489604 -0.6396651 0.1728782 -0.01432025 0.2392911 0.9708423 0.006384193 0.8660076 0.4999901 -0.01102733 0.6427486 0.7659978 -0.004727661 0.6631152 0.7485024 0.003308951 0.3420174 0.9396877 0.003308951 0.3420184 0.9396874 0.006384193 0.8660078 0.4999898 -0.01547503 0.9349042 0.3545624 0.007346391 0.9847812 0.1736434 0.007346391 0.9847812 0.173644 -0.0116288 0.9926419 -0.1205285 -0.001292884 0.9848068 -0.1736481 -0.01316624 0.8229125 -0.5680156 0.001198053 0.8660247 -0.4999998 -0.001198053 -0.8660272 0.4999955 -0.01509004 0.4646701 -0.8853552 0.00792396 0.6427673 -0.7660205 0.00792396 0.6427676 -0.7660202 -0.00312525 -0.1205365 -0.992704 0.008116543 0 -0.999967 -0.00312525 0.1205365 -0.992704 0.005037963 0.3420147 -0.9396811 0.005037963 0.3420162 -0.9396806 -0.01509004 -0.46467 -0.8853553 0.005037963 -0.3420162 -0.9396806 0.005037963 -0.3420152 -0.9396809 -0.01316624 -0.8229125 -0.5680155 0.00792396 -0.6427673 -0.7660204 0.00792396 -0.6427673 -0.7660205 0.007346451 -0.984781 0.1736444 -0.01501744 -0.9846968 -0.1736286 -0.001669764 -0.9927076 -0.1205365 -0.001198053 0.8660258 0.4999979 0.001198053 -0.8660248 -0.4999996 0.007346451 -0.9847813 0.173643 -0.01547503 -0.9349042 0.3545624 0.006384193 -0.8660078 0.4999898 0.006384193 -0.8660079 0.4999896 -0.00970894 -0.6630915 0.7484754 -0.004162311 -0.642782 0.7660378 0.008116543 0 0.999967 0.008116543 0 0.999967 -0.01432025 -0.2392911 0.9708423 0.003308951 -0.3420185 0.9396874 0.003308951 -0.3420174 0.9396877 0.006894111 -0.2736564 0.9618028 0.004597008 -0.2588164 0.9659157 -0.003079891 -0.6026321 0.7980132 -0.003079891 -0.6026319 0.7980133 0.01076 -0.7070658 0.7070658 -0.005396187 -0.8502046 0.5264248 -0.005396187 -0.8502048 0.5264245 0.009215712 -0.9658848 0.2588081 0 -0.9829731 0.1837493 0 -0.9829731 -0.1837493 0.009215712 -0.9658848 -0.2588081 -0.005396187 -0.8502047 -0.5264247 -0.005396187 -0.8502047 -0.5264247 0.01076006 -0.7070658 -0.7070658 0.006894111 -0.2736563 -0.9618029 0.004597067 -0.2588163 -0.9659156 -0.003079891 -0.6026328 -0.7980127 -0.003079891 -0.6026317 -0.7980135 0 -0.04618388 -0.998933 0 0.1381562 -0.9904105 0.01106917 0.2588032 -0.9658666 0.001996695 0.7390074 -0.6736943 0.007981956 0.7070842 -0.7070842 -0.004932522 0.4457336 -0.895152 -0.004932522 0.4457328 -0.8951525 -0.001692712 0.9324712 -0.3612402 -0.001692712 0.9324709 -0.3612412 0.01014202 0.9658762 -0.2588058 -0.001692712 0.9324709 0.3612412 0.01014202 0.9658762 0.2588058 -0.005550861 0.9999846 0 -0.005550861 0.9999846 0 -0.001692712 0.9324712 0.3612402 0.001996695 0.7390074 0.6736944 0.007981956 0.7070842 0.7070842 -0.004932522 0.4457331 0.8951523 -0.004932522 0.445733 0.8951523 0.01106917 0.2588032 0.9658666 -0.004160165 0.09226745 0.9957256 -0.004160165 0.09226727 0.9957256 0.5889041 -0.615177 0.5241653 0.5889035 -0.6151782 0.5241646 0.4183109 -0.4369744 0.7962847 0.4183109 -0.4369739 0.796285 0.4183134 -0.4369755 0.7962829 0.1902876 -0.1987769 0.961394 0.06585592 -0.6013265 0.7962847 -0.06418287 0.0670464 0.9956833 -0.06418275 0.06704616 0.9956834 0.1902875 -0.1987769 0.961394 0.06585586 -0.6013267 0.7962846 0.02995747 -0.2735401 0.961394 0.02995747 -0.2735401 0.961394 -0.01010447 0.0922634 0.9956834 -0.01010447 0.09226351 0.9956833 -0.512414 0.5352752 0.6715 -0.3097078 0.3235253 0.8940987 -0.3097081 0.3235255 0.8940985 -0.3097082 0.3235257 0.8940984 -0.06418287 0.0670464 0.9956834 -0.01010447 0.09226357 0.9956834 -0.0487582 0.4452083 0.8940986 -0.0487582 0.4452083 0.8940985 -0.6453156 0.6741061 0.359373 -0.6453153 0.6741056 0.3593742 -0.5124142 0.5352752 0.6714999 -0.0487582 0.4452084 0.8940985 -0.08067077 0.7366003 0.6715 -0.08067089 0.7366003 0.6715 -0.101594 0.927648 0.3593717 -0.1015939 0.9276475 0.3593725 -0.6915132 0.7223638 0 -0.6915132 0.7223638 0 -0.6453162 0.6741059 0.3593721 -0.101594 0.9276475 0.3593726 -0.1088669 0.9940564 0 -0.1088669 0.9940564 0 -0.5124141 0.5352751 -0.6715 -0.6453153 0.6741056 -0.3593743 -0.6453156 0.6741061 -0.359373 -0.6453162 0.6741059 -0.3593721 -0.6915132 0.7223638 0 -0.1088669 0.9940564 0 -0.101594 0.9276475 -0.3593726 -0.1015939 0.9276475 -0.3593725 -0.3097081 0.3235256 -0.8940985 -0.3097081 0.3235256 -0.8940984 -0.5124142 0.5352753 -0.6714998 -0.101594 0.927648 -0.3593717 -0.08067089 0.7366003 -0.6715 -0.08067083 0.7366003 -0.6714999 -0.04875826 0.4452089 -0.8940982 -0.04875832 0.4452083 -0.8940985 0.1902874 -0.1987768 -0.961394 0.03212732 -0.03356063 -0.9989202 -0.04079073 0.08497977 -0.9955474 -0.09609693 0.1003842 -0.9902971 -0.3097081 0.3235256 -0.8940985 -0.0487582 0.4452081 -0.8940986 -0.01512879 0.1381404 -0.9902971 -0.0388785 0.08587139 -0.9955474 0.4183108 -0.4369739 -0.796285 0.4183138 -0.4369759 -0.7962823 0.1902874 -0.1987767 -0.9613941 0.005057871 -0.04618328 -0.9989202 0.02995747 -0.27354 -0.9613941 0.02995741 -0.27354 -0.961394 0.06585597 -0.6013274 -0.7962841 0.06585603 -0.6013264 -0.7962848 0.06585592 -0.6013262 -0.7962849 0.09271275 -0.8465552 -0.5241648 0.09271264 -0.8465551 -0.5241649 0.5889041 -0.6151764 0.5241659 0.6798753 -0.710206 0.1826934 0.6798742 -0.710207 0.1826943 0.6798743 -0.7102071 -0.1826934 0.6798753 -0.7102059 -0.1826943 0.5889041 -0.6151764 -0.5241661 0.5889039 -0.6151779 -0.5241645 0.5889033 -0.6151779 -0.5241651 0.4183108 -0.4369743 -0.7962849 0.5100414 -0.8405243 -0.1826931 0.4417954 -0.728058 -0.5241644 0.4417963 -0.7280569 -0.5241652 0.3138175 -0.5171546 -0.796285 0.3138173 -0.5171548 -0.7962849 0.1427537 -0.2352507 -0.9613941 0.1427536 -0.2352508 -0.961394 -0.04814994 0.07934874 -0.9956834 -0.04814994 0.07934874 -0.9956834 -0.232343 0.3828898 -0.8940985 -0.2323431 0.3828894 -0.8940986 -0.3844135 0.6334936 -0.6715 -0.3844135 0.6334937 -0.6714999 -0.4841162 0.7977986 -0.3593728 -0.4841161 0.7977989 -0.3593725 -0.5187731 0.8549119 0 -0.5187731 0.8549119 0 -0.484116 0.7977988 0.3593729 -0.4841163 0.7977988 0.3593725 -0.3844134 0.6334936 0.6715 -0.3844136 0.6334937 0.6714999 -0.2323433 0.3828896 0.8940985 -0.2323428 0.3828895 0.8940987 -0.04815 0.07934886 0.9956834 -0.04815006 0.07934886 0.9956834 0.1427537 -0.2352509 0.961394 0.1427538 -0.2352509 0.961394 0.3138173 -0.5171548 0.7962849 0.3138176 -0.5171548 0.7962848 0.4417965 -0.7280573 0.5241645 0.4417951 -0.7280576 0.5241653 0.5100412 -0.8405241 0.1826943 0.510043 -0.8405233 0.1826931 0.5100428 -0.8405231 -0.1826943 0.3160306 -0.9309927 -0.1826943 0.2737441 -0.8064211 -0.5241653 0.2737434 -0.8064216 -0.5241648 0.1944459 -0.5728186 -0.7962848 0.1944458 -0.5728188 -0.7962848 0.08845227 -0.260572 -0.9613941 0.08845216 -0.2605721 -0.961394 -0.02983438 0.08788943 -0.9956833 -0.02983438 0.08788937 -0.9956834 -0.1439632 0.4241017 -0.8940986 -0.1439632 0.4241018 -0.8940986 -0.2381881 0.7016797 -0.6714999 -0.2381882 0.7016796 -0.6714999 -0.2999655 0.8836696 -0.3593726 -0.2999654 0.8836698 -0.3593724 -0.3214394 0.9469302 0 -0.3214394 0.9469302 0 -0.2999653 0.8836697 0.3593726 -0.2999655 0.8836697 0.3593724 -0.2381882 0.7016796 0.6714999 -0.238188 0.7016796 0.6715 -0.1439631 0.4241017 0.8940986 -0.1439632 0.4241018 0.8940986 -0.02983444 0.08788955 0.9956834 -0.02983438 0.08788949 0.9956834 0.08845221 -0.2605721 0.961394 0.08845233 -0.2605722 0.9613939 0.1944458 -0.5728188 0.7962848 0.1944459 -0.5728188 0.7962848 0.2737433 -0.8064213 0.5241653 0.2737441 -0.8064213 0.5241648 0.3160306 -0.930993 0.1826932 0.3160287 -0.9309934 0.1826944 0.3160288 -0.9309936 -0.1826931 0.09271252 -0.8465551 -0.5241649 0.1070342 -0.9773263 -0.1826937 0.1070352 -0.977326 -0.1826943 0.1070352 -0.9773262 0.1826937 0.1070342 -0.9773261 0.1826943 0.09271252 -0.8465552 0.5241648 0.09271252 -0.8465552 0.5241647 0.09271275 -0.846555 0.524165 0.06585586 -0.6013265 0.7962847 -0.757286 0.6267023 -0.1837449 -0.7099977 0.6044948 -0.361233 -0.6541897 0.5430562 -0.5264273 -0.7171068 0.59604 -0.3612399 -0.6555913 0.5413703 -0.5264201 -0.5617994 0.4801416 -0.6736806 -0.4659362 0.3822308 -0.7979995 -0.3399783 0.2882739 -0.8951608 -0.4602733 0.3889987 -0.7980154 -0.3371462 0.2916353 -0.8951432 -0.213935 0.1707767 -0.9618042 -0.10368 0.09137052 -0.9904049 -0.03537875 0.02968633 -0.998933 0.03537893 -0.02968645 -0.998933 0.1036801 -0.09137064 -0.990405 0.2139347 -0.1707765 -0.9618043 0.3371459 -0.291635 -0.8951433 0.460276 -0.3890008 -0.7980128 0.3399794 -0.2882747 -0.8951602 0.4659361 -0.3822308 -0.7979995 0.5617994 -0.4801416 -0.6736806 0.6555911 -0.5413702 -0.5264207 0.7171059 -0.5960391 -0.361243 0.6541893 -0.5430559 -0.5264283 0.7099974 -0.6044945 -0.3612341 0.757286 -0.6267024 -0.1837448 0.4487997 -0.402494 0.797858 0.2139348 -0.1707766 0.9618042 0.06637829 -0.06443399 0.9957119 -0.07062649 0.05937415 0.9957342 0.07062655 -0.05937421 0.9957342 -0.06637835 0.06443405 0.9957119 -0.2139351 0.1707768 0.9618041 -0.3371464 0.2916354 0.8951431 -0.4602728 0.3889983 0.7980158 -0.3399779 0.2882736 0.8951611 -0.4659363 0.3822309 0.7979993 -0.5617994 0.4801416 0.6736806 -0.6555913 0.5413703 0.5264204 -0.7171068 0.5960399 0.3612399 -0.6541898 0.5430563 0.5264272 -0.7099977 0.6044948 0.361233 -0.7572859 0.6267023 0.1837449 -0.7617257 0.6478997 0 -0.7617257 0.6478997 0 0.339978 -0.2882737 0.895161 0.3399789 -0.2882744 0.8951605 0.4659362 -0.3822309 0.7979994 0.5617993 -0.4801415 0.6736807 0.6555909 -0.54137 0.526421 0.7171062 -0.5960394 0.3612421 0.6541896 -0.5430561 0.5264276 0.7099974 -0.6044946 0.361234 0.757286 -0.6267023 0.1837449 0.7617257 -0.6478996 0 0.7617257 -0.6478996 0 -0.09271204 0.8465549 -0.5241653 -0.09271305 0.8465552 -0.5241647 -0.06585603 0.6013261 -0.7962852 -0.06585609 0.6013261 -0.796285 -0.06585586 0.6013284 -0.7962834 -0.02995735 0.2735401 -0.961394 -0.4183112 0.4369738 -0.7962849 0.03887844 -0.08587151 -0.9955474 -0.00505793 0.04618346 -0.9989202 -0.02995765 0.2735398 -0.9613941 -0.4183118 0.4369742 -0.7962844 -0.1902875 0.198777 -0.961394 -0.1902875 0.1987769 -0.961394 -0.0321272 0.03356051 -0.9989202 0.04079061 -0.08497977 -0.9955474 0.08067083 -0.7366003 -0.6715 0.0487582 -0.4452083 -0.8940985 0.0487582 -0.4452081 -0.8940986 0.04875832 -0.4452083 -0.8940985 0.01512885 -0.1381403 -0.9902971 0.09609711 -0.1003843 -0.9902971 0.309708 -0.323525 -0.8940987 0.309708 -0.3235251 -0.8940987 0.1015943 -0.9276477 -0.3593721 0.1015936 -0.9276447 -0.3593804 0.08067083 -0.7366003 -0.6714999 0.3097093 -0.323526 -0.8940979 0.5124148 -0.5352745 -0.6715 0.5124148 -0.5352752 -0.6714995 0.645315 -0.6741045 -0.3593768 0.6453161 -0.6741061 -0.3593719 0.108867 -0.9940564 0 0.108867 -0.9940564 0 0.1015941 -0.927648 -0.3593716 0.6453154 -0.6741062 -0.3593729 0.6915126 -0.7223644 0 0.6915126 -0.7223644 0 0.08067083 -0.7366003 0.6715 0.1015936 -0.9276447 0.3593804 0.1015943 -0.9276477 0.3593721 0.1015941 -0.927648 0.3593716 0.108867 -0.9940564 0 0.6915126 -0.7223644 0 0.6453154 -0.6741062 0.3593729 0.6453161 -0.6741061 0.3593719 0.04875808 -0.4452081 0.8940986 0.04875814 -0.4452078 0.8940988 0.08067083 -0.7366003 0.6715 0.645315 -0.6741045 0.3593768 0.5124144 -0.5352748 0.6715 0.5124151 -0.5352749 0.6714995 0.3097089 -0.3235256 0.8940982 0.3097081 -0.323525 0.8940987 -0.02995771 0.2735402 0.9613939 0.01010453 -0.09226351 0.9956834 0.01010453 -0.09226351 0.9956833 0.01010447 -0.09226357 0.9956834 0.04875832 -0.4452085 0.8940984 0.3097081 -0.3235252 0.8940986 0.06418287 -0.06704628 0.9956834 0.06418287 -0.06704628 0.9956834 -0.06585597 0.6013262 0.796285 -0.0658558 0.6013277 0.7962839 -0.02995735 0.27354 0.961394 0.06418281 -0.06704628 0.9956834 -0.1902877 0.198777 0.961394 -0.1902876 0.198777 0.9613939 -0.4183114 0.4369738 0.7962849 -0.4183114 0.4369738 0.7962849 -0.4183114 0.4369739 0.7962848 -0.5889042 0.6151773 0.5241649 -0.588904 0.6151776 0.5241647 -0.09271275 0.8465554 -0.5241643 -0.1070345 0.9773262 -0.182694 -0.1070349 0.9773261 -0.1826943 -0.1070349 0.9773262 0.1826941 -0.1070345 0.9773262 0.1826943 -0.09271281 0.8465556 0.5241643 -0.0927124 0.8465552 0.5241647 -0.09271305 0.8465547 0.5241655 -0.06585609 0.6013263 0.7962849 -0.3160294 0.9309934 0.1826934 -0.2737431 0.8064218 0.5241647 -0.2737431 0.8064218 0.5241647 -0.1944456 0.5728187 0.7962849 -0.1944462 0.5728189 0.7962846 -0.08845251 0.2605721 0.9613939 -0.0884521 0.260572 0.961394 0.02983444 -0.08788955 0.9956833 0.02983438 -0.08788949 0.9956834 0.1439628 -0.4241018 0.8940987 0.1439632 -0.424102 0.8940984 0.238188 -0.7016796 0.6714999 0.2381884 -0.7016798 0.6714996 0.2999657 -0.8836697 0.3593723 0.2999646 -0.8836694 0.3593738 0.3214387 -0.9469304 0 0.3214387 -0.9469304 0 0.2999648 -0.88367 -0.3593723 0.2999655 -0.8836691 -0.3593739 0.2381883 -0.7016796 -0.6714999 0.2381882 -0.7016799 -0.6714996 0.1439631 -0.4241017 -0.8940986 0.1439629 -0.4241023 -0.8940984 0.02983433 -0.08788943 -0.9956834 0.02983438 -0.08788937 -0.9956834 -0.08845216 0.260572 -0.961394 -0.08845239 0.2605717 -0.9613941 -0.1944462 0.5728185 -0.7962849 -0.1944457 0.5728191 -0.7962847 -0.2737431 0.8064218 -0.5241647 -0.2737431 0.8064218 -0.5241647 -0.3160293 0.9309931 -0.1826943 -0.3160278 0.9309939 -0.1826933 -0.3160277 0.9309937 0.1826944 -0.5100424 0.8405233 0.1826943 -0.4417964 0.7280574 0.5241645 -0.4417957 0.7280575 0.5241649 -0.3138173 0.5171553 0.7962846 -0.3138169 0.5171552 0.7962848 -0.1427534 0.2352508 0.961394 -0.1427539 0.235251 0.961394 0.04815006 -0.07934874 0.9956833 0.04815 -0.07934874 0.9956834 0.2323433 -0.3828898 0.8940985 0.2323428 -0.3828895 0.8940986 0.3844133 -0.6334941 0.6714997 0.3844133 -0.633494 0.6714996 0.4841156 -0.7977986 0.3593737 0.4841168 -0.7977986 0.359372 0.5187739 -0.8549115 0 0.5187739 -0.8549115 0 0.4841165 -0.7977981 -0.3593736 0.484116 -0.7977992 -0.359372 0.3844133 -0.6334941 -0.6714996 0.3844133 -0.6334941 -0.6714996 0.232343 -0.3828899 -0.8940985 0.2323431 -0.3828894 -0.8940986 0.04814994 -0.07934868 -0.9956834 0.04814994 -0.07934862 -0.9956834 -0.1427537 0.2352505 -0.9613941 -0.1427536 0.235251 -0.9613939 -0.3138169 0.5171554 -0.7962846 -0.3138171 0.517155 -0.7962849 -0.4417959 0.7280576 -0.5241646 -0.4417963 0.7280572 -0.5241649 -0.5100426 0.8405235 -0.1826934 -0.5100436 0.8405226 -0.1826943 -0.5100437 0.8405227 0.1826934 -0.588904 0.6151773 0.524165 -0.6798748 0.7102066 0.1826934 -0.6798736 0.7102075 0.1826943 -0.6798737 0.7102076 -0.1826933 -0.6798747 0.7102065 -0.1826943 -0.588904 0.6151772 -0.5241653 -0.5889039 0.6151776 -0.5241649 -0.5889043 0.6151774 -0.5241645 -0.4183112 0.4369737 -0.7962849 0 0.2736628 0.9618257 0 0.2736628 0.9618257 0 -0.09226822 0.9957342 0 -0.09226822 0.9957342 0 -0.09226828 0.9957342 0 -0.09226828 0.9957342 0 -0.4457387 0.8951632 0 -0.4457387 0.8951632 0 -0.4457379 0.8951635 0 -0.4457379 0.8951635 0 -0.7390089 0.6736957 0 -0.7390089 0.6736957 0 -0.9324692 0.3612495 0 -0.9324692 0.3612495 0 -0.9324726 0.3612407 0 -0.9324726 0.3612407 0 -1 0 0 -1 0 0 -1 0 0 -1 0 0 -0.9324726 -0.3612407 0 -0.9324726 -0.3612407 0 -0.9324692 -0.3612495 0 -0.9324692 -0.3612495 0 -0.7390089 -0.6736956 0 -0.7390089 -0.6736956 0 -0.4457384 -0.8951632 0 -0.4457384 -0.8951632 0 -0.4457384 -0.8951633 0 -0.4457384 -0.8951633 0 -0.1381561 -0.9904105 0 -0.1381561 -0.9904105 0 0.04618406 -0.998933 0 0.04618406 -0.998933 0 0.2736626 -0.9618257 0 0.2736626 -0.9618257 0 0.6026366 -0.7980158 0 0.6026366 -0.7980158 0 0.6026344 -0.7980175 0 0.6026344 -0.7980175 0 0.8502168 -0.5264327 0 0.8502168 -0.5264327 0 0.8502174 -0.5264317 0 0.8502174 -0.5264317 0 0.982973 -0.1837496 0 0.982973 -0.1837496 0 0.982973 0.1837496 0 0.982973 0.1837496 0 0.8502175 0.5264316 0 0.8502175 0.5264316 0 0.8502167 0.5264329 0 0.8502167 0.5264329 0 0.6026345 0.7980173 0 0.6026345 0.7980173 0 0.6026359 0.7980163 0 0.6026359 0.7980163 0.08159399 0.8473826 0.5246763 0.6473346 0.5528763 0.5246767 0.4595966 0.3925333 0.7966734 0.02634149 0.2735678 0.9614919 0.09422898 0.9785994 -0.1829321 0.7475761 0.6384875 -0.1829308 0.7475747 0.6384888 -0.1829319 0.0942288 0.9785994 -0.1829321 0.08159399 0.8473825 -0.5246765 0.08159339 0.8473821 -0.5246772 0.2089844 0.1784899 -0.961492 0.4595972 0.3925337 -0.7966729 0.4595921 0.3925313 -0.796677 0.4595924 0.3925291 -0.796678 0.6473348 0.5528764 -0.5246763 0.6473351 0.5528761 -0.5246765 0.647335 0.5528761 -0.5246765 0.08159363 0.847382 -0.5246774 0.05792963 0.6016223 -0.7966772 0.05793023 0.6016227 -0.7966771 -0.04641729 -0.0834043 -0.9954341 0.03528052 0.03013247 -0.9989231 0.2089844 0.1784899 -0.961492 0.05792993 0.6016246 -0.7966757 0.02634161 0.2735677 -0.9614921 0.02634149 0.2735676 -0.961492 0.004446923 0.04618364 -0.998923 -0.0416969 -0.08586168 -0.9954341 -0.5631215 -0.4809516 -0.6719968 -0.3401969 -0.2905558 -0.8943397 -0.3401962 -0.2905555 -0.89434 -0.3401963 -0.2905559 -0.8943398 -0.1055311 -0.09013235 -0.9903228 -0.01330167 -0.1381439 -0.9903228 -0.04288011 -0.4453284 -0.8943399 -0.04288035 -0.4453288 -0.8943397 -0.7094832 -0.6059556 -0.3597937 -0.7094826 -0.605955 -0.3597956 -0.5631223 -0.4809516 -0.6719962 -0.04288041 -0.4453284 -0.8943399 -0.07097923 -0.737145 -0.6719964 -0.07097858 -0.7371444 -0.6719972 -0.08942633 -0.9287332 -0.3598021 -0.08942723 -0.9287365 -0.3597933 -0.7094827 -0.6059557 0.3597943 -0.7604059 -0.6494482 0 -0.7604059 -0.6494482 0 -0.7604059 -0.6494482 0 -0.7094827 -0.6059557 -0.3597943 -0.5808256 -0.7301983 0.3597944 -0.6225144 -0.7826084 0 -0.6225144 -0.7826084 0 -0.5808258 -0.7301986 -0.3597937 -0.5808252 -0.7301986 -0.3597944 -0.4610052 -0.579564 -0.6719968 -0.4610049 -0.579564 -0.6719971 -0.2785052 -0.35013 -0.8943399 -0.2785065 -0.3501302 -0.8943395 -0.05770164 -0.07254081 -0.9956949 -0.05770164 -0.07254076 -0.9956949 0.1710877 0.2150864 -0.961492 0.1710879 0.2150864 -0.961492 0.3762517 0.473012 -0.796677 0.3762513 0.4730121 -0.7966772 0.5299483 0.6662353 -0.5246765 0.5299487 0.6662351 -0.5246762 0.6120111 0.7694014 -0.1829311 0.6120105 0.7694018 -0.1829314 -0.08942729 -0.9287365 -0.3597934 -0.09584587 -0.9953962 0 -0.09584587 -0.9953962 0 -0.7094826 -0.605955 0.3597956 -0.3419505 -0.6568799 0.6719962 -0.4308265 -0.8276088 0.3597947 -0.4308261 -0.8276093 0.3597939 -0.4617486 -0.8870109 0 -0.4617486 -0.8870109 0 -0.430826 -0.8276091 -0.3597946 -0.4308267 -0.8276091 -0.3597938 -0.3419501 -0.6568792 -0.6719968 -0.3419513 -0.6568796 -0.671996 -0.2065819 -0.3968385 -0.8943395 -0.2065808 -0.3968381 -0.8943399 -0.0428 -0.08221805 -0.9956949 -0.04279994 -0.08221805 -0.9956949 0.1269037 0.2437799 -0.9614919 0.126904 0.24378 -0.9614919 0.2790835 0.5361136 -0.7966772 0.2790834 0.5361136 -0.7966772 0.3930878 0.7551137 -0.5246764 0.3930861 0.7551139 -0.5246772 0.4539557 0.8720437 -0.1829314 0.4539538 0.8720445 -0.1829324 -0.09584587 -0.9953962 0 -0.08942729 -0.9287365 0.3597934 -0.08942723 -0.9287365 0.3597933 -0.3401964 -0.2905554 0.8943399 -0.5631219 -0.480952 0.6719962 -0.1270648 -0.428965 0.8943397 -0.2103283 -0.7100586 0.6719961 -0.2103291 -0.7100574 0.6719973 -0.2649959 -0.894609 0.3597941 -0.2649955 -0.8946095 0.3597933 -0.2840154 -0.9588197 0 -0.2840154 -0.9588197 0 -0.2649953 -0.8946092 -0.3597942 -0.2649961 -0.8946094 -0.3597933 -0.2103294 -0.7100584 -0.6719961 -0.2103281 -0.7100577 -0.6719973 -0.1270647 -0.4289647 -0.8943399 -0.1270651 -0.428965 -0.8943397 -0.0263257 -0.0888741 -0.9956949 -0.02632576 -0.08887416 -0.9956949 0.07805699 0.2635154 -0.961492 0.07805663 0.2635152 -0.9614921 0.17166 0.5795156 -0.7966772 0.1716609 0.5795158 -0.7966769 0.2417832 0.8162443 -0.5246772 0.241783 0.8162443 -0.5246773 0.2792233 0.9426401 -0.1829321 0.2792225 0.9426401 -0.1829326 -0.07048285 -0.06019818 0.9956949 -0.3401965 -0.290556 0.8943397 -0.07048296 -0.06019824 0.9956949 -0.08942633 -0.9287332 0.3598021 -0.07097858 -0.737145 0.6719965 -0.07097917 -0.7371443 0.6719972 -0.04288035 -0.4453279 0.8943402 -0.04288023 -0.4453288 0.8943398 -0.04288011 -0.4453287 0.8943398 -0.008884012 -0.09226465 0.9956948 -0.7094832 -0.6059556 0.3597936 -0.5808254 -0.7301989 0.3597937 -0.4610051 -0.5795639 0.6719971 -0.3419508 -0.6568788 0.671997 -0.2065815 -0.3968377 0.8943399 -0.127065 -0.4289646 0.8943399 -0.02632576 -0.08887428 0.9956949 -0.008884072 -0.09226459 0.9956949 -0.008884012 -0.09226459 0.9956949 0.2089846 0.1784899 0.961492 0.2089846 0.17849 0.961492 0.1710879 0.2150864 0.9614919 0.4595925 0.3925292 0.7966778 0.4595923 0.3925312 0.7966769 0.3762515 0.4730123 0.796677 0.3762516 0.4730119 0.7966771 0.2790835 0.5361137 0.7966772 -0.5631219 -0.4809512 0.6719968 -0.461005 -0.5795642 0.6719968 -0.2785058 -0.3501306 0.8943394 -0.2065812 -0.3968389 0.8943395 -0.0428 -0.08221811 0.9956949 -0.02632576 -0.08887416 0.9956949 0.07805693 0.2635153 0.961492 0.02634161 0.2735677 0.961492 0.05792987 0.601624 0.7966762 -0.3401963 -0.2905554 0.89434 -0.2785059 -0.3501293 0.8943399 -0.0577017 -0.07254087 0.9956949 -0.0428 -0.08221817 0.9956949 0.1269039 0.2437803 0.9614919 0.07805669 0.2635156 0.9614919 0.1716601 0.5795161 0.7966769 0.05793005 0.6016227 0.7966769 0.05792969 0.6016225 0.7966772 0.6473351 0.5528761 0.5246764 0.6473351 0.5528762 0.5246764 0.5299486 0.666235 0.5246765 0.5299483 0.6662354 0.5246763 0.3930864 0.7551144 0.5246764 0.3930876 0.7551133 0.5246772 0.2417831 0.8162443 0.5246773 -0.07048296 -0.06019818 0.9956949 -0.0577017 -0.07254087 0.995695 0.1710879 0.2150866 0.961492 0.126904 0.2437799 0.9614919 0.2790835 0.5361136 0.7966772 0.1716607 0.5795153 0.7966772 0.2417832 0.8162443 0.5246773 0.08159363 0.8473821 0.5246772 0.08159285 0.8473819 0.5246776 0.0942288 0.9785994 0.1829321 0.09422898 0.9785994 0.1829322 0.2792233 0.9426399 0.1829326 0.2792225 0.9426402 0.1829321 0.4539557 0.8720435 0.1829324 0.4539539 0.8720447 0.1829314 0.612011 0.7694014 0.1829315 0.6120105 0.7694019 0.1829311 0.7475748 0.638489 0.1829309 0.747576 0.6384873 0.182932 -0.8133496 -0.5520008 -0.1837323 -0.75553 -0.54654 -0.3612042 -0.701958 -0.47974 -0.5264073 -0.7691567 -0.5271738 -0.3612279 -0.7046141 -0.4758631 -0.5263776 -0.5970704 -0.4355856 -0.673626 -0.501827 -0.3338702 -0.7979351 -0.3622993 -0.2596955 -0.8951522 -0.4910209 -0.3493967 -0.7980102 -0.356862 -0.2673897 -0.8950712 -0.232377 -0.1451992 -0.9617266 -0.1090491 -0.08512324 -0.990385 -0.0378313 -0.02648973 -0.998933 0.03783166 0.02648997 -0.998933 0.1090494 0.08512341 -0.9903849 0.2323765 0.145199 -0.9617268 0.3568618 0.26739 -0.8950711 0.4910267 0.3494007 -0.798005 0.3622999 0.2596957 -0.8951519 0.5018259 0.3338696 -0.797936 0.59707 0.4355859 -0.6736263 0.7046137 0.4758635 -0.5263777 0.7691565 0.5271743 -0.3612278 0.7019577 0.4797403 -0.5264073 0.7555293 0.5465399 -0.361206 0.81335 0.5520008 -0.1837305 -0.8108394 -0.5852687 0 -0.8108394 -0.5852687 0 -0.8133496 -0.5520008 0.1837324 -0.75553 -0.54654 0.3612043 -0.701958 -0.47974 0.5264072 -0.7691568 -0.5271739 0.3612278 -0.7046139 -0.475863 0.5263778 -0.5970704 -0.4355856 0.6736261 -0.5018272 -0.3338702 0.797935 -0.362299 -0.2596952 0.8951524 -0.4910203 -0.3493964 0.7980108 -0.3568621 -0.2673898 0.895071 -0.2323771 -0.1451994 0.9617266 -0.06734555 -0.06466847 0.9956317 0.0754767 0.05307286 0.9957342 -0.0754767 -0.05307286 0.9957342 0.06734555 0.06466847 0.9956317 0.2323766 0.1451991 0.9617268 0.356862 0.2673901 0.895071 0.4910265 0.3494006 0.7980052 0.3622994 0.2596955 0.8951522 0.5018261 0.3338697 0.7979359 0.59707 0.4355858 0.6736263 0.7046136 0.4758635 0.5263779 0.7691565 0.5271744 0.3612278 0.7019578 0.4797405 0.5264071 0.7555292 0.5465398 0.361206 0.8133501 0.5520008 0.1837306 0.8108397 0.5852683 0 0.8108397 0.5852683 0 -0.6473354 -0.5528755 -0.5246766 -0.08159399 -0.8473824 -0.5246766 -0.05792975 -0.6016227 -0.7966771 -0.2089851 -0.1784899 -0.9614918 -0.7475758 -0.6384871 0.1829335 -0.0942285 -0.9785994 0.1829322 -0.09422719 -0.9785997 0.1829315 -0.7475751 -0.6384881 0.1829329 -0.6473355 -0.5528756 0.5246764 -0.6473355 -0.5528758 0.5246764 -0.02634161 -0.273568 0.9614919 -0.05792969 -0.601622 0.7966776 -0.05792963 -0.6016224 0.7966772 -0.05792987 -0.6016225 0.7966772 -0.08159404 -0.8473826 0.5246763 -0.08159321 -0.8473824 0.5246767 -0.08159255 -0.847382 0.5246775 -0.647335 -0.5528759 0.5246767 -0.4595936 -0.3925297 0.7966769 -0.4595936 -0.3925298 0.7966769 0.008884072 0.09226459 0.9956949 0.008884072 0.09226459 0.9956949 -0.02634167 -0.273568 0.961492 -0.4595912 -0.3925286 0.7966789 -0.208985 -0.1784903 0.9614918 -0.208985 -0.1784898 0.961492 0.07048308 0.06019812 0.9956949 0.07048308 0.06019812 0.995695 0.07097911 0.737145 0.6719965 0.04288029 0.4453284 0.89434 0.04288023 0.4453286 0.8943398 0.04288011 0.4453285 0.8943399 0.008884012 0.09226465 0.9956949 0.0704829 0.06019812 0.9956949 0.3401967 0.2905557 0.8943397 0.3401964 0.2905547 0.8943402 0.08942723 0.9287361 0.3597944 0.08942711 0.9287358 0.3597951 0.07097899 0.7371451 0.6719964 0.3401973 0.2905551 0.8943397 0.5631226 0.4809508 0.6719965 0.5631227 0.4809522 0.6719955 0.7094825 0.6059552 0.3597956 0.709483 0.6059558 0.3597937 0.08942711 0.9287362 -0.3597943 0.09584575 0.9953962 0 0.09584575 0.9953962 0 0.09584575 0.9953962 0 0.08942711 0.9287362 0.3597943 0.2649955 0.894609 -0.3597946 0.2840156 0.9588197 0 0.2840156 0.9588197 0 0.2649955 0.8946091 0.3597944 0.2649956 0.894609 0.3597946 0.210329 0.710058 0.6719965 0.2103286 0.7100586 0.671996 0.127065 0.428965 0.8943397 0.1270654 0.4289643 0.89434 0.02632582 0.08887422 0.9956949 0.02632576 0.08887428 0.9956949 -0.07805687 -0.2635154 0.961492 -0.07805687 -0.2635154 0.9614919 -0.1716604 -0.5795152 0.7966774 -0.1716596 -0.5795161 0.7966769 -0.2417817 -0.8162456 0.5246758 -0.2417842 -0.816244 0.5246773 -0.2792246 -0.9426396 0.1829326 -0.2792226 -0.9426403 0.1829314 0.7094815 0.6059563 0.3597957 0.760405 0.6494492 0 0.760405 0.6494492 0 0.08942711 0.9287358 -0.3597951 0.3419498 0.6568801 -0.6719961 0.4308257 0.8276093 -0.3597946 0.4308254 0.8276092 -0.3597949 0.4617481 0.8870111 0 0.4617481 0.8870111 0 0.4308255 0.8276093 0.3597946 0.4308257 0.8276092 0.3597949 0.3419499 0.6568804 0.6719958 0.3419501 0.6568799 0.6719962 0.2065808 0.3968379 0.89434 0.2065808 0.3968382 0.89434 0.04280006 0.08221822 0.9956949 0.04280012 0.08221811 0.9956949 -0.126904 -0.2437799 0.961492 -0.1269038 -0.2437805 0.9614918 -0.2790828 -0.5361143 0.7966771 -0.2790833 -0.5361134 0.7966774 -0.3930876 -0.7551132 0.5246772 -0.3930864 -0.7551144 0.5246763 -0.4539558 -0.8720438 0.1829313 -0.4539569 -0.872043 0.182932 0.760405 0.6494492 0 0.7094815 0.6059563 -0.3597957 0.709483 0.6059558 -0.3597937 0.04288035 0.4453288 -0.8943397 0.07097911 0.7371451 -0.6719964 0.278505 0.3501296 -0.8943401 0.4610055 0.5795646 -0.6719962 0.4610062 0.5795646 -0.6719956 0.5808254 0.7301981 -0.3597952 0.5808265 0.7301979 -0.3597938 0.6225152 0.7826077 0 0.6225152 0.7826077 0 0.5808262 0.7301974 0.3597952 0.5808258 0.7301986 0.3597937 0.4610059 0.5795643 0.6719962 0.4610058 0.5795649 0.6719956 0.2785053 0.3501299 0.8943399 0.2785053 0.3501293 0.8943401 0.05770164 0.07254093 0.9956949 0.05770164 0.07254105 0.9956949 -0.1710878 -0.2150872 0.9614918 -0.1710878 -0.2150866 0.9614919 -0.376251 -0.4730117 0.7966775 -0.3762504 -0.4730134 0.7966769 -0.5299466 -0.6662366 0.5246763 -0.5299467 -0.6662367 0.5246764 -0.6120088 -0.7694032 0.1829321 -0.6120097 -0.7694023 0.1829327 0.01330173 0.138144 -0.9903228 0.04288011 0.4453283 -0.89434 -0.004446923 -0.04618346 -0.998923 0.7094825 0.6059552 -0.3597956 0.563122 0.4809516 -0.6719964 0.5631234 0.4809514 -0.6719954 0.3401977 0.2905555 -0.8943395 0.3401964 0.2905548 -0.8943402 0.3401966 0.2905555 -0.8943398 0.1055315 0.09013247 -0.9903228 0.08942723 0.9287361 -0.3597944 0.2649956 0.894609 -0.3597944 0.2103291 0.7100585 -0.671996 0.3419504 0.6568803 -0.6719958 0.2065809 0.3968381 -0.8943399 0.2785056 0.3501297 -0.8943399 0.05770158 0.07254087 -0.9956949 0.04641729 0.08340442 -0.9954341 -0.03528028 -0.03013217 -0.9989232 -0.02634161 -0.2735678 -0.961492 -0.02634161 -0.2735679 -0.961492 -0.07805687 -0.2635153 -0.961492 -0.05792993 -0.6016224 -0.7966773 -0.05792981 -0.6016223 -0.7966773 -0.1716595 -0.5795155 -0.7966774 -0.1716606 -0.5795158 -0.796677 -0.2790836 -0.5361139 -0.7966769 0.07097899 0.737145 -0.6719965 0.2103285 0.7100582 -0.6719965 0.1270649 0.4289646 -0.89434 0.2065806 0.396838 -0.89434 0.04279994 0.08221805 -0.9956949 0.05770146 0.07254087 -0.9956949 -0.1710875 -0.2150868 -0.961492 -0.2089846 -0.1784899 -0.961492 -0.4595917 -0.3925291 -0.7966784 0.04288035 0.4453286 -0.8943399 0.1270655 0.4289649 -0.8943396 0.02632576 0.08887416 -0.9956949 0.04280006 0.08221811 -0.9956949 -0.1269041 -0.2437801 -0.9614919 -0.171088 -0.2150868 -0.9614919 -0.3762515 -0.4730123 -0.796677 -0.4595934 -0.3925299 -0.7966769 -0.4595934 -0.3925296 -0.7966771 -0.08159255 -0.8473819 -0.5246777 -0.08159375 -0.8473826 -0.5246762 -0.2417845 -0.8162449 -0.5246757 -0.2417815 -0.8162448 -0.5246772 -0.3930861 -0.755114 -0.5246772 -0.3930878 -0.7551137 -0.5246764 -0.5299468 -0.6662367 -0.5246763 0.04169684 0.08586162 -0.9954341 0.0263257 0.0888741 -0.9956949 -0.07805687 -0.2635153 -0.961492 -0.1269035 -0.2437799 -0.961492 -0.2790825 -0.5361139 -0.7966774 -0.3762497 -0.4730126 -0.7966777 -0.5299466 -0.6662367 -0.5246763 -0.6473352 -0.5528761 -0.5246763 -0.6473355 -0.5528756 -0.5246766 -0.747575 -0.6384881 -0.1829335 -0.7475759 -0.6384872 -0.1829328 -0.6120086 -0.7694031 -0.1829327 -0.6120098 -0.7694024 -0.182932 -0.4539557 -0.8720436 -0.1829319 -0.4539569 -0.8720431 -0.1829312 -0.2792246 -0.9426398 -0.1829314 -0.2792225 -0.9426401 -0.1829326 -0.09422719 -0.9785996 -0.1829321 -0.0942285 -0.9785996 -0.1829314 0 0.09226828 0.9957343 0 0.09226828 0.9957343 0 0.09226822 0.9957342 0 0.09226822 0.9957342 0 -0.2736629 0.9618257 0 -0.2736629 0.9618257 0 -0.602634 0.7980177 0 -0.602634 0.7980177 0 -0.6026346 0.7980173 0 -0.6026346 0.7980173 0 -0.8502172 0.526432 0 -0.8502172 0.526432 0 -0.8502168 0.5264328 0 -0.8502168 0.5264328 0 -0.9829732 0.183749 0 -0.9829732 0.183749 0 -0.9829732 -0.183749 0 -0.9829732 -0.183749 0 -0.8502167 -0.5264329 0 -0.8502167 -0.5264329 0 -0.8502173 -0.5264318 0 -0.8502173 -0.5264318 0 -0.6026344 -0.7980175 0 -0.6026344 -0.7980175 0 -0.6026347 -0.7980173 0 -0.6026347 -0.7980173 0 -0.2736628 -0.9618257 0 -0.2736628 -0.9618257 0 -0.04618394 -0.998933 0 -0.04618394 -0.998933 0 0.1381562 -0.9904105 0 0.1381562 -0.9904105 0 0.4457383 -0.8951634 0 0.4457383 -0.8951634 0 0.4457388 -0.8951631 0 0.4457388 -0.8951631 0 0.739009 -0.6736956 0 0.739009 -0.6736956 0 0.9324719 -0.3612425 0 0.9324719 -0.3612425 0 0.9324722 -0.3612416 0 0.9324722 -0.3612416 0 1 0 0 1 0 0 1 0 0 1 0 0 0.9324722 0.3612416 0 0.9324722 0.3612416 0 0.9324719 0.3612425 0 0.9324719 0.3612425 0 0.739009 0.6736956 0 0.739009 0.6736956 0 0.4457383 0.8951634 0 0.4457383 0.8951634 0 0.4457384 0.8951632 0 0.4457384 0.8951632 0.5889028 -0.6151789 0.5241646 0.5889032 -0.6151779 0.5241652 0.4183112 -0.4369748 0.7962843 0.4183113 -0.4369745 0.7962844 0.4183132 -0.4369756 0.7962829 0.1902872 -0.1987766 0.9613941 0.06585597 -0.6013266 0.7962847 -0.06418293 0.06704658 0.9956834 -0.06418251 0.06704586 0.9956834 0.1902874 -0.1987766 0.9613941 0.06585609 -0.6013258 0.7962853 0.02995759 -0.2735401 0.961394 0.02995753 -0.2735401 0.961394 -0.01010447 0.09226351 0.9956834 -0.01010447 0.09226351 0.9956834 -0.5124148 0.5352745 0.6715 -0.3097085 0.3235252 0.8940985 -0.3097075 0.3235245 0.8940991 -0.3097075 0.3235246 0.8940991 -0.06418323 0.06704664 0.9956834 -0.01010447 0.09226357 0.9956834 -0.04875826 0.4452083 0.8940986 -0.04875826 0.4452083 0.8940985 -0.6453161 0.6741059 0.3593721 -0.645309 0.6740961 0.3594034 -0.5124159 0.5352746 0.6714991 -0.04875826 0.4452081 0.8940986 -0.08067101 0.7366003 0.6714999 -0.08067089 0.7366003 0.6715 -0.1015939 0.9276473 0.3593734 -0.101594 0.9276476 0.3593726 -0.6915124 0.7223646 0 -0.6915124 0.7223646 0 -0.6453151 0.6741061 0.3593738 -0.101594 0.9276475 0.3593726 -0.108867 0.9940563 0 -0.108867 0.9940563 0 -0.5124154 0.5352741 -0.6714999 -0.645309 0.6740961 -0.3594034 -0.6453161 0.6741059 -0.3593721 -0.6453151 0.6741061 -0.3593738 -0.6915124 0.7223646 0 -0.108867 0.9940563 0 -0.101594 0.9276475 -0.3593726 -0.101594 0.9276476 -0.3593726 -0.3097074 0.3235247 -0.894099 -0.3097088 0.3235256 -0.8940982 -0.5124154 0.5352752 -0.671499 -0.1015939 0.9276473 -0.3593734 -0.08067089 0.7366004 -0.6714999 -0.08067101 0.7366003 -0.6715 -0.04875832 0.4452087 -0.8940984 -0.04875838 0.4452083 -0.8940985 0.1902872 -0.1987764 -0.9613942 0.03212708 -0.03356033 -0.9989202 -0.04079073 0.08497995 -0.9955474 -0.09609758 0.1003848 -0.990297 -0.3097074 0.3235245 -0.8940992 -0.0487582 0.4452081 -0.8940986 -0.01512885 0.1381404 -0.9902971 -0.0388785 0.08587151 -0.9955473 0.4183111 -0.4369745 -0.7962845 0.4183136 -0.4369761 -0.7962824 0.1902872 -0.1987766 -0.9613941 0.005057871 -0.04618334 -0.9989202 0.02995747 -0.27354 -0.961394 0.02995759 -0.2735399 -0.961394 0.06585615 -0.6013264 -0.7962848 0.06585615 -0.6013265 -0.7962847 0.06585556 -0.6013262 -0.7962851 0.09271234 -0.8465552 -0.5241647 0.0927127 -0.8465554 -0.5241645 0.588903 -0.615177 0.5241667 0.6798742 -0.7102069 0.1826943 0.6798742 -0.710207 0.1826943 0.6798743 -0.7102069 -0.1826943 0.6798742 -0.7102069 -0.1826943 0.5889028 -0.6151769 -0.5241668 0.5889027 -0.6151784 -0.5241652 0.5889035 -0.6151782 -0.5241644 0.4183111 -0.4369747 -0.7962845 0.5100443 -0.8405222 -0.1826946 0.4417978 -0.7280561 -0.524165 0.4417957 -0.7280588 -0.5241631 0.3138168 -0.5171556 -0.7962846 0.3138171 -0.5171549 -0.7962849 0.1427534 -0.2352505 -0.9613941 0.1427534 -0.2352506 -0.9613941 -0.04815 0.07934886 -0.9956833 -0.04815006 0.07934862 -0.9956834 -0.2323432 0.3828887 -0.8940989 -0.232343 0.3828898 -0.8940985 -0.3844132 0.6334937 -0.6715 -0.3844132 0.6334938 -0.6714999 -0.484116 0.7977991 -0.3593722 -0.4841158 0.7977993 -0.3593719 -0.5187728 0.8549122 0 -0.5187728 0.8549122 0 -0.4841158 0.7977992 0.3593722 -0.4841161 0.7977992 0.3593719 -0.3844131 0.6334937 0.6715 -0.3844133 0.6334938 0.6715 -0.2323426 0.382889 0.8940989 -0.2323436 0.3828895 0.8940985 -0.04815018 0.07934886 0.9956834 -0.04814994 0.0793488 0.9956834 0.1427534 -0.2352507 0.961394 0.1427535 -0.2352507 0.9613941 0.3138173 -0.5171553 0.7962846 0.3138166 -0.5171553 0.7962849 0.4417951 -0.7280579 0.5241649 0.4417984 -0.7280572 0.524163 0.5100443 -0.8405222 0.1826943 0.5100438 -0.8405225 0.1826946 0.5100439 -0.8405225 -0.1826943 0.3160293 -0.930993 -0.1826947 0.2737433 -0.8064224 -0.5241637 0.2737447 -0.8064213 -0.5241646 0.1944467 -0.5728182 -0.796285 0.1944462 -0.572819 -0.7962846 0.08845233 -0.2605717 -0.9613941 0.08845233 -0.2605717 -0.9613941 -0.02983444 0.08788931 -0.9956833 -0.02983438 0.08788943 -0.9956834 -0.143963 0.424102 -0.8940985 -0.143963 0.424102 -0.8940985 -0.2381879 0.7016797 -0.6714999 -0.2381879 0.7016795 -0.6715 -0.2999653 0.8836699 -0.3593721 -0.2999655 0.8836697 -0.3593724 -0.3214395 0.9469301 0 -0.3214395 0.9469301 0 -0.2999655 0.8836698 0.3593721 -0.2999653 0.8836697 0.3593724 -0.238188 0.7016796 0.6715 -0.2381878 0.7016795 0.6715001 -0.143963 0.424102 0.8940985 -0.143963 0.424102 0.8940985 -0.02983438 0.08788949 0.9956834 -0.0298345 0.08788955 0.9956833 0.08845239 -0.2605719 0.961394 0.08845239 -0.2605719 0.961394 0.194446 -0.5728186 0.7962849 0.1944469 -0.5728189 0.7962845 0.2737449 -0.8064218 0.5241637 0.2737431 -0.8064218 0.5241647 0.3160293 -0.9309931 0.1826944 0.3160287 -0.9309933 0.1826947 0.3160287 -0.9309933 -0.1826943 0.0927118 -0.8465548 -0.5241656 0.1070335 -0.9773265 -0.1826934 0.1070352 -0.977326 -0.1826944 0.1070352 -0.9773262 0.1826934 0.1070335 -0.9773263 0.1826944 0.09271186 -0.8465549 0.5241654 0.0927124 -0.8465552 0.5241647 0.09271234 -0.8465552 0.5241646 0.06585556 -0.6013264 0.796285 0.7557988 -0.6284942 -0.1837482 0.7115029 -0.6027185 -0.3612396 0.6531863 -0.5442582 -0.526432 0.7161419 -0.5972082 -0.3612244 0.6541029 -0.543161 -0.5264271 0.5633025 -0.4783635 -0.6736904 0.4644459 -0.38402 -0.7980092 0.3404959 -0.287665 -0.8951601 0.4607532 -0.3884328 -0.7980141 0.3386465 -0.2898547 -0.8951552 0.2124406 -0.1725624 -0.9618167 0.10443 -0.09047842 -0.990408 0.03537863 -0.02968615 -0.998933 -0.03537833 0.02968591 -0.998933 -0.1044301 0.09047859 -0.990408 -0.2124416 0.1725632 -0.9618162 -0.3386463 0.2898544 -0.8951554 -0.4607453 0.3884263 -0.7980219 -0.3404931 0.2876627 -0.8951618 -0.4644448 0.3840191 -0.7980104 -0.563304 0.4783649 -0.673688 -0.6541031 0.5431616 -0.5264264 -0.7161275 0.5971959 -0.3612734 -0.6531879 0.5442596 -0.5264286 -0.7115031 0.6027183 -0.3612397 -0.7557991 0.6284941 -0.1837466 -0.3404916 0.2876614 0.8951628 -0.3404925 0.2876622 0.8951622 -0.4644449 0.3840192 0.7980101 -0.563304 0.4783648 0.6736882 -0.6541031 0.5431616 0.5264264 -0.7161273 0.5971958 0.3612741 -0.6531878 0.5442595 0.5264289 -0.7115031 0.6027183 0.3612396 -0.7557992 0.628494 0.1837466 -0.7632324 0.6461241 0 -0.7632324 0.6461241 0 -0.4532821 0.3972423 0.7979562 -0.2124417 0.1725633 0.9618162 -0.06787633 0.06265145 0.9957247 0.07064473 -0.0593506 0.9957343 -0.07064533 0.05935108 0.9957343 0.06787621 -0.06265133 0.9957247 0.2124407 -0.1725624 0.9618166 0.4532893 -0.3972494 0.7979484 0.3404918 -0.2876616 0.8951627 0.3404955 -0.2876647 0.8951602 0.464446 -0.3840202 0.798009 0.5633025 -0.4783633 0.6736904 0.6541029 -0.5431609 0.5264273 0.7161419 -0.5972082 0.3612244 0.6531864 -0.5442582 0.5264319 0.711503 -0.6027185 0.3612396 0.7557987 -0.6284941 0.1837483 0.7632321 -0.6461244 0 0.7632321 -0.6461244 0 -0.09271246 0.8465549 -0.5241653 -0.09271341 0.8465551 -0.5241647 -0.06585633 0.6013265 -0.7962847 -0.06585633 0.6013265 -0.7962847 -0.06585633 0.6013264 -0.7962847 -0.02995765 0.2735399 -0.961394 -0.4183115 0.4369722 -0.7962856 0.0388785 -0.08587133 -0.9955474 -0.005057871 0.04618322 -0.9989202 -0.02995741 0.2735401 -0.961394 -0.4183072 0.4369694 -0.7962895 -0.1902881 0.1987775 -0.9613938 -0.190288 0.1987782 -0.9613937 -0.03212678 0.03356021 -0.9989202 0.04079037 -0.08497983 -0.9955473 0.08067095 -0.7366001 -0.6715002 0.04875844 -0.4452098 -0.8940978 0.04875868 -0.4452083 -0.8940985 0.0487582 -0.4452075 -0.8940989 0.01512885 -0.1381403 -0.9902971 0.0960974 -0.1003848 -0.9902971 0.3097073 -0.323525 -0.894099 0.3097075 -0.3235256 -0.8940987 0.1015936 -0.9276478 -0.3593723 0.1015941 -0.92765 -0.3593665 0.08067077 -0.7366003 -0.6714999 0.3097112 -0.3235279 -0.8940965 0.5124141 -0.5352739 -0.6715011 0.5124141 -0.5352751 -0.6715 0.6453199 -0.6741104 -0.359357 0.6453165 -0.6741057 -0.3593719 0.1088668 -0.9940564 0 0.1088668 -0.9940564 0 0.1015939 -0.9276475 -0.3593729 0.6453152 -0.6741059 -0.3593738 0.6915126 -0.7223644 0 0.6915126 -0.7223644 0 0.08067071 -0.7366001 0.6715003 0.1015941 -0.92765 0.3593665 0.1015936 -0.9276478 0.3593723 0.1015939 -0.9276475 0.3593729 0.1088668 -0.9940564 0 0.6915126 -0.7223644 0 0.6453152 -0.6741059 0.3593738 0.6453165 -0.6741057 0.3593719 0.04875856 -0.4452082 0.8940985 0.04875844 -0.4452093 0.8940981 0.08067101 -0.7366003 0.6715 0.6453199 -0.6741104 0.359357 0.5124135 -0.5352745 0.6715011 0.5124148 -0.5352745 0.6715 0.3097108 -0.3235276 0.8940968 0.3097075 -0.3235255 0.8940987 -0.02995741 0.2735401 0.9613941 0.01010441 -0.09226304 0.9956834 0.01010453 -0.09226346 0.9956833 0.01010447 -0.09226357 0.9956833 0.0487582 -0.4452077 0.8940988 0.3097074 -0.3235251 0.8940988 0.06418311 -0.06704664 0.9956833 0.06418246 -0.06704646 0.9956833 -0.06585621 0.6013266 0.7962847 -0.06585627 0.6013258 0.7962853 -0.02995771 0.2735403 0.9613939 0.06418186 -0.0670455 0.9956835 -0.1902878 0.198778 0.9613937 -0.1902886 0.198778 0.9613935 -0.4183067 0.4369689 0.7962899 -0.4183116 0.4369722 0.7962856 -0.4183116 0.4369724 0.7962855 -0.5889062 0.6151772 0.5241628 -0.5889074 0.6151747 0.5241644 -0.09271317 0.8465554 -0.5241643 -0.1070349 0.9773262 -0.182694 -0.1070352 0.9773262 -0.1826941 -0.1070352 0.9773262 0.1826941 -0.1070349 0.9773262 0.1826942 -0.09271317 0.8465554 0.5241641 -0.09271275 0.8465552 0.5241647 -0.09271335 0.8465547 0.5241655 -0.06585633 0.6013267 0.7962846 -0.3160293 0.930993 0.182695 -0.2737431 0.8064218 0.5241647 -0.273742 0.8064218 0.5241653 -0.1944451 0.5728194 0.7962846 -0.1944446 0.5728192 0.7962847 -0.08845168 0.2605721 0.9613941 -0.0884521 0.2605723 0.9613939 0.02983433 -0.08788943 0.9956833 0.02983433 -0.08788943 0.9956834 0.1439629 -0.4241023 0.8940984 0.1439635 -0.4241026 0.8940981 0.238188 -0.7016789 0.6715006 0.2381874 -0.7016786 0.6715012 0.299965 -0.8836697 0.3593727 0.2999665 -0.8836702 0.3593706 0.3214403 -0.9469298 0 0.3214403 -0.9469298 0 0.2999662 -0.8836694 -0.3593726 0.2999653 -0.8836706 -0.3593705 0.2381876 -0.7016792 -0.6715006 0.2381879 -0.7016785 -0.6715012 0.1439633 -0.4241022 -0.8940984 0.1439631 -0.4241029 -0.8940981 0.02983433 -0.08788931 -0.9956834 0.02983433 -0.08788931 -0.9956834 -0.08845198 0.2605718 -0.9613941 -0.08845174 0.2605723 -0.961394 -0.1944447 0.5728194 -0.7962846 -0.194445 0.572819 -0.7962849 -0.2737422 0.8064221 -0.5241647 -0.273743 0.8064215 -0.5241653 -0.3160294 0.9309932 -0.1826939 -0.316031 0.9309924 -0.182695 -0.316031 0.9309926 0.1826939 -0.5100387 0.8405255 0.182695 -0.4417928 0.7280586 0.5241658 -0.4417969 0.7280579 0.5241634 -0.3138176 0.5171548 0.7962849 -0.3138163 0.5171547 0.7962853 -0.1427535 0.2352511 0.961394 -0.1427548 0.2352514 0.9613937 0.04815012 -0.07934856 0.9956834 0.04815012 -0.07934856 0.9956834 0.2323447 -0.3828903 0.8940979 0.2323428 -0.3828895 0.8940986 0.3844122 -0.6334924 0.6715018 0.3844142 -0.6334929 0.6715002 0.4841179 -0.7977989 0.3593698 0.4841163 -0.7977989 0.359372 0.5187733 -0.8549118 0 0.5187733 -0.8549118 0 0.4841167 -0.7977996 -0.3593699 0.4841175 -0.7977982 -0.3593721 0.3844135 -0.6334916 -0.6715016 0.3844131 -0.6334938 -0.6715 0.2323436 -0.3828908 -0.8940979 0.2323439 -0.3828889 -0.8940986 0.04815006 -0.07934844 -0.9956834 0.04815006 -0.07934844 -0.9956834 -0.1427543 0.2352505 -0.961394 -0.142754 0.2352519 -0.9613937 -0.3138166 0.5171552 -0.7962849 -0.3138172 0.517154 -0.7962854 -0.4417963 0.7280567 -0.5241655 -0.4417936 0.72806 -0.5241632 -0.5100387 0.8405254 -0.1826953 -0.5100383 0.8405258 -0.182695 -0.5100382 0.8405257 0.1826953 -0.5889073 0.6151753 0.5241637 -0.6798779 0.7102037 0.1826931 -0.6798746 0.7102062 0.1826956 -0.6798749 0.7102066 -0.182693 -0.6798776 0.7102034 -0.1826955 -0.5889073 0.6151753 -0.5241639 -0.5889071 0.6151763 -0.5241627 -0.5889056 0.6151766 -0.524164 -0.4183115 0.4369723 -0.7962856 0 0.2736631 0.9618256 0 0.2736631 0.9618256 0 0.602634 0.7980177 0 0.602634 0.7980177 0 0.6026349 0.798017 0 0.6026349 0.798017 0 0.8502167 0.5264329 0 0.8502167 0.5264329 0 0.8502175 0.5264316 0 0.8502175 0.5264316 0 0.9829731 0.1837497 0 0.9829731 0.1837497 0 0.982973 -0.1837496 0 0.982973 -0.1837496 0 0.8502174 -0.5264317 0 0.8502174 -0.5264317 0 0.8502168 -0.5264327 0 0.8502168 -0.5264327 0 0.6026347 -0.7980171 0 0.6026347 -0.7980171 0 0.6026347 -0.7980172 0 0.6026347 -0.7980172 0 0.2736629 -0.9618257 0 0.2736629 -0.9618257 0 0.04618382 -0.9989329 0 0.04618382 -0.9989329 0 -0.1381561 -0.9904105 0 -0.1381561 -0.9904105 0 -0.4457377 -0.8951637 0 -0.4457377 -0.8951637 0 -0.4457401 -0.8951625 0 -0.4457401 -0.8951625 0 -0.7390089 -0.6736956 0 -0.7390089 -0.6736956 0 -0.9324746 -0.3612355 0 -0.9324746 -0.3612355 0 -0.9324721 -0.3612419 0 -0.9324721 -0.3612419 0 -1 0 0 -1 0 0 -1 0 0 -1 0 0 -0.9324721 0.3612419 0 -0.9324721 0.3612419 0 -0.9324746 0.3612355 0 -0.9324746 0.3612355 0 -0.7390089 0.6736958 0 -0.7390089 0.6736958 0 -0.4457395 0.8951627 0 -0.4457395 0.8951627 0 -0.4457378 0.8951635 0 -0.4457378 0.8951635 0 -0.09226828 0.9957343 0 -0.09226828 0.9957343 0 -0.09226769 0.9957343 0 -0.09226769 0.9957343 0.08159297 0.8473827 0.5246763 0.6473361 0.552874 0.5246773 0.4596008 0.3925333 0.796671 0.02634155 0.2735682 0.9614918 0.0942263 0.9785996 -0.1829321 0.7475676 0.6384962 -0.1829354 0.7475761 0.638488 -0.1829291 0.09422761 0.9785996 -0.1829314 0.08159297 0.8473826 -0.5246765 0.08159267 0.8473824 -0.5246768 0.2089855 0.1784892 -0.961492 0.4596013 0.3925337 -0.7966705 0.4595932 0.3925298 -0.7966772 0.4595935 0.3925276 -0.7966781 0.6473367 0.5528746 -0.5246759 0.6473378 0.5528721 -0.5246773 0.6473375 0.5528764 -0.5246731 0.08159333 0.847382 -0.5246774 0.05792945 0.6016227 -0.7966771 0.05792939 0.6016227 -0.7966771 -0.04641741 -0.08340436 -0.9954341 0.03528112 0.03013318 -0.998923 0.2089827 0.1784896 -0.9614925 0.05792939 0.6016226 -0.7966771 0.02634143 0.273568 -0.9614919 0.02634155 0.2735681 -0.9614919 0.004446923 0.04618334 -0.998923 -0.04169696 -0.08586156 -0.9954341 -0.5631192 -0.4809526 -0.671998 -0.340196 -0.2905569 -0.8943396 -0.3401964 -0.2905571 -0.8943395 -0.3401957 -0.2905548 -0.8943405 -0.1055312 -0.09013223 -0.9903229 -0.01330178 -0.1381439 -0.9903228 -0.04288041 -0.4453277 -0.8943403 -0.04288071 -0.4453281 -0.8943401 -0.7094836 -0.6059541 -0.3597953 -0.7094913 -0.605963 -0.3597652 -0.5631225 -0.4809523 -0.6719955 -0.04288041 -0.44533 -0.8943391 -0.07097899 -0.737145 -0.6719965 -0.07097917 -0.7371451 -0.6719963 -0.08942753 -0.9287385 -0.3597882 -0.08942699 -0.9287362 -0.3597941 -0.7094843 -0.6059539 0.3597943 -0.7604076 -0.6494463 0 -0.7604076 -0.6494463 0 -0.7604076 -0.6494463 0 -0.7094843 -0.6059539 -0.3597943 -0.5808255 -0.7301982 0.359795 -0.6225144 -0.7826084 0 -0.6225144 -0.7826084 0 -0.5808255 -0.7301981 -0.3597952 -0.5808256 -0.730198 -0.359795 -0.4610052 -0.5795631 -0.6719977 -0.4610053 -0.5795631 -0.6719976 -0.2785062 -0.3501303 -0.8943395 -0.2785058 -0.3501302 -0.8943397 -0.05770158 -0.07254093 -0.9956949 -0.05770206 -0.07254099 -0.9956949 0.1710883 0.2150862 -0.9614918 0.1710867 0.2150861 -0.9614923 0.3762504 0.4730129 -0.7966771 0.3762501 0.4730129 -0.7966772 0.5299468 0.6662369 -0.524676 0.5299461 0.6662371 -0.5246763 0.6120077 0.7694033 -0.1829347 0.6120156 0.7693982 -0.1829298 -0.08942723 -0.9287361 -0.3597946 -0.09584587 -0.9953962 0 -0.09584587 -0.9953962 0 -0.7094913 -0.605963 0.3597652 -0.3419497 -0.6568796 0.6719968 -0.4308258 -0.8276091 0.3597947 -0.4308255 -0.8276097 0.3597938 -0.4617479 -0.8870112 0 -0.4617479 -0.8870112 0 -0.4308254 -0.8276094 -0.3597947 -0.430826 -0.8276095 -0.3597939 -0.3419494 -0.656879 -0.6719975 -0.3419504 -0.6568793 -0.6719967 -0.2065814 -0.3968383 -0.8943397 -0.2065808 -0.3968381 -0.89434 -0.04280012 -0.08221834 -0.9956949 -0.04279994 -0.08221828 -0.9956949 0.1269031 0.2437795 -0.9614922 0.1269044 0.2437798 -0.9614919 0.2790843 0.5361132 -0.7966773 0.2790851 0.5361132 -0.7966769 0.3930899 0.7551125 -0.5246765 0.3930857 0.7551133 -0.5246786 0.4539558 0.872044 -0.1829302 0.4539549 0.8720443 -0.1829307 -0.09584587 -0.9953962 0 -0.08942723 -0.9287361 0.3597946 -0.08942699 -0.9287362 0.3597941 -0.3401957 -0.2905565 0.8943399 -0.563121 -0.4809541 0.6719955 -0.1270653 -0.428964 0.8943401 -0.2103292 -0.7100577 0.6719968 -0.2103288 -0.7100585 0.6719961 -0.2649952 -0.8946092 0.3597941 -0.264995 -0.8946095 0.3597938 -0.2840149 -0.9588199 0 -0.2840149 -0.9588199 0 -0.2649949 -0.8946094 -0.3597941 -0.2649952 -0.8946094 -0.3597937 -0.2103286 -0.7100579 -0.6719967 -0.2103294 -0.7100584 -0.6719961 -0.1270654 -0.4289647 -0.8943398 -0.1270647 -0.4289642 -0.8943401 -0.02632564 -0.08887422 -0.9956949 -0.02632552 -0.08887416 -0.9956949 0.07805645 0.2635157 -0.9614919 0.07805681 0.2635159 -0.9614918 0.1716601 0.5795159 -0.7966769 0.1716595 0.5795156 -0.7966772 0.2417814 0.8162444 -0.5246778 0.2417821 0.8162444 -0.5246775 0.2792223 0.9426405 -0.1829313 0.279224 0.9426403 -0.1829304 -0.07048326 -0.06019842 0.9956948 -0.3401958 -0.2905549 0.8943403 -0.07048302 -0.06019872 0.9956949 -0.08942753 -0.9287385 0.3597882 -0.07097911 -0.737145 0.6719965 -0.07097899 -0.7371451 0.6719964 -0.04288035 -0.4453295 0.8943393 -0.04288059 -0.4453281 0.8943401 -0.04288047 -0.4453279 0.8943402 -0.008884131 -0.09226465 0.9956949 -0.7094836 -0.6059541 0.3597953 -0.5808255 -0.730198 0.3597952 -0.4610052 -0.5795631 0.6719977 -0.34195 -0.6568785 0.6719976 -0.2065811 -0.3968378 0.8943399 -0.1270648 -0.4289649 0.8943397 -0.02632564 -0.08887422 0.9956949 -0.008884131 -0.09226459 0.9956949 -0.008883953 -0.09226411 0.995695 0.208984 0.1784879 0.9614924 0.2089841 0.1784908 0.961492 0.1710875 0.2150871 0.9614919 0.4595936 0.3925277 0.7966779 0.4595934 0.3925297 0.7966771 0.3762502 0.4730132 0.796677 0.3762503 0.4730129 0.7966772 0.2790849 0.5361129 0.7966772 -0.5631209 -0.4809508 0.671998 -0.4610052 -0.579563 0.6719977 -0.278506 -0.35013 0.8943397 -0.206581 -0.3968385 0.8943397 -0.04280012 -0.08221834 0.9956948 -0.02632558 -0.08887434 0.9956949 0.07805651 0.2635161 0.9614918 0.02634149 0.2735682 0.9614918 0.05792933 0.6016221 0.7966776 -0.3401966 -0.2905569 0.8943395 -0.2785059 -0.3501304 0.8943395 -0.05770182 -0.07254129 0.9956949 -0.04280006 -0.08221852 0.9956949 0.1269035 0.2437803 0.961492 0.07805675 0.2635158 0.9614918 0.17166 0.5795156 0.7966771 0.05792921 0.6016227 0.7966771 0.05792945 0.6016229 0.7966769 0.6473376 0.5528765 0.5246729 0.6473379 0.5528734 0.5246759 0.5299462 0.6662373 0.524676 0.5299466 0.6662366 0.5246763 0.3930863 0.7551144 0.5246764 0.3930894 0.7551115 0.5246785 0.241782 0.8162443 0.5246778 -0.07048279 -0.06019836 0.9956949 -0.05770188 -0.07254081 0.9956949 0.1710878 0.2150856 0.9614922 0.126904 0.2437791 0.9614921 0.2790845 0.5361135 0.7966769 0.1716596 0.5795162 0.7966769 0.2417814 0.8162447 0.5246775 0.08159333 0.8473823 0.5246769 0.08159184 0.8473819 0.5246776 0.09422767 0.9785995 0.1829321 0.09422636 0.9785997 0.1829314 0.2792223 0.9426407 0.1829304 0.2792239 0.94264 0.1829314 0.4539558 0.8720439 0.1829307 0.453955 0.8720444 0.1829302 0.6120082 0.7694041 0.1829299 0.612015 0.7693974 0.1829349 0.7475753 0.6384872 0.1829352 0.7475684 0.6384969 0.1829289 -0.8075418 -0.5604571 -0.18375 -0.7614856 -0.5381881 -0.3612385 -0.6980295 -0.4854103 -0.5264329 -0.7653688 -0.5326703 -0.3612104 -0.6987959 -0.4843119 -0.5264279 -0.603012 -0.4272233 -0.673689 -0.4959912 -0.3423065 -0.7980095 -0.3643228 -0.256814 -0.8951623 -0.4929005 -0.3467224 -0.7980179 -0.362779 -0.2590104 -0.8951564 -0.2265144 -0.153617 -0.9618176 -0.111997 -0.08091884 -0.9904084 -0.0378316 -0.02648997 -0.998933 0.03783237 0.0264905 -0.9989329 0.1119971 0.08091878 -0.9904084 0.2265124 0.1536157 -0.9618182 0.3627808 0.2590121 -0.8951552 0.4929099 0.3467293 -0.7980092 0.3643192 0.2568117 -0.8951644 0.4959888 0.342305 -0.7980116 0.603012 0.4272236 -0.6736888 0.6987957 0.4843122 -0.5264278 0.7653508 0.5326576 -0.3612672 0.698033 0.4854127 -0.5264261 0.761486 0.538188 -0.3612377 0.8075428 0.5604572 -0.1837453 -0.8168005 -0.5769203 0 -0.8168005 -0.5769203 0 -0.8075419 -0.5604572 0.18375 -0.7614856 -0.5381881 0.3612384 -0.6980296 -0.4854103 0.5264328 -0.7653685 -0.5326701 0.3612112 -0.6987958 -0.4843118 0.5264281 -0.603012 -0.4272232 0.6736891 -0.4959913 -0.3423066 0.7980092 -0.3643226 -0.2568139 0.8951624 -0.4929001 -0.3467221 0.7980183 -0.3627792 -0.2590106 0.8951563 -0.2265145 -0.1536171 0.9618176 -0.07323682 -0.05627095 0.9957258 0.0755518 0.05296558 0.9957342 -0.07555204 -0.05296576 0.9957341 0.07323646 0.05627071 0.9957259 0.2265126 0.1536158 0.9618181 0.3627811 0.2590122 0.8951551 0.4929093 0.3467289 0.7980097 0.3643185 0.2568113 0.8951649 0.495989 0.3423051 0.7980114 0.6030121 0.4272237 0.6736886 0.6987956 0.4843122 0.5264281 0.7653514 0.5326581 0.3612654 0.6980331 0.4854128 0.5264258 0.761486 0.538188 0.3612377 0.8075429 0.5604573 0.1837451 0.8168009 0.5769197 0 0.8168009 0.5769197 0 -0.6473337 -0.5528749 -0.5246794 -0.08159333 -0.8473822 -0.524677 -0.05792987 -0.6016236 -0.7966764 -0.2089852 -0.1784898 -0.9614919 -0.7475732 -0.63849 0.1829338 -0.09422755 -0.9785996 0.1829314 -0.0942282 -0.9785996 0.1829318 -0.7475743 -0.6384885 0.1829348 -0.6473338 -0.5528751 0.5246792 -0.6473336 -0.5528779 0.5246765 -0.02634161 -0.273568 0.9614919 -0.05792981 -0.6016229 0.7966769 -0.05792981 -0.6016229 0.7966769 -0.05792945 -0.6016228 0.7966771 -0.08159333 -0.8473821 0.5246771 -0.08159321 -0.8473821 0.5246772 -0.08159345 -0.8473822 0.5246769 -0.6473328 -0.5528782 0.5246772 -0.4595933 -0.3925324 0.7966758 -0.4595936 -0.3925298 0.7966769 0.008884072 0.09226453 0.9956949 0.008884072 0.09226441 0.9956949 -0.02634161 -0.273568 0.961492 -0.4595912 -0.3925286 0.7966789 -0.208985 -0.1784904 0.9614918 -0.208985 -0.1784896 0.961492 0.07048302 0.06019806 0.9956949 0.07048308 0.06019812 0.9956949 0.07097876 0.7371451 0.6719963 0.04288011 0.4453285 0.8943399 0.04288011 0.4453284 0.8943399 0.04288023 0.4453285 0.8943399 0.008884012 0.09226465 0.9956949 0.07048296 0.06019812 0.9956949 0.3401976 0.2905562 0.8943393 0.3401976 0.290556 0.8943393 0.08942705 0.9287362 0.359794 0.08942711 0.9287365 0.3597934 0.07097893 0.737145 0.6719966 0.3401926 0.2905538 0.894342 0.5631213 0.4809541 0.6719952 0.5631211 0.4809508 0.6719977 0.7094756 0.6059493 0.3598192 0.7094816 0.6059563 0.3597955 0.08942717 0.9287362 -0.3597944 0.09584581 0.9953962 0 0.09584581 0.9953962 0 0.09584581 0.9953962 0 0.08942717 0.9287362 0.3597944 0.264995 0.8946089 -0.3597952 0.2840151 0.9588198 0 0.2840151 0.9588198 0 0.2649952 0.8946095 0.3597937 0.2649961 0.8946086 0.3597952 0.2103295 0.7100583 0.6719961 0.2103292 0.7100588 0.6719956 0.1270651 0.4289643 0.89434 0.1270653 0.428964 0.8943401 0.02632576 0.08887416 0.9956949 0.02632564 0.08887451 0.9956949 -0.07805633 -0.2635157 0.961492 -0.07805627 -0.2635158 0.9614919 -0.1716591 -0.5795166 0.7966766 -0.1716601 -0.5795156 0.7966771 -0.2417822 -0.8162443 0.5246777 -0.2417829 -0.8162438 0.5246781 -0.2792234 -0.9426404 0.1829304 -0.279224 -0.9426401 0.1829307 0.7094831 0.6059558 0.3597934 0.7604059 0.649448 0 0.7604059 0.649448 0 0.08942711 0.9287365 -0.3597934 0.3419489 0.6568799 -0.6719968 0.4308248 0.8276093 -0.3597957 0.4308253 0.8276093 -0.359795 0.4617479 0.8870112 0 0.4617479 0.8870112 0 0.4308251 0.827609 0.3597956 0.4308248 0.8276095 0.359795 0.3419497 0.6568812 0.6719952 0.3419504 0.656879 0.671997 0.2065809 0.3968374 0.8943402 0.2065805 0.3968389 0.8943396 0.04280006 0.08221846 0.9956948 0.04280018 0.08221811 0.9956949 -0.1269043 -0.2437799 0.961492 -0.126904 -0.2437806 0.9614917 -0.2790829 -0.536114 0.7966772 -0.279084 -0.5361122 0.796678 -0.3930886 -0.7551117 0.5246787 -0.3930855 -0.7551148 0.5246765 -0.4539549 -0.8720445 0.1829301 -0.453955 -0.8720444 0.1829302 0.7604059 0.649448 0 0.7094831 0.6059558 -0.3597934 0.7094816 0.6059563 -0.3597955 0.04288011 0.445329 -0.8943396 0.0709787 0.737145 -0.6719965 0.2785063 0.3501303 -0.8943395 0.4610058 0.5795634 -0.671997 0.4610052 0.5795633 -0.6719974 0.5808254 0.730198 -0.3597953 0.5808255 0.730198 -0.3597952 0.6225145 0.7826083 0 0.6225145 0.7826083 0 0.5808254 0.730198 0.3597953 0.5808254 0.7301981 0.3597952 0.4610054 0.5795636 0.6719971 0.4610055 0.579563 0.6719976 0.2785061 0.35013 0.8943396 0.2785061 0.3501304 0.8943395 0.05770164 0.07254093 0.9956949 0.05770164 0.07254105 0.9956949 -0.171088 -0.2150875 0.9614917 -0.1710882 -0.2150862 0.961492 -0.3762515 -0.4730103 0.7966782 -0.3762502 -0.4730135 0.7966769 -0.5299463 -0.6662368 0.5246765 -0.5299461 -0.6662372 0.5246763 -0.6120082 -0.769404 0.1829299 -0.6120144 -0.7693982 0.1829344 0.01330173 0.138144 -0.9903228 0.04288017 0.4453283 -0.89434 -0.004446923 -0.0461834 -0.998923 0.7094756 0.6059493 -0.3598192 0.5631228 0.4809522 -0.6719952 0.5631195 0.4809526 -0.6719978 0.340193 0.2905541 -0.8943417 0.3401975 0.2905562 -0.8943393 0.3401974 0.290556 -0.8943393 0.1055312 0.09013217 -0.9903228 0.08942705 0.9287362 -0.359794 0.2649962 0.8946092 -0.3597936 0.2103297 0.7100586 -0.6719956 0.3419512 0.6568806 -0.6719951 0.2065815 0.3968384 -0.8943397 0.2785059 0.3501302 -0.8943396 0.05770158 0.07254087 -0.9956949 0.04641741 0.0834043 -0.9954341 -0.03528058 -0.03013235 -0.998923 -0.02634161 -0.2735678 -0.961492 -0.02634161 -0.2735678 -0.961492 -0.07805615 -0.2635155 -0.9614919 -0.05792945 -0.6016225 -0.7966772 -0.05792999 -0.6016228 -0.7966769 -0.1716603 -0.5795163 -0.7966766 -0.1716589 -0.5795159 -0.7966772 -0.2790845 -0.5361132 -0.7966772 0.07097893 0.7371451 -0.6719963 0.2103291 0.7100584 -0.6719961 0.1270651 0.4289641 -0.8943401 0.20658 0.3968378 -0.8943402 0.04279989 0.08221811 -0.9956949 0.05770152 0.07254087 -0.9956949 -0.1710874 -0.2150868 -0.961492 -0.2089845 -0.1784899 -0.961492 -0.4595917 -0.3925291 -0.7966784 0.04288023 0.4453284 -0.8943399 0.1270654 0.4289643 -0.89434 0.02632582 0.08887428 -0.9956949 0.04280024 0.08221828 -0.9956949 -0.1269044 -0.2437802 -0.9614919 -0.1710887 -0.2150868 -0.9614917 -0.3762524 -0.4730114 -0.7966771 -0.4595934 -0.3925299 -0.7966769 -0.4595932 -0.3925323 -0.7966759 -0.08159345 -0.8473821 -0.524677 -0.08159339 -0.8473821 -0.524677 -0.241783 -0.8162441 -0.5246776 -0.2417821 -0.816244 -0.524678 -0.3930848 -0.7551136 -0.5246788 -0.3930892 -0.7551128 -0.5246767 -0.529946 -0.6662371 -0.5246765 0.04169696 0.0858615 -0.9954341 0.02632546 0.0888741 -0.9956949 -0.07805627 -0.2635155 -0.9614919 -0.1269037 -0.24378 -0.961492 -0.2790824 -0.5361131 -0.796678 -0.376249 -0.473012 -0.7966784 -0.5299463 -0.6662369 -0.5246763 -0.6473331 -0.5528783 -0.5246764 -0.6473336 -0.5528774 -0.524677 -0.7475745 -0.6384886 -0.1829338 -0.7475731 -0.6384899 -0.1829348 -0.6120077 -0.7694034 -0.1829342 -0.6120148 -0.7693988 -0.1829298 -0.4539548 -0.8720445 -0.1829302 -0.453955 -0.8720445 -0.1829301 -0.2792233 -0.9426403 -0.1829307 -0.279224 -0.9426403 -0.1829304 -0.0942282 -0.9785996 -0.1829314 -0.09422755 -0.9785996 -0.1829318 -0.01027083 -0.2736485 0.9617749 -0.006848812 -0.258813 0.9659032 0.004588544 -0.6026287 0.7980086 0.004588544 -0.6026284 0.7980087 -0.01602959 -0.7070159 0.707016 0.008039355 -0.8501895 0.5264155 0.008039355 -0.8501897 0.5264152 -0.01372927 -0.9658348 0.2587947 0 -0.9829731 0.1837493 0 -0.9829732 -0.1837493 -0.01372927 -0.9658348 -0.2587947 0.008039355 -0.8501896 -0.5264154 0.008039355 -0.8501896 -0.5264152 -0.01602965 -0.7070159 -0.7070159 0.004588544 -0.6026282 -0.7980089 0.004588544 -0.6026293 -0.7980081 -0.006848812 -0.258813 -0.9659032 -0.01027083 -0.2736484 -0.961775 -0.01649016 0.2587839 -0.9657945 0 0.1381562 -0.9904105 0 -0.04618388 -0.998933 0.002521932 0.9324696 -0.3612396 -0.002974808 0.7390056 -0.6736927 -0.01189142 0.7070569 -0.7070568 0.007348537 0.4457269 -0.8951388 0.007348537 0.4457262 -0.8951392 0.002521932 0.9324692 -0.3612406 -0.01510906 0.9658156 -0.2587895 0.008269727 0.9999658 0 0.008269727 0.9999658 0 -0.01510906 0.9658156 0.2587895 0.002521932 0.9324692 0.3612406 0.002521932 0.9324696 0.3612396 -0.003648698 0.7071021 0.7071021 -0.01458466 0.7389302 0.6736241 0.006197988 0.09226632 0.995715 0.006197988 0.09226649 0.995715 -0.0164901 0.2587839 0.9657945 0.007348597 0.4457264 0.895139 0.007348597 0.4457265 0.895139</float_array>
          <technique_common>
            <accessor source="#pipeline2-mesh-normals-array" count="3936" stride="3">
              <param name="X" type="float"/>
              <param name="Y" type="float"/>
              <param name="Z" type="float"/>
            </accessor>
          </technique_common>
        </source>
        <vertices id="pipeline2-mesh-vertices">
          <input semantic="POSITION" source="#pipeline2-mesh-positions"/>
        </vertices>
        <triangles count="3936">
          <input semantic="VERTEX" source="#pipeline2-mesh-vertices" offset="0"/>
          <input semantic="NORMAL" source="#pipeline2-mesh-normals" offset="1"/>
          <p>0 0 1 0 2 0 2 1 1 1 3 1 2 2 3 2 4 2 4 3 3 3 5 3 4 4 5 4 6 4 5 5 7 5 6 5 6 6 7 6 8 6 6 7 8 7 9 7 9 8 8 8 10 8 9 9 10 9 11 9 11 10 10 10 12 10 11 11 12 11 13 11 13 12 12 12 14 12 13 13 14 13 15 13 15 14 14 14 16 14 15 15 16 15 17 15 17 16 16 16 18 16 17 17 18 17 19 17 19 18 18 18 20 18 19 19 20 19 21 19 21 20 20 20 22 20 21 21 22 21 23 21 23 22 22 22 24 22 23 23 24 23 0 23 0 24 24 24 25 24 0 25 25 25 1 25 26 26 27 26 28 26 28 27 27 27 29 27 28 28 29 28 30 28 30 29 29 29 31 29 30 30 31 30 32 30 31 31 33 31 32 31 32 32 33 32 34 32 32 33 34 33 35 33 35 34 34 34 36 34 35 35 36 35 37 35 37 36 36 36 38 36 37 37 38 37 39 37 39 38 38 38 40 38 39 39 40 39 41 39 41 40 40 40 42 40 41 41 42 41 43 41 43 42 42 42 44 42 43 43 44 43 45 43 45 44 44 44 46 44 45 45 46 45 47 45 47 46 46 46 48 46 47 47 48 47 49 47 49 48 48 48 50 48 49 49 50 49 26 49 26 50 50 50 51 50 26 51 51 51 27 51 20 52 52 52 18 52 53 53 54 53 22 53 54 54 20 54 22 54 54 55 55 55 20 55 55 56 52 56 20 56 56 57 57 57 24 57 57 58 22 58 24 58 57 59 58 59 22 59 58 60 53 60 22 60 56 61 24 61 59 61 24 62 60 62 59 62 24 63 25 63 60 63 60 64 61 64 25 64 25 65 62 65 61 65 25 66 1 66 62 66 62 67 1 67 63 67 1 68 64 68 63 68 1 69 3 69 64 69 64 70 3 70 65 70 3 71 66 71 65 71 3 72 5 72 66 72 5 73 67 73 66 73 5 74 7 74 67 74 67 75 7 75 68 75 7 76 69 76 68 76 7 77 8 77 69 77 69 78 8 78 70 78 8 79 71 79 70 79 8 80 10 80 71 80 10 81 72 81 71 81 10 82 12 82 72 82 12 83 73 83 72 83 12 84 74 84 73 84 74 85 12 85 75 85 12 86 76 86 75 86 12 87 14 87 76 87 77 88 78 88 16 88 78 89 14 89 16 89 78 90 79 90 14 90 79 91 76 91 14 91 77 92 16 92 80 92 16 93 81 93 80 93 16 94 18 94 81 94 18 95 82 95 81 95 18 96 52 96 82 96 75 97 83 97 74 97 83 98 84 98 74 98 85 99 87 99 86 99 87 100 88 100 86 100 89 101 91 101 90 101 91 102 92 102 90 102 91 103 88 103 92 103 88 104 93 104 92 104 88 105 87 105 93 105 74 106 84 106 73 106 84 107 73 107 72 107 84 108 94 108 72 108 94 109 71 109 72 109 94 110 95 110 71 110 95 111 70 111 71 111 70 112 95 112 69 112 95 113 68 113 69 113 95 114 96 114 68 114 96 115 67 115 68 115 96 116 97 116 67 116 98 117 100 117 99 117 100 118 101 118 99 118 100 119 89 119 101 119 89 120 102 120 101 120 89 121 90 121 102 121 103 122 98 122 104 122 98 123 105 123 104 123 98 124 99 124 105 124 67 125 97 125 66 125 97 126 65 126 66 126 97 127 106 127 65 127 107 128 103 128 108 128 103 129 109 129 108 129 103 130 104 130 109 130 65 131 106 131 64 131 106 132 63 132 64 132 106 133 110 133 63 133 63 134 110 134 62 134 110 135 61 135 62 135 110 136 111 136 61 136 111 137 60 137 61 137 111 138 112 138 60 138 113 139 115 139 114 139 115 140 116 140 114 140 115 141 107 141 116 141 107 142 117 142 116 142 107 143 108 143 117 143 118 144 113 144 119 144 113 145 120 145 119 145 113 146 114 146 120 146 60 147 112 147 59 147 112 148 56 148 59 148 112 149 121 149 56 149 56 150 121 150 57 150 121 151 58 151 57 151 121 152 122 152 58 152 122 153 53 153 58 153 122 154 123 154 53 154 124 155 126 155 125 155 126 156 127 156 125 156 126 157 118 157 127 157 118 158 128 158 127 158 118 159 119 159 128 159 129 160 124 160 130 160 124 161 131 161 130 161 124 162 125 162 131 162 53 163 123 163 54 163 123 164 55 164 54 164 123 165 132 165 55 165 133 166 129 166 134 166 129 167 135 167 134 167 129 168 130 168 135 168 55 169 132 169 52 169 132 170 82 170 52 170 132 171 136 171 82 171 137 172 139 172 138 172 139 173 140 173 138 173 139 174 141 174 140 174 141 175 142 175 140 175 141 176 133 176 142 176 133 177 143 177 142 177 133 178 134 178 143 178 86 179 88 179 144 179 88 180 145 180 144 180 88 181 91 181 145 181 91 182 146 182 145 182 91 183 89 183 146 183 89 184 147 184 146 184 89 185 100 185 147 185 100 186 148 186 147 186 100 187 98 187 148 187 98 188 149 188 148 188 98 189 103 189 149 189 103 190 150 190 149 190 103 191 107 191 150 191 107 192 151 192 150 192 107 193 115 193 151 193 115 194 152 194 151 194 115 195 113 195 152 195 113 196 153 196 152 196 113 197 118 197 153 197 118 198 154 198 153 198 118 199 126 199 154 199 126 200 155 200 154 200 126 201 124 201 155 201 124 202 156 202 155 202 124 203 129 203 156 203 129 204 157 204 156 204 129 205 133 205 157 205 133 206 158 206 157 206 133 207 141 207 158 207 141 208 159 208 158 208 141 209 139 209 159 209 139 210 160 210 159 210 144 211 145 211 83 211 145 212 84 212 83 212 145 213 146 213 84 213 146 214 94 214 84 214 146 215 147 215 94 215 147 216 95 216 94 216 147 217 148 217 95 217 148 218 96 218 95 218 148 219 149 219 96 219 149 220 97 220 96 220 149 221 150 221 97 221 150 222 106 222 97 222 150 223 151 223 106 223 151 224 110 224 106 224 151 225 152 225 110 225 152 226 111 226 110 226 152 227 153 227 111 227 153 228 112 228 111 228 153 229 154 229 112 229 154 230 121 230 112 230 154 231 155 231 121 231 155 232 122 232 121 232 155 233 156 233 122 233 156 234 123 234 122 234 156 235 157 235 123 235 157 236 132 236 123 236 157 237 158 237 132 237 158 238 136 238 132 238 158 239 159 239 136 239 159 240 161 240 136 240 159 241 160 241 161 241 160 242 162 242 161 242 85 243 164 243 163 243 164 244 137 244 163 244 82 245 136 245 81 245 136 246 80 246 81 246 136 247 161 247 80 247 161 248 77 248 80 248 161 249 162 249 77 249 162 250 78 250 77 250 162 251 79 251 78 251 137 252 164 252 139 252 164 253 160 253 139 253 164 254 165 254 160 254 165 255 162 255 160 255 165 256 166 256 162 256 166 257 79 257 162 257 166 258 76 258 79 258 85 259 86 259 164 259 86 260 165 260 164 260 86 261 144 261 165 261 144 262 166 262 165 262 144 263 83 263 166 263 83 264 76 264 166 264 83 265 75 265 76 265 167 266 168 266 87 266 168 267 93 267 87 267 168 268 169 268 93 268 169 269 92 269 93 269 169 270 170 270 92 270 170 271 90 271 92 271 170 272 171 272 90 272 171 273 102 273 90 273 171 274 172 274 102 274 172 275 101 275 102 275 172 276 173 276 101 276 173 277 99 277 101 277 173 278 174 278 99 278 174 279 105 279 99 279 174 280 175 280 105 280 175 281 104 281 105 281 175 282 176 282 104 282 176 283 109 283 104 283 176 284 177 284 109 284 177 285 108 285 109 285 177 286 178 286 108 286 178 287 117 287 108 287 178 288 179 288 117 288 179 289 116 289 117 289 179 290 180 290 116 290 180 291 114 291 116 291 180 292 181 292 114 292 181 293 120 293 114 293 181 294 182 294 120 294 182 295 119 295 120 295 182 296 183 296 119 296 183 297 128 297 119 297 183 298 184 298 128 298 184 299 127 299 128 299 184 300 185 300 127 300 185 301 125 301 127 301 185 302 186 302 125 302 186 303 131 303 125 303 186 304 187 304 131 304 187 305 130 305 131 305 187 306 188 306 130 306 188 307 135 307 130 307 188 308 189 308 135 308 189 309 134 309 135 309 189 310 190 310 134 310 190 311 143 311 134 311 190 312 191 312 143 312 191 313 142 313 143 313 191 314 192 314 142 314 192 315 140 315 142 315 192 316 193 316 140 316 193 317 138 317 140 317 193 318 194 318 138 318 194 319 137 319 138 319 194 320 195 320 137 320 195 321 163 321 137 321 195 322 196 322 163 322 196 323 85 323 163 323 196 324 167 324 85 324 167 325 87 325 85 325 197 326 183 326 198 326 199 327 201 327 200 327 183 328 182 328 198 328 182 329 202 329 198 329 182 330 181 330 202 330 199 331 203 331 201 331 203 332 204 332 201 332 203 333 205 333 204 333 205 334 206 334 204 334 205 335 207 335 206 335 183 336 197 336 184 336 197 337 185 337 184 337 197 338 208 338 185 338 207 339 209 339 206 339 209 340 210 340 206 340 209 341 211 341 210 341 211 342 212 342 210 342 211 343 213 343 212 343 185 344 208 344 186 344 208 345 187 345 186 345 208 346 214 346 187 346 213 347 215 347 212 347 215 348 216 348 212 348 215 349 217 349 216 349 187 350 214 350 188 350 214 351 189 351 188 351 214 352 218 352 189 352 218 353 190 353 189 353 218 354 219 354 190 354 217 355 220 355 216 355 220 356 221 356 216 356 220 357 222 357 221 357 190 358 219 358 191 358 219 359 192 359 191 359 219 360 223 360 192 360 222 361 224 361 221 361 224 362 225 362 221 362 224 363 226 363 225 363 226 364 227 364 225 364 226 365 228 365 227 365 228 366 229 366 227 366 229 367 230 367 227 367 229 368 231 368 230 368 192 369 223 369 193 369 223 370 194 370 193 370 223 371 232 371 194 371 232 372 195 372 194 372 232 373 233 373 195 373 233 374 196 374 195 374 233 375 234 375 196 375 231 376 235 376 230 376 235 377 236 377 230 377 235 378 237 378 236 378 237 379 238 379 236 379 237 380 239 380 238 380 196 381 234 381 167 381 234 382 168 382 167 382 234 383 240 383 168 383 239 384 241 384 238 384 241 385 242 385 238 385 241 386 243 386 242 386 168 387 240 387 169 387 240 388 170 388 169 388 240 389 244 389 170 389 244 390 171 390 170 390 244 391 245 391 171 391 243 392 246 392 242 392 246 393 247 393 242 393 246 394 248 394 247 394 171 395 245 395 172 395 245 396 173 396 172 396 245 397 249 397 173 397 248 398 250 398 247 398 250 399 251 399 247 399 250 400 252 400 251 400 252 401 253 401 251 401 252 402 254 402 253 402 173 403 249 403 174 403 249 404 175 404 174 404 249 405 255 405 175 405 200 406 257 406 256 406 257 407 258 407 256 407 257 408 259 408 258 408 259 409 260 409 258 409 259 410 253 410 260 410 253 411 261 411 260 411 253 412 254 412 261 412 201 413 204 413 262 413 204 414 263 414 262 414 204 415 206 415 263 415 206 416 264 416 263 416 206 417 210 417 264 417 210 418 265 418 264 418 210 419 212 419 265 419 212 420 266 420 265 420 212 421 216 421 266 421 216 422 267 422 266 422 216 423 221 423 267 423 221 424 268 424 267 424 221 425 225 425 268 425 225 426 269 426 268 426 225 427 227 427 269 427 227 428 270 428 269 428 227 429 230 429 270 429 230 430 271 430 270 430 230 431 236 431 271 431 236 432 272 432 271 432 236 433 238 433 272 433 238 434 273 434 272 434 238 435 242 435 273 435 242 436 274 436 273 436 242 437 247 437 274 437 247 438 275 438 274 438 247 439 251 439 275 439 251 440 276 440 275 440 251 441 253 441 276 441 253 442 277 442 276 442 253 443 259 443 277 443 259 444 278 444 277 444 259 445 257 445 278 445 257 446 279 446 278 446 262 447 263 447 202 447 263 448 198 448 202 448 263 449 264 449 198 449 264 450 197 450 198 450 264 451 265 451 197 451 265 452 208 452 197 452 265 453 266 453 208 453 266 454 214 454 208 454 266 455 267 455 214 455 267 456 218 456 214 456 267 457 268 457 218 457 268 458 219 458 218 458 268 459 269 459 219 459 269 460 223 460 219 460 269 461 270 461 223 461 270 462 232 462 223 462 270 463 271 463 232 463 271 464 233 464 232 464 271 465 272 465 233 465 272 466 234 466 233 466 272 467 273 467 234 467 273 468 240 468 234 468 273 469 274 469 240 469 274 470 244 470 240 470 274 471 275 471 244 471 275 472 245 472 244 472 275 473 276 473 245 473 276 474 249 474 245 474 276 475 277 475 249 475 277 476 255 476 249 476 277 477 278 477 255 477 278 478 280 478 255 478 278 479 279 479 280 479 279 480 281 480 280 480 175 481 255 481 176 481 255 482 177 482 176 482 255 483 280 483 177 483 280 484 178 484 177 484 280 485 281 485 178 485 281 486 179 486 178 486 281 487 180 487 179 487 200 488 201 488 257 488 201 489 279 489 257 489 201 490 262 490 279 490 262 491 281 491 279 491 262 492 202 492 281 492 202 493 180 493 281 493 202 494 181 494 180 494 217 495 215 495 282 495 215 496 283 496 282 496 215 497 213 497 283 497 213 498 284 498 283 498 213 499 211 499 284 499 211 500 285 500 284 500 211 501 209 501 285 501 209 502 286 502 285 502 209 503 207 503 286 503 207 504 287 504 286 504 207 505 205 505 287 505 205 506 288 506 287 506 205 507 203 507 288 507 203 508 289 508 288 508 203 509 199 509 289 509 199 510 290 510 289 510 199 511 200 511 290 511 200 512 291 512 290 512 200 513 256 513 291 513 256 514 292 514 291 514 256 515 292 515 258 515 258 516 292 516 293 516 258 517 260 517 293 517 260 518 294 518 293 518 260 519 261 519 294 519 261 520 295 520 294 520 261 521 254 521 295 521 254 522 296 522 295 522 254 523 252 523 296 523 252 524 297 524 296 524 252 525 250 525 297 525 250 526 298 526 297 526 250 527 248 527 298 527 248 528 299 528 298 528 248 529 246 529 299 529 246 530 300 530 299 530 246 531 243 531 300 531 243 532 301 532 300 532 243 533 241 533 301 533 241 534 302 534 301 534 241 535 239 535 302 535 239 536 303 536 302 536 239 537 237 537 303 537 237 538 304 538 303 538 237 539 304 539 235 539 235 540 304 540 305 540 235 541 231 541 305 541 231 542 306 542 305 542 231 543 229 543 306 543 229 544 307 544 306 544 229 545 228 545 307 545 228 546 308 546 307 546 228 547 226 547 308 547 226 548 309 548 308 548 226 549 224 549 309 549 224 550 310 550 309 550 224 551 222 551 310 551 222 552 311 552 310 552 222 553 220 553 311 553 220 554 312 554 311 554 220 555 217 555 312 555 217 556 282 556 312 556 313 557 315 557 314 557 315 558 316 558 314 558 317 559 290 559 291 559 317 560 318 560 290 560 290 561 318 561 289 561 318 562 288 562 289 562 318 563 319 563 288 563 319 564 287 564 288 564 319 565 320 565 287 565 321 566 323 566 322 566 323 567 324 567 322 567 323 568 316 568 324 568 316 569 325 569 324 569 316 570 315 570 325 570 326 571 321 571 327 571 321 572 328 572 327 572 321 573 322 573 328 573 287 574 320 574 286 574 320 575 285 575 286 575 320 576 329 576 285 576 330 577 326 577 331 577 326 578 332 578 331 578 326 579 327 579 332 579 285 580 329 580 284 580 329 581 283 581 284 581 329 582 333 582 283 582 283 583 333 583 282 583 333 584 312 584 282 584 333 585 334 585 312 585 334 586 311 586 312 586 334 587 335 587 311 587 336 588 338 588 337 588 338 589 339 589 337 589 338 590 330 590 339 590 330 591 340 591 339 591 330 592 331 592 340 592 341 593 336 593 342 593 336 594 343 594 342 594 336 595 337 595 343 595 311 596 335 596 310 596 335 597 309 597 310 597 335 598 344 598 309 598 309 599 344 599 308 599 344 600 307 600 308 600 344 601 345 601 307 601 345 602 306 602 307 602 345 603 346 603 306 603 347 604 349 604 348 604 349 605 350 605 348 605 349 606 351 606 350 606 351 607 352 607 350 607 351 608 341 608 352 608 341 609 353 609 352 609 341 610 342 610 353 610 306 611 346 611 305 611 346 612 304 612 305 612 346 613 354 613 304 613 355 614 347 614 356 614 347 615 357 615 356 615 347 616 348 616 357 616 304 617 354 617 303 617 354 618 302 618 303 618 354 619 358 619 302 619 302 620 358 620 301 620 358 621 300 621 301 621 358 622 359 622 300 622 359 623 299 623 300 623 359 624 360 624 299 624 361 625 363 625 362 625 363 626 364 626 362 626 363 627 355 627 364 627 355 628 365 628 364 628 355 629 356 629 365 629 366 630 361 630 367 630 361 631 368 631 367 631 361 632 362 632 368 632 299 633 360 633 298 633 360 634 297 634 298 634 360 635 369 635 297 635 370 636 366 636 371 636 366 637 372 637 371 637 366 638 367 638 372 638 314 639 316 639 373 639 316 640 374 640 373 640 316 641 323 641 374 641 323 642 375 642 374 642 323 643 321 643 375 643 321 644 376 644 375 644 321 645 326 645 376 645 326 646 377 646 376 646 326 647 330 647 377 647 330 648 378 648 377 648 330 649 338 649 378 649 338 650 379 650 378 650 338 651 336 651 379 651 336 652 380 652 379 652 336 653 341 653 380 653 341 654 381 654 380 654 341 655 351 655 381 655 351 656 382 656 381 656 351 657 349 657 382 657 349 658 383 658 382 658 349 659 347 659 383 659 347 660 384 660 383 660 347 661 355 661 384 661 355 662 385 662 384 662 355 663 363 663 385 663 363 664 386 664 385 664 363 665 361 665 386 665 361 666 387 666 386 666 361 667 366 667 387 667 366 668 388 668 387 668 366 669 370 669 388 669 370 670 389 670 388 670 370 671 390 671 389 671 373 672 374 672 391 672 374 673 392 673 391 673 374 674 375 674 392 674 375 675 393 675 392 675 375 676 376 676 393 676 376 677 394 677 393 677 376 678 377 678 394 678 377 679 395 679 394 679 377 680 378 680 395 680 378 681 396 681 395 681 378 682 379 682 396 682 379 683 397 683 396 683 379 684 380 684 397 684 380 685 398 685 397 685 380 686 381 686 398 686 381 687 399 687 398 687 381 688 382 688 399 688 382 689 400 689 399 689 382 690 383 690 400 690 383 691 401 691 400 691 383 692 384 692 401 692 384 693 402 693 401 693 384 694 385 694 402 694 385 695 403 695 402 695 385 696 386 696 403 696 386 697 404 697 403 697 386 698 387 698 404 698 387 699 405 699 404 699 387 700 388 700 405 700 388 701 406 701 405 701 388 702 389 702 406 702 389 703 407 703 406 703 391 704 392 704 317 704 392 705 318 705 317 705 392 706 393 706 318 706 393 707 319 707 318 707 393 708 394 708 319 708 394 709 320 709 319 709 394 710 395 710 320 710 395 711 329 711 320 711 395 712 396 712 329 712 396 713 333 713 329 713 396 714 397 714 333 714 397 715 334 715 333 715 397 716 398 716 334 716 398 717 335 717 334 717 398 718 399 718 335 718 399 719 344 719 335 719 399 720 400 720 344 720 400 721 345 721 344 721 400 722 401 722 345 722 401 723 346 723 345 723 401 724 402 724 346 724 402 725 354 725 346 725 402 726 403 726 354 726 403 727 358 727 354 727 403 728 404 728 358 728 404 729 359 729 358 729 404 730 405 730 359 730 405 731 360 731 359 731 405 732 406 732 360 732 406 733 369 733 360 733 406 734 407 734 369 734 407 735 408 735 369 735 297 736 369 736 296 736 369 737 295 737 296 737 369 738 408 738 295 738 408 739 294 739 295 739 408 740 293 740 294 740 390 741 409 741 389 741 409 742 407 742 389 742 409 743 410 743 407 743 410 744 408 744 407 744 410 745 411 745 408 745 411 746 293 746 408 746 411 747 293 747 292 747 313 748 390 748 412 748 390 749 413 749 412 749 390 750 370 750 413 750 370 751 414 751 413 751 370 752 371 752 414 752 313 753 314 753 390 753 314 754 409 754 390 754 314 755 373 755 409 755 373 756 410 756 409 756 373 757 391 757 410 757 391 758 411 758 410 758 391 759 317 759 411 759 317 760 292 760 411 760 317 761 291 761 292 761 350 762 352 762 415 762 352 763 416 763 415 763 352 764 353 764 416 764 353 765 417 765 416 765 353 766 342 766 417 766 342 767 418 767 417 767 342 768 343 768 418 768 343 769 419 769 418 769 343 770 337 770 419 770 337 771 420 771 419 771 337 772 339 772 420 772 339 773 421 773 420 773 339 774 340 774 421 774 340 775 422 775 421 775 340 776 331 776 422 776 331 777 423 777 422 777 331 778 332 778 423 778 332 779 424 779 423 779 332 780 327 780 424 780 327 781 425 781 424 781 327 782 328 782 425 782 328 783 426 783 425 783 328 784 322 784 426 784 322 785 427 785 426 785 322 786 324 786 427 786 324 787 428 787 427 787 324 788 325 788 428 788 325 789 429 789 428 789 325 790 315 790 429 790 315 791 430 791 429 791 315 792 313 792 430 792 313 793 431 793 430 793 313 794 412 794 431 794 412 795 432 795 431 795 412 796 413 796 432 796 413 797 433 797 432 797 413 798 414 798 433 798 414 799 434 799 433 799 414 800 371 800 434 800 371 801 435 801 434 801 371 802 372 802 435 802 372 803 436 803 435 803 372 804 367 804 436 804 367 805 437 805 436 805 367 806 368 806 437 806 368 807 438 807 437 807 368 808 362 808 438 808 362 809 439 809 438 809 362 810 364 810 439 810 364 811 440 811 439 811 364 812 365 812 440 812 365 813 441 813 440 813 365 814 356 814 441 814 356 815 442 815 441 815 356 816 357 816 442 816 357 817 443 817 442 817 357 818 348 818 443 818 348 819 444 819 443 819 348 820 350 820 444 820 350 821 415 821 444 821 418 822 445 822 417 822 446 823 448 823 447 823 449 824 416 824 450 824 416 825 449 825 415 825 449 826 444 826 415 826 449 827 451 827 444 827 452 828 454 828 453 828 444 829 451 829 443 829 451 830 442 830 443 830 451 831 455 831 442 831 455 832 441 832 442 832 455 833 456 833 441 833 457 834 453 834 458 834 453 835 459 835 458 835 453 836 454 836 459 836 441 837 456 837 440 837 456 838 439 838 440 838 456 839 460 839 439 839 461 840 463 840 462 840 463 841 464 841 462 841 463 842 457 842 464 842 457 843 465 843 464 843 457 844 458 844 465 844 439 845 460 845 438 845 460 846 437 846 438 846 460 847 466 847 437 847 467 848 461 848 468 848 461 849 469 849 468 849 461 850 462 850 469 850 437 851 466 851 436 851 466 852 435 852 436 852 466 853 470 853 435 853 470 854 434 854 435 854 470 855 471 855 434 855 472 856 467 856 473 856 467 857 474 857 473 857 467 858 468 858 474 858 434 859 471 859 433 859 471 860 432 860 433 860 471 861 475 861 432 861 476 862 478 862 477 862 478 863 479 863 477 863 478 864 472 864 479 864 472 865 480 865 479 865 472 866 473 866 480 866 432 867 475 867 431 867 475 868 430 868 431 868 475 869 481 869 430 869 481 870 429 870 430 870 481 871 482 871 429 871 483 872 476 872 484 872 476 873 485 873 484 873 476 874 477 874 485 874 429 875 482 875 428 875 482 876 427 876 428 876 482 877 486 877 427 877 487 878 489 878 488 878 489 879 490 879 488 879 489 880 483 880 490 880 483 881 491 881 490 881 483 882 484 882 491 882 427 883 486 883 426 883 486 884 425 884 426 884 486 885 492 885 425 885 493 886 487 886 494 886 487 887 495 887 494 887 487 888 488 888 495 888 447 889 497 889 496 889 497 890 498 890 496 890 497 891 493 891 498 891 493 892 499 892 498 892 493 893 494 893 499 893 500 894 502 894 501 894 502 895 503 895 501 895 502 896 452 896 503 896 452 897 504 897 503 897 452 898 453 898 504 898 453 899 505 899 504 899 453 900 457 900 505 900 457 901 506 901 505 901 457 902 463 902 506 902 463 903 507 903 506 903 463 904 461 904 507 904 461 905 508 905 507 905 461 906 467 906 508 906 467 907 509 907 508 907 467 908 472 908 509 908 472 909 510 909 509 909 472 910 478 910 510 910 478 911 511 911 510 911 478 912 476 912 511 912 476 913 512 913 511 913 476 914 483 914 512 914 483 915 513 915 512 915 483 916 489 916 513 916 489 917 514 917 513 917 489 918 487 918 514 918 487 919 515 919 514 919 487 920 493 920 515 920 493 921 516 921 515 921 493 922 497 922 516 922 497 923 517 923 516 923 501 924 503 924 518 924 503 925 519 925 518 925 503 926 504 926 519 926 504 927 520 927 519 927 504 928 505 928 520 928 505 929 521 929 520 929 505 930 506 930 521 930 506 931 522 931 521 931 506 932 507 932 522 932 507 933 523 933 522 933 507 934 508 934 523 934 508 935 524 935 523 935 508 936 509 936 524 936 509 937 525 937 524 937 509 938 510 938 525 938 510 939 526 939 525 939 510 940 511 940 526 940 511 941 527 941 526 941 511 942 512 942 527 942 512 943 528 943 527 943 512 944 513 944 528 944 513 945 529 945 528 945 513 946 514 946 529 946 514 947 530 947 529 947 514 948 515 948 530 948 515 949 531 949 530 949 515 950 516 950 531 950 516 951 532 951 531 951 516 952 517 952 532 952 517 953 533 953 532 953 518 954 519 954 450 954 519 955 449 955 450 955 519 956 520 956 449 956 520 957 451 957 449 957 520 958 521 958 451 958 521 959 455 959 451 959 521 960 522 960 455 960 522 961 456 961 455 961 522 962 523 962 456 962 523 963 460 963 456 963 523 964 524 964 460 964 524 965 466 965 460 965 524 966 525 966 466 966 525 967 470 967 466 967 525 968 526 968 470 968 526 969 471 969 470 969 526 970 527 970 471 970 527 971 475 971 471 971 527 972 528 972 475 972 528 973 481 973 475 973 528 974 529 974 481 974 529 975 482 975 481 975 529 976 530 976 482 976 530 977 486 977 482 977 530 978 531 978 486 978 531 979 492 979 486 979 531 980 532 980 492 980 532 981 534 981 492 981 532 982 533 982 534 982 533 983 535 983 534 983 425 984 492 984 424 984 492 985 423 985 424 985 492 986 534 986 423 986 534 987 422 987 423 987 534 988 535 988 422 988 535 989 421 989 422 989 535 990 420 990 421 990 447 991 448 991 497 991 448 992 517 992 497 992 448 993 536 993 517 993 536 994 533 994 517 994 536 995 537 995 533 995 537 996 535 996 533 996 537 997 538 997 535 997 538 998 420 998 535 998 538 999 419 999 420 999 539 1000 541 1000 540 1000 541 1001 446 1001 540 1001 446 1002 541 1002 448 1002 541 1003 536 1003 448 1003 541 1004 542 1004 536 1004 542 1005 537 1005 536 1005 542 1006 543 1006 537 1006 543 1007 538 1007 537 1007 543 1008 445 1008 538 1008 445 1009 419 1009 538 1009 445 1010 418 1010 419 1010 454 1011 452 1011 544 1011 452 1012 545 1012 544 1012 452 1013 502 1013 545 1013 502 1014 546 1014 545 1014 502 1015 500 1015 546 1015 500 1016 547 1016 546 1016 500 1017 539 1017 547 1017 539 1018 500 1018 541 1018 500 1019 542 1019 541 1019 500 1020 501 1020 542 1020 501 1021 543 1021 542 1021 501 1022 518 1022 543 1022 518 1023 445 1023 543 1023 518 1024 450 1024 445 1024 450 1025 417 1025 445 1025 450 1026 416 1026 417 1026 548 1027 549 1027 499 1027 549 1028 498 1028 499 1028 549 1029 550 1029 498 1029 550 1030 496 1030 498 1030 550 1031 551 1031 496 1031 551 1032 447 1032 496 1032 551 1033 552 1033 447 1033 552 1034 446 1034 447 1034 552 1035 553 1035 446 1035 553 1036 540 1036 446 1036 553 1037 554 1037 540 1037 554 1038 539 1038 540 1038 554 1039 555 1039 539 1039 555 1040 547 1040 539 1040 555 1041 556 1041 547 1041 556 1042 546 1042 547 1042 556 1043 557 1043 546 1043 557 1044 545 1044 546 1044 557 1045 558 1045 545 1045 558 1046 544 1046 545 1046 558 1047 559 1047 544 1047 559 1048 454 1048 544 1048 559 1049 560 1049 454 1049 560 1050 459 1050 454 1050 560 1051 561 1051 459 1051 561 1052 458 1052 459 1052 561 1053 562 1053 458 1053 562 1054 465 1054 458 1054 562 1055 563 1055 465 1055 563 1056 464 1056 465 1056 563 1057 564 1057 464 1057 564 1058 462 1058 464 1058 564 1059 565 1059 462 1059 565 1060 469 1060 462 1060 565 1061 566 1061 469 1061 566 1062 468 1062 469 1062 566 1063 567 1063 468 1063 567 1064 474 1064 468 1064 567 1065 568 1065 474 1065 568 1066 473 1066 474 1066 568 1067 473 1067 569 1067 569 1068 473 1068 480 1068 569 1069 570 1069 480 1069 570 1070 479 1070 480 1070 570 1071 571 1071 479 1071 571 1072 477 1072 479 1072 571 1073 572 1073 477 1073 572 1074 485 1074 477 1074 572 1075 573 1075 485 1075 573 1076 484 1076 485 1076 573 1077 574 1077 484 1077 574 1078 491 1078 484 1078 574 1079 575 1079 491 1079 575 1080 490 1080 491 1080 575 1081 576 1081 490 1081 576 1082 488 1082 490 1082 576 1083 577 1083 488 1083 577 1084 495 1084 488 1084 577 1085 578 1085 495 1085 578 1086 494 1086 495 1086 578 1087 548 1087 494 1087 548 1088 499 1088 494 1088 554 1089 579 1089 555 1089 579 1090 580 1090 555 1090 581 1091 583 1091 582 1091 583 1092 584 1092 582 1092 585 1093 587 1093 586 1093 587 1094 588 1094 586 1094 587 1095 584 1095 588 1095 584 1096 589 1096 588 1096 584 1097 583 1097 589 1097 555 1098 580 1098 556 1098 580 1099 557 1099 556 1099 580 1100 590 1100 557 1100 590 1101 558 1101 557 1101 590 1102 591 1102 558 1102 591 1103 559 1103 558 1103 559 1104 591 1104 560 1104 591 1105 561 1105 560 1105 591 1106 592 1106 561 1106 592 1107 562 1107 561 1107 592 1108 593 1108 562 1108 594 1109 596 1109 595 1109 596 1110 597 1110 595 1110 596 1111 585 1111 597 1111 585 1112 598 1112 597 1112 585 1113 586 1113 598 1113 599 1114 594 1114 600 1114 594 1115 601 1115 600 1115 594 1116 595 1116 601 1116 562 1117 593 1117 563 1117 593 1118 564 1118 563 1118 593 1119 602 1119 564 1119 603 1120 599 1120 604 1120 599 1121 605 1121 604 1121 599 1122 600 1122 605 1122 564 1123 602 1123 565 1123 602 1124 566 1124 565 1124 602 1125 606 1125 566 1125 566 1126 606 1126 567 1126 606 1127 568 1127 567 1127 606 1128 607 1128 568 1128 607 1129 569 1129 568 1129 607 1130 608 1130 569 1130 609 1131 611 1131 610 1131 611 1132 612 1132 610 1132 611 1133 603 1133 612 1133 603 1134 613 1134 612 1134 603 1135 604 1135 613 1135 614 1136 609 1136 615 1136 609 1137 616 1137 615 1137 609 1138 610 1138 616 1138 569 1139 608 1139 570 1139 608 1140 571 1140 570 1140 608 1141 617 1141 571 1141 571 1142 617 1142 572 1142 617 1143 573 1143 572 1143 617 1144 618 1144 573 1144 618 1145 574 1145 573 1145 618 1146 619 1146 574 1146 620 1147 622 1147 621 1147 622 1148 623 1148 621 1148 622 1149 614 1149 623 1149 614 1150 624 1150 623 1150 614 1151 615 1151 624 1151 625 1152 620 1152 626 1152 620 1153 627 1153 626 1153 620 1154 621 1154 627 1154 574 1155 619 1155 575 1155 619 1156 576 1156 575 1156 619 1157 628 1157 576 1157 629 1158 625 1158 630 1158 625 1159 631 1159 630 1159 625 1160 626 1160 631 1160 576 1161 628 1161 577 1161 628 1162 578 1162 577 1162 628 1163 632 1163 578 1163 633 1164 635 1164 634 1164 635 1165 636 1165 634 1165 635 1166 637 1166 636 1166 637 1167 638 1167 636 1167 637 1168 629 1168 638 1168 629 1169 639 1169 638 1169 629 1170 630 1170 639 1170 582 1171 584 1171 640 1171 584 1172 641 1172 640 1172 584 1173 587 1173 641 1173 587 1174 642 1174 641 1174 587 1175 585 1175 642 1175 585 1176 643 1176 642 1176 585 1177 596 1177 643 1177 596 1178 644 1178 643 1178 596 1179 594 1179 644 1179 594 1180 645 1180 644 1180 594 1181 599 1181 645 1181 599 1182 646 1182 645 1182 599 1183 603 1183 646 1183 603 1184 647 1184 646 1184 603 1185 611 1185 647 1185 611 1186 648 1186 647 1186 611 1187 609 1187 648 1187 609 1188 649 1188 648 1188 609 1189 614 1189 649 1189 614 1190 650 1190 649 1190 614 1191 622 1191 650 1191 622 1192 651 1192 650 1192 622 1193 620 1193 651 1193 620 1194 652 1194 651 1194 620 1195 625 1195 652 1195 625 1196 653 1196 652 1196 625 1197 629 1197 653 1197 629 1198 654 1198 653 1198 629 1199 637 1199 654 1199 637 1200 655 1200 654 1200 637 1201 635 1201 655 1201 635 1202 656 1202 655 1202 640 1203 641 1203 579 1203 641 1204 580 1204 579 1204 641 1205 642 1205 580 1205 642 1206 590 1206 580 1206 642 1207 643 1207 590 1207 643 1208 591 1208 590 1208 643 1209 644 1209 591 1209 644 1210 592 1210 591 1210 644 1211 645 1211 592 1211 645 1212 593 1212 592 1212 645 1213 646 1213 593 1213 646 1214 602 1214 593 1214 646 1215 647 1215 602 1215 647 1216 606 1216 602 1216 647 1217 648 1217 606 1217 648 1218 607 1218 606 1218 648 1219 649 1219 607 1219 649 1220 608 1220 607 1220 649 1221 650 1221 608 1221 650 1222 617 1222 608 1222 650 1223 651 1223 617 1223 651 1224 618 1224 617 1224 651 1225 652 1225 618 1225 652 1226 619 1226 618 1226 652 1227 653 1227 619 1227 653 1228 628 1228 619 1228 653 1229 654 1229 628 1229 654 1230 632 1230 628 1230 654 1231 655 1231 632 1231 655 1232 657 1232 632 1232 655 1233 656 1233 657 1233 656 1234 658 1234 657 1234 581 1235 660 1235 659 1235 660 1236 633 1236 659 1236 578 1237 632 1237 548 1237 632 1238 549 1238 548 1238 632 1239 657 1239 549 1239 657 1240 550 1240 549 1240 657 1241 658 1241 550 1241 658 1242 551 1242 550 1242 658 1243 552 1243 551 1243 633 1244 660 1244 635 1244 660 1245 656 1245 635 1245 660 1246 661 1246 656 1246 661 1247 658 1247 656 1247 661 1248 662 1248 658 1248 662 1249 552 1249 658 1249 662 1250 553 1250 552 1250 581 1251 582 1251 660 1251 582 1252 661 1252 660 1252 582 1253 640 1253 661 1253 640 1254 662 1254 661 1254 640 1255 579 1255 662 1255 579 1256 553 1256 662 1256 579 1257 554 1257 553 1257 663 1258 664 1258 583 1258 664 1259 589 1259 583 1259 664 1260 665 1260 589 1260 665 1261 588 1261 589 1261 665 1262 666 1262 588 1262 666 1263 586 1263 588 1263 666 1264 667 1264 586 1264 667 1265 598 1265 586 1265 667 1266 668 1266 598 1266 668 1267 597 1267 598 1267 668 1268 669 1268 597 1268 669 1269 595 1269 597 1269 669 1270 670 1270 595 1270 670 1271 601 1271 595 1271 670 1272 671 1272 601 1272 671 1273 600 1273 601 1273 671 1274 672 1274 600 1274 672 1275 605 1275 600 1275 672 1276 673 1276 605 1276 673 1277 604 1277 605 1277 673 1278 674 1278 604 1278 674 1279 613 1279 604 1279 674 1280 675 1280 613 1280 675 1281 612 1281 613 1281 675 1282 676 1282 612 1282 676 1283 610 1283 612 1283 676 1284 677 1284 610 1284 677 1285 616 1285 610 1285 677 1286 678 1286 616 1286 678 1287 615 1287 616 1287 678 1288 679 1288 615 1288 679 1289 624 1289 615 1289 679 1290 680 1290 624 1290 680 1291 623 1291 624 1291 680 1292 681 1292 623 1292 681 1293 621 1293 623 1293 681 1294 682 1294 621 1294 682 1295 627 1295 621 1295 682 1296 683 1296 627 1296 683 1297 626 1297 627 1297 683 1298 684 1298 626 1298 684 1299 631 1299 626 1299 684 1300 685 1300 631 1300 685 1301 630 1301 631 1301 685 1302 686 1302 630 1302 686 1303 639 1303 630 1303 686 1304 687 1304 639 1304 687 1305 638 1305 639 1305 687 1306 688 1306 638 1306 688 1307 636 1307 638 1307 688 1308 689 1308 636 1308 689 1309 634 1309 636 1309 689 1310 690 1310 634 1310 690 1311 633 1311 634 1311 690 1312 691 1312 633 1312 691 1313 659 1313 633 1313 691 1314 692 1314 659 1314 692 1315 581 1315 659 1315 692 1316 663 1316 581 1316 663 1317 583 1317 581 1317 693 1318 679 1318 694 1318 695 1319 697 1319 696 1319 679 1320 678 1320 694 1320 678 1321 698 1321 694 1321 678 1322 677 1322 698 1322 695 1323 699 1323 697 1323 699 1324 700 1324 697 1324 699 1325 701 1325 700 1325 701 1326 702 1326 700 1326 701 1327 703 1327 702 1327 679 1328 693 1328 680 1328 693 1329 681 1329 680 1329 693 1330 704 1330 681 1330 703 1331 705 1331 702 1331 705 1332 706 1332 702 1332 705 1333 707 1333 706 1333 707 1334 708 1334 706 1334 707 1335 709 1335 708 1335 681 1336 704 1336 682 1336 704 1337 683 1337 682 1337 704 1338 710 1338 683 1338 709 1339 711 1339 708 1339 711 1340 712 1340 708 1340 711 1341 713 1341 712 1341 683 1342 710 1342 684 1342 710 1343 685 1343 684 1343 710 1344 714 1344 685 1344 714 1345 686 1345 685 1345 714 1346 715 1346 686 1346 713 1347 716 1347 712 1347 716 1348 717 1348 712 1348 716 1349 718 1349 717 1349 686 1350 715 1350 687 1350 715 1351 688 1351 687 1351 715 1352 719 1352 688 1352 718 1353 720 1353 717 1353 720 1354 721 1354 717 1354 720 1355 722 1355 721 1355 722 1356 723 1356 721 1356 722 1357 724 1357 723 1357 724 1358 725 1358 723 1358 725 1359 726 1359 723 1359 725 1360 727 1360 726 1360 688 1361 719 1361 689 1361 719 1362 690 1362 689 1362 719 1363 728 1363 690 1363 728 1364 691 1364 690 1364 728 1365 729 1365 691 1365 729 1366 692 1366 691 1366 729 1367 730 1367 692 1367 727 1368 731 1368 726 1368 731 1369 732 1369 726 1369 731 1370 733 1370 732 1370 733 1371 734 1371 732 1371 733 1372 735 1372 734 1372 692 1373 730 1373 663 1373 730 1374 664 1374 663 1374 730 1375 736 1375 664 1375 735 1376 737 1376 734 1376 737 1377 738 1377 734 1377 737 1378 739 1378 738 1378 664 1379 736 1379 665 1379 736 1380 666 1380 665 1380 736 1381 740 1381 666 1381 740 1382 667 1382 666 1382 740 1383 741 1383 667 1383 739 1384 742 1384 738 1384 742 1385 743 1385 738 1385 742 1386 744 1386 743 1386 667 1387 741 1387 668 1387 741 1388 669 1388 668 1388 741 1389 745 1389 669 1389 744 1390 746 1390 743 1390 746 1391 747 1391 743 1391 746 1392 748 1392 747 1392 748 1393 749 1393 747 1393 748 1394 750 1394 749 1394 669 1395 745 1395 670 1395 745 1396 671 1396 670 1396 745 1397 751 1397 671 1397 696 1398 753 1398 752 1398 753 1399 752 1399 754 1399 753 1400 755 1400 754 1400 755 1401 756 1401 754 1401 755 1402 749 1402 756 1402 749 1403 757 1403 756 1403 749 1404 750 1404 757 1404 697 1405 700 1405 758 1405 700 1406 759 1406 758 1406 700 1407 702 1407 759 1407 702 1408 760 1408 759 1408 702 1409 706 1409 760 1409 706 1410 761 1410 760 1410 706 1411 708 1411 761 1411 708 1412 762 1412 761 1412 708 1413 712 1413 762 1413 712 1414 763 1414 762 1414 712 1415 717 1415 763 1415 717 1416 764 1416 763 1416 717 1417 721 1417 764 1417 721 1418 765 1418 764 1418 721 1419 723 1419 765 1419 723 1420 766 1420 765 1420 723 1421 726 1421 766 1421 726 1422 767 1422 766 1422 726 1423 732 1423 767 1423 732 1424 768 1424 767 1424 732 1425 734 1425 768 1425 734 1426 769 1426 768 1426 734 1427 738 1427 769 1427 738 1428 770 1428 769 1428 738 1429 743 1429 770 1429 743 1430 771 1430 770 1430 743 1431 747 1431 771 1431 747 1432 772 1432 771 1432 747 1433 749 1433 772 1433 749 1434 773 1434 772 1434 749 1435 755 1435 773 1435 755 1436 774 1436 773 1436 755 1437 753 1437 774 1437 753 1438 775 1438 774 1438 758 1439 759 1439 698 1439 759 1440 694 1440 698 1440 759 1441 760 1441 694 1441 760 1442 693 1442 694 1442 760 1443 761 1443 693 1443 761 1444 704 1444 693 1444 761 1445 762 1445 704 1445 762 1446 710 1446 704 1446 762 1447 763 1447 710 1447 763 1448 714 1448 710 1448 763 1449 764 1449 714 1449 764 1450 715 1450 714 1450 764 1451 765 1451 715 1451 765 1452 719 1452 715 1452 765 1453 766 1453 719 1453 766 1454 728 1454 719 1454 766 1455 767 1455 728 1455 767 1456 729 1456 728 1456 767 1457 768 1457 729 1457 768 1458 730 1458 729 1458 768 1459 769 1459 730 1459 769 1460 736 1460 730 1460 769 1461 770 1461 736 1461 770 1462 740 1462 736 1462 770 1463 771 1463 740 1463 771 1464 741 1464 740 1464 771 1465 772 1465 741 1465 772 1466 745 1466 741 1466 772 1467 773 1467 745 1467 773 1468 751 1468 745 1468 773 1469 774 1469 751 1469 774 1470 776 1470 751 1470 774 1471 775 1471 776 1471 775 1472 777 1472 776 1472 671 1473 751 1473 672 1473 751 1474 673 1474 672 1474 751 1475 776 1475 673 1475 776 1476 674 1476 673 1476 776 1477 777 1477 674 1477 777 1478 675 1478 674 1478 777 1479 676 1479 675 1479 696 1480 697 1480 753 1480 697 1481 775 1481 753 1481 697 1482 758 1482 775 1482 758 1483 777 1483 775 1483 758 1484 698 1484 777 1484 698 1485 676 1485 777 1485 698 1486 677 1486 676 1486 713 1487 711 1487 778 1487 711 1488 779 1488 778 1488 711 1489 709 1489 779 1489 709 1490 780 1490 779 1490 709 1491 707 1491 780 1491 707 1492 781 1492 780 1492 707 1493 705 1493 781 1493 705 1494 782 1494 781 1494 705 1495 703 1495 782 1495 703 1496 783 1496 782 1496 703 1497 701 1497 783 1497 701 1498 784 1498 783 1498 701 1499 699 1499 784 1499 699 1500 785 1500 784 1500 699 1501 695 1501 785 1501 695 1502 786 1502 785 1502 695 1503 696 1503 786 1503 696 1504 787 1504 786 1504 696 1505 752 1505 787 1505 752 1506 788 1506 787 1506 752 1507 788 1507 754 1507 754 1508 788 1508 789 1508 754 1509 756 1509 789 1509 756 1510 790 1510 789 1510 756 1511 757 1511 790 1511 757 1512 791 1512 790 1512 757 1513 750 1513 791 1513 750 1514 792 1514 791 1514 750 1515 748 1515 792 1515 748 1516 793 1516 792 1516 748 1517 746 1517 793 1517 746 1518 794 1518 793 1518 746 1519 744 1519 794 1519 744 1520 795 1520 794 1520 744 1521 742 1521 795 1521 742 1522 796 1522 795 1522 742 1523 739 1523 796 1523 739 1524 797 1524 796 1524 739 1525 737 1525 797 1525 737 1526 798 1526 797 1526 737 1527 735 1527 798 1527 735 1528 799 1528 798 1528 735 1529 733 1529 799 1529 733 1530 800 1530 799 1530 733 1531 800 1531 731 1531 731 1532 800 1532 801 1532 731 1533 727 1533 801 1533 727 1534 802 1534 801 1534 727 1535 725 1535 802 1535 725 1536 803 1536 802 1536 725 1537 724 1537 803 1537 724 1538 804 1538 803 1538 724 1539 722 1539 804 1539 722 1540 805 1540 804 1540 722 1541 720 1541 805 1541 720 1542 806 1542 805 1542 720 1543 718 1543 806 1543 718 1544 807 1544 806 1544 718 1545 716 1545 807 1545 716 1546 808 1546 807 1546 716 1547 713 1547 808 1547 713 1548 778 1548 808 1548 809 1549 811 1549 810 1549 811 1550 812 1550 810 1550 813 1551 786 1551 787 1551 813 1552 814 1552 786 1552 786 1553 814 1553 785 1553 814 1554 784 1554 785 1554 814 1555 815 1555 784 1555 815 1556 783 1556 784 1556 815 1557 816 1557 783 1557 817 1558 819 1558 818 1558 819 1559 820 1559 818 1559 819 1560 812 1560 820 1560 812 1561 821 1561 820 1561 812 1562 811 1562 821 1562 822 1563 817 1563 823 1563 817 1564 824 1564 823 1564 817 1565 818 1565 824 1565 783 1566 816 1566 782 1566 816 1567 781 1567 782 1567 816 1568 825 1568 781 1568 826 1569 822 1569 827 1569 822 1570 828 1570 827 1570 822 1571 823 1571 828 1571 781 1572 825 1572 780 1572 825 1573 779 1573 780 1573 825 1574 829 1574 779 1574 779 1575 829 1575 778 1575 829 1576 808 1576 778 1576 829 1577 830 1577 808 1577 830 1578 807 1578 808 1578 830 1579 831 1579 807 1579 832 1580 834 1580 833 1580 834 1581 835 1581 833 1581 834 1582 826 1582 835 1582 826 1583 836 1583 835 1583 826 1584 827 1584 836 1584 837 1585 832 1585 838 1585 832 1586 839 1586 838 1586 832 1587 833 1587 839 1587 807 1588 831 1588 806 1588 831 1589 805 1589 806 1589 831 1590 840 1590 805 1590 805 1591 840 1591 804 1591 840 1592 803 1592 804 1592 840 1593 841 1593 803 1593 841 1594 802 1594 803 1594 841 1595 842 1595 802 1595 843 1596 845 1596 844 1596 845 1597 846 1597 844 1597 845 1598 847 1598 846 1598 847 1599 848 1599 846 1599 847 1600 837 1600 848 1600 837 1601 849 1601 848 1601 837 1602 838 1602 849 1602 802 1603 842 1603 801 1603 842 1604 800 1604 801 1604 842 1605 850 1605 800 1605 851 1606 843 1606 852 1606 843 1607 853 1607 852 1607 843 1608 844 1608 853 1608 800 1609 850 1609 799 1609 850 1610 798 1610 799 1610 850 1611 854 1611 798 1611 798 1612 854 1612 797 1612 854 1613 796 1613 797 1613 854 1614 855 1614 796 1614 855 1615 795 1615 796 1615 855 1616 856 1616 795 1616 857 1617 859 1617 858 1617 859 1618 860 1618 858 1618 859 1619 851 1619 860 1619 851 1620 861 1620 860 1620 851 1621 852 1621 861 1621 862 1622 857 1622 863 1622 857 1623 864 1623 863 1623 857 1624 858 1624 864 1624 795 1625 856 1625 794 1625 856 1626 793 1626 794 1626 856 1627 865 1627 793 1627 866 1628 862 1628 867 1628 862 1629 868 1629 867 1629 862 1630 863 1630 868 1630 810 1631 812 1631 869 1631 812 1632 870 1632 869 1632 812 1633 819 1633 870 1633 819 1634 871 1634 870 1634 819 1635 817 1635 871 1635 817 1636 872 1636 871 1636 817 1637 822 1637 872 1637 822 1638 873 1638 872 1638 822 1639 826 1639 873 1639 826 1640 874 1640 873 1640 826 1641 834 1641 874 1641 834 1642 875 1642 874 1642 834 1643 832 1643 875 1643 832 1644 876 1644 875 1644 832 1645 837 1645 876 1645 837 1646 877 1646 876 1646 837 1647 847 1647 877 1647 847 1648 878 1648 877 1648 847 1649 845 1649 878 1649 845 1650 879 1650 878 1650 845 1651 843 1651 879 1651 843 1652 880 1652 879 1652 843 1653 851 1653 880 1653 851 1654 881 1654 880 1654 851 1655 859 1655 881 1655 859 1656 882 1656 881 1656 859 1657 857 1657 882 1657 857 1658 883 1658 882 1658 857 1659 862 1659 883 1659 862 1660 884 1660 883 1660 862 1661 866 1661 884 1661 866 1662 885 1662 884 1662 866 1663 886 1663 885 1663 869 1664 870 1664 887 1664 870 1665 888 1665 887 1665 870 1666 871 1666 888 1666 871 1667 889 1667 888 1667 871 1668 872 1668 889 1668 872 1669 890 1669 889 1669 872 1670 873 1670 890 1670 873 1671 891 1671 890 1671 873 1672 874 1672 891 1672 874 1673 892 1673 891 1673 874 1674 875 1674 892 1674 875 1675 893 1675 892 1675 875 1676 876 1676 893 1676 876 1677 894 1677 893 1677 876 1678 877 1678 894 1678 877 1679 895 1679 894 1679 877 1680 878 1680 895 1680 878 1681 896 1681 895 1681 878 1682 879 1682 896 1682 879 1683 897 1683 896 1683 879 1684 880 1684 897 1684 880 1685 898 1685 897 1685 880 1686 881 1686 898 1686 881 1687 899 1687 898 1687 881 1688 882 1688 899 1688 882 1689 900 1689 899 1689 882 1690 883 1690 900 1690 883 1691 901 1691 900 1691 883 1692 884 1692 901 1692 884 1693 902 1693 901 1693 884 1694 885 1694 902 1694 885 1695 903 1695 902 1695 887 1696 888 1696 813 1696 888 1697 814 1697 813 1697 888 1698 889 1698 814 1698 889 1699 815 1699 814 1699 889 1700 890 1700 815 1700 890 1701 816 1701 815 1701 890 1702 891 1702 816 1702 891 1703 825 1703 816 1703 891 1704 892 1704 825 1704 892 1705 829 1705 825 1705 892 1706 893 1706 829 1706 893 1707 830 1707 829 1707 893 1708 894 1708 830 1708 894 1709 831 1709 830 1709 894 1710 895 1710 831 1710 895 1711 840 1711 831 1711 895 1712 896 1712 840 1712 896 1713 841 1713 840 1713 896 1714 897 1714 841 1714 897 1715 842 1715 841 1715 897 1716 898 1716 842 1716 898 1717 850 1717 842 1717 898 1718 899 1718 850 1718 899 1719 854 1719 850 1719 899 1720 900 1720 854 1720 900 1721 855 1721 854 1721 900 1722 901 1722 855 1722 901 1723 856 1723 855 1723 901 1724 902 1724 856 1724 902 1725 865 1725 856 1725 902 1726 903 1726 865 1726 903 1727 904 1727 865 1727 793 1728 865 1728 792 1728 865 1729 791 1729 792 1729 865 1730 904 1730 791 1730 904 1731 790 1731 791 1731 904 1732 789 1732 790 1732 886 1733 905 1733 885 1733 905 1734 903 1734 885 1734 905 1735 906 1735 903 1735 906 1736 904 1736 903 1736 906 1737 907 1737 904 1737 907 1738 789 1738 904 1738 907 1739 789 1739 788 1739 809 1740 886 1740 908 1740 886 1741 909 1741 908 1741 886 1742 866 1742 909 1742 866 1743 910 1743 909 1743 866 1744 867 1744 910 1744 809 1745 810 1745 886 1745 810 1746 905 1746 886 1746 810 1747 869 1747 905 1747 869 1748 906 1748 905 1748 869 1749 887 1749 906 1749 887 1750 907 1750 906 1750 887 1751 813 1751 907 1751 813 1752 788 1752 907 1752 813 1753 787 1753 788 1753 846 1754 848 1754 911 1754 848 1755 912 1755 911 1755 848 1756 849 1756 912 1756 849 1757 913 1757 912 1757 849 1758 838 1758 913 1758 838 1759 914 1759 913 1759 838 1760 839 1760 914 1760 839 1761 915 1761 914 1761 839 1762 833 1762 915 1762 833 1763 916 1763 915 1763 833 1764 835 1764 916 1764 835 1765 917 1765 916 1765 835 1766 836 1766 917 1766 836 1767 918 1767 917 1767 836 1768 827 1768 918 1768 827 1769 919 1769 918 1769 827 1770 828 1770 919 1770 828 1771 920 1771 919 1771 828 1772 823 1772 920 1772 823 1773 921 1773 920 1773 823 1774 824 1774 921 1774 824 1775 922 1775 921 1775 824 1776 818 1776 922 1776 818 1777 923 1777 922 1777 818 1778 820 1778 923 1778 820 1779 924 1779 923 1779 820 1780 821 1780 924 1780 821 1781 925 1781 924 1781 821 1782 811 1782 925 1782 811 1783 926 1783 925 1783 811 1784 809 1784 926 1784 809 1785 927 1785 926 1785 809 1786 908 1786 927 1786 908 1787 928 1787 927 1787 908 1788 909 1788 928 1788 909 1789 929 1789 928 1789 909 1790 910 1790 929 1790 910 1791 930 1791 929 1791 910 1792 867 1792 930 1792 867 1793 931 1793 930 1793 867 1794 868 1794 931 1794 868 1795 932 1795 931 1795 868 1796 863 1796 932 1796 863 1797 933 1797 932 1797 863 1798 864 1798 933 1798 864 1799 934 1799 933 1799 864 1800 858 1800 934 1800 858 1801 935 1801 934 1801 858 1802 860 1802 935 1802 860 1803 936 1803 935 1803 860 1804 861 1804 936 1804 861 1805 937 1805 936 1805 861 1806 852 1806 937 1806 852 1807 938 1807 937 1807 852 1808 853 1808 938 1808 853 1809 939 1809 938 1809 853 1810 844 1810 939 1810 844 1811 940 1811 939 1811 844 1812 846 1812 940 1812 846 1813 911 1813 940 1813 914 1814 941 1814 913 1814 942 1815 944 1815 943 1815 945 1816 912 1816 946 1816 912 1817 945 1817 911 1817 945 1818 940 1818 911 1818 945 1819 947 1819 940 1819 948 1820 950 1820 949 1820 940 1821 947 1821 939 1821 947 1822 938 1822 939 1822 947 1823 951 1823 938 1823 951 1824 937 1824 938 1824 951 1825 952 1825 937 1825 953 1826 949 1826 954 1826 949 1827 955 1827 954 1827 949 1828 950 1828 955 1828 937 1829 952 1829 936 1829 952 1830 935 1830 936 1830 952 1831 956 1831 935 1831 957 1832 959 1832 958 1832 959 1833 960 1833 958 1833 959 1834 953 1834 960 1834 953 1835 961 1835 960 1835 953 1836 954 1836 961 1836 935 1837 956 1837 934 1837 956 1838 933 1838 934 1838 956 1839 962 1839 933 1839 963 1840 957 1840 964 1840 957 1841 965 1841 964 1841 957 1842 958 1842 965 1842 933 1843 962 1843 932 1843 962 1844 931 1844 932 1844 962 1845 966 1845 931 1845 966 1846 930 1846 931 1846 966 1847 967 1847 930 1847 968 1848 963 1848 969 1848 963 1849 970 1849 969 1849 963 1850 964 1850 970 1850 930 1851 967 1851 929 1851 967 1852 928 1852 929 1852 967 1853 971 1853 928 1853 972 1854 974 1854 973 1854 974 1855 975 1855 973 1855 974 1856 968 1856 975 1856 968 1857 976 1857 975 1857 968 1858 969 1858 976 1858 928 1859 971 1859 927 1859 971 1860 926 1860 927 1860 971 1861 977 1861 926 1861 977 1862 925 1862 926 1862 977 1863 978 1863 925 1863 979 1864 972 1864 980 1864 972 1865 981 1865 980 1865 972 1866 973 1866 981 1866 925 1867 978 1867 924 1867 978 1868 923 1868 924 1868 978 1869 982 1869 923 1869 983 1870 985 1870 984 1870 985 1871 986 1871 984 1871 985 1872 979 1872 986 1872 979 1873 987 1873 986 1873 979 1874 980 1874 987 1874 923 1875 982 1875 922 1875 982 1876 921 1876 922 1876 982 1877 988 1877 921 1877 989 1878 983 1878 990 1878 983 1879 991 1879 990 1879 983 1880 984 1880 991 1880 943 1881 993 1881 992 1881 993 1882 994 1882 992 1882 993 1883 989 1883 994 1883 989 1884 995 1884 994 1884 989 1885 990 1885 995 1885 996 1886 998 1886 997 1886 998 1887 999 1887 997 1887 998 1888 948 1888 999 1888 948 1889 1000 1889 999 1889 948 1890 949 1890 1000 1890 949 1891 1001 1891 1000 1891 949 1892 953 1892 1001 1892 953 1893 1002 1893 1001 1893 953 1894 959 1894 1002 1894 959 1895 1003 1895 1002 1895 959 1896 957 1896 1003 1896 957 1897 1004 1897 1003 1897 957 1898 963 1898 1004 1898 963 1899 1005 1899 1004 1899 963 1900 968 1900 1005 1900 968 1901 1006 1901 1005 1901 968 1902 974 1902 1006 1902 974 1903 1007 1903 1006 1903 974 1904 972 1904 1007 1904 972 1905 1008 1905 1007 1905 972 1906 979 1906 1008 1906 979 1907 1009 1907 1008 1907 979 1908 985 1908 1009 1908 985 1909 1010 1909 1009 1909 985 1910 983 1910 1010 1910 983 1911 1011 1911 1010 1911 983 1912 989 1912 1011 1912 989 1913 1012 1913 1011 1913 989 1914 993 1914 1012 1914 993 1915 1013 1915 1012 1915 997 1916 999 1916 1014 1916 999 1917 1015 1917 1014 1917 999 1918 1000 1918 1015 1918 1000 1919 1016 1919 1015 1919 1000 1920 1001 1920 1016 1920 1001 1921 1017 1921 1016 1921 1001 1922 1002 1922 1017 1922 1002 1923 1018 1923 1017 1923 1002 1924 1003 1924 1018 1924 1003 1925 1019 1925 1018 1925 1003 1926 1004 1926 1019 1926 1004 1927 1020 1927 1019 1927 1004 1928 1005 1928 1020 1928 1005 1929 1021 1929 1020 1929 1005 1930 1006 1930 1021 1930 1006 1931 1022 1931 1021 1931 1006 1932 1007 1932 1022 1932 1007 1933 1023 1933 1022 1933 1007 1934 1008 1934 1023 1934 1008 1935 1024 1935 1023 1935 1008 1936 1009 1936 1024 1936 1009 1937 1025 1937 1024 1937 1009 1938 1010 1938 1025 1938 1010 1939 1026 1939 1025 1939 1010 1940 1011 1940 1026 1940 1011 1941 1027 1941 1026 1941 1011 1942 1012 1942 1027 1942 1012 1943 1028 1943 1027 1943 1012 1944 1013 1944 1028 1944 1013 1945 1029 1945 1028 1945 1014 1946 1015 1946 946 1946 1015 1947 945 1947 946 1947 1015 1948 1016 1948 945 1948 1016 1949 947 1949 945 1949 1016 1950 1017 1950 947 1950 1017 1951 951 1951 947 1951 1017 1952 1018 1952 951 1952 1018 1953 952 1953 951 1953 1018 1954 1019 1954 952 1954 1019 1955 956 1955 952 1955 1019 1956 1020 1956 956 1956 1020 1957 962 1957 956 1957 1020 1958 1021 1958 962 1958 1021 1959 966 1959 962 1959 1021 1960 1022 1960 966 1960 1022 1961 967 1961 966 1961 1022 1962 1023 1962 967 1962 1023 1963 971 1963 967 1963 1023 1964 1024 1964 971 1964 1024 1965 977 1965 971 1965 1024 1966 1025 1966 977 1966 1025 1967 978 1967 977 1967 1025 1968 1026 1968 978 1968 1026 1969 982 1969 978 1969 1026 1970 1027 1970 982 1970 1027 1971 988 1971 982 1971 1027 1972 1028 1972 988 1972 1028 1973 1030 1973 988 1973 1028 1974 1029 1974 1030 1974 1029 1975 1031 1975 1030 1975 921 1976 988 1976 920 1976 988 1977 919 1977 920 1977 988 1978 1030 1978 919 1978 1030 1979 918 1979 919 1979 1030 1980 1031 1980 918 1980 1031 1981 917 1981 918 1981 1031 1982 916 1982 917 1982 943 1983 944 1983 993 1983 944 1984 1013 1984 993 1984 944 1985 1032 1985 1013 1985 1032 1986 1029 1986 1013 1986 1032 1987 1033 1987 1029 1987 1033 1988 1031 1988 1029 1988 1033 1989 1034 1989 1031 1989 1034 1990 916 1990 1031 1990 1034 1991 915 1991 916 1991 1035 1992 1037 1992 1036 1992 1037 1993 942 1993 1036 1993 942 1994 1037 1994 944 1994 1037 1995 1032 1995 944 1995 1037 1996 1038 1996 1032 1996 1038 1997 1033 1997 1032 1997 1038 1998 1039 1998 1033 1998 1039 1999 1034 1999 1033 1999 1039 2000 941 2000 1034 2000 941 2001 915 2001 1034 2001 941 2002 914 2002 915 2002 950 2003 948 2003 1040 2003 948 2004 1041 2004 1040 2004 948 2005 998 2005 1041 2005 998 2006 1041 2006 1042 2006 998 2007 996 2007 1042 2007 996 2008 1043 2008 1042 2008 996 2009 1035 2009 1043 2009 1035 2010 996 2010 1037 2010 996 2011 1038 2011 1037 2011 996 2012 997 2012 1038 2012 997 2013 1039 2013 1038 2013 997 2014 1014 2014 1039 2014 1014 2015 941 2015 1039 2015 1014 2016 946 2016 941 2016 946 2017 913 2017 941 2017 946 2018 912 2018 913 2018 991 2019 42 2019 44 2019 980 2020 40 2020 987 2020 40 2021 986 2021 987 2021 40 2022 42 2022 986 2022 42 2023 984 2023 986 2023 42 2024 991 2024 984 2024 980 2025 981 2025 40 2025 981 2026 38 2026 40 2026 981 2027 973 2027 38 2027 973 2028 975 2028 38 2028 975 2029 36 2029 38 2029 975 2030 976 2030 36 2030 34 2031 36 2031 970 2031 36 2032 969 2032 970 2032 36 2033 969 2033 976 2033 33 2034 34 2034 965 2034 34 2035 964 2035 965 2035 34 2036 970 2036 964 2036 29 2037 31 2037 961 2037 31 2038 960 2038 961 2038 31 2039 33 2039 960 2039 33 2040 958 2040 960 2040 33 2041 965 2041 958 2041 27 2042 29 2042 955 2042 29 2043 954 2043 955 2043 29 2044 961 2044 954 2044 51 2045 27 2045 1040 2045 27 2046 950 2046 1040 2046 27 2047 955 2047 950 2047 1035 2048 50 2048 1043 2048 50 2049 1042 2049 1043 2049 50 2050 51 2050 1042 2050 51 2051 1042 2051 1041 2051 51 2052 1040 2052 1041 2052 1035 2053 1036 2053 50 2053 1036 2054 48 2054 50 2054 1036 2055 942 2055 48 2055 942 2056 943 2056 48 2056 943 2057 46 2057 48 2057 943 2058 992 2058 46 2058 991 2059 44 2059 990 2059 44 2060 995 2060 990 2060 44 2061 46 2061 995 2061 46 2062 994 2062 995 2062 46 2063 992 2063 994 2063 1044 2064 1045 2064 17 2064 17 2065 1045 2065 15 2065 1045 2066 1046 2066 15 2066 15 2067 1046 2067 1047 2067 15 2068 1047 2068 13 2068 1047 2069 1048 2069 13 2069 13 2070 1048 2070 1049 2070 13 2071 1049 2071 11 2071 1049 2072 1050 2072 11 2072 11 2073 1050 2073 1051 2073 11 2074 1051 2074 9 2074 1051 2075 1052 2075 9 2075 9 2076 1052 2076 1053 2076 9 2077 1053 2077 6 2077 1054 2078 4 2078 1055 2078 1055 2079 4 2079 6 2079 1055 2080 6 2080 1056 2080 1056 2081 6 2081 1053 2081 1054 2082 1057 2082 4 2082 4 2083 1057 2083 1058 2083 4 2084 1058 2084 2 2084 1059 2085 0 2085 1060 2085 1060 2086 0 2086 2 2086 1060 2087 2 2087 1061 2087 1061 2088 2 2088 1058 2088 1059 2089 1062 2089 0 2089 0 2090 1062 2090 1063 2090 0 2091 1063 2091 23 2091 1064 2092 21 2092 1065 2092 1065 2093 21 2093 23 2093 1065 2094 23 2094 1066 2094 1066 2095 23 2095 1063 2095 1064 2096 1067 2096 21 2096 21 2097 1067 2097 1068 2097 21 2098 1068 2098 19 2098 1068 2099 1069 2099 19 2099 19 2100 1069 2100 1070 2100 19 2101 1070 2101 17 2101 17 2102 1070 2102 1071 2102 17 2103 1071 2103 1044 2103 1072 2104 1073 2104 1074 2104 1074 2105 1073 2105 1075 2105 1074 2106 1075 2106 1076 2106 1076 2107 1075 2107 1077 2107 1076 2108 1077 2108 1078 2108 1078 2109 1077 2109 1079 2109 1046 2110 1080 2110 1081 2110 1082 2111 1083 2111 1079 2111 1079 2112 1083 2112 1084 2112 1079 2113 1084 2113 1078 2113 1046 2114 1045 2114 1080 2114 1080 2115 1045 2115 1044 2115 1080 2116 1044 2116 1085 2116 1085 2117 1044 2117 1071 2117 1085 2118 1071 2118 1086 2118 1087 2119 1088 2119 1089 2119 1089 2120 1088 2120 1090 2120 1089 2121 1090 2121 1082 2121 1082 2122 1090 2122 1091 2122 1082 2123 1091 2123 1083 2123 1071 2124 1070 2124 1086 2124 1086 2125 1070 2125 1069 2125 1086 2126 1069 2126 1092 2126 1093 2127 1094 2127 1087 2127 1087 2128 1094 2128 1095 2128 1087 2129 1095 2129 1088 2129 1069 2130 1068 2130 1092 2130 1092 2131 1068 2131 1067 2131 1092 2132 1067 2132 1096 2132 1096 2133 1067 2133 1064 2133 1096 2134 1064 2134 1097 2134 1098 2135 1099 2135 1093 2135 1093 2136 1099 2136 1100 2136 1093 2137 1100 2137 1094 2137 1064 2138 1065 2138 1097 2138 1097 2139 1065 2139 1066 2139 1097 2140 1066 2140 1101 2140 1102 2141 1103 2141 1104 2141 1104 2142 1103 2142 1105 2142 1104 2143 1105 2143 1098 2143 1098 2144 1105 2144 1106 2144 1098 2145 1106 2145 1099 2145 1066 2146 1063 2146 1101 2146 1101 2147 1063 2147 1062 2147 1101 2148 1062 2148 1107 2148 1108 2149 1109 2149 1102 2149 1102 2150 1109 2150 1110 2150 1102 2151 1110 2151 1103 2151 1062 2152 1059 2152 1107 2152 1107 2153 1059 2153 1060 2153 1107 2154 1060 2154 1111 2154 1111 2155 1060 2155 1061 2155 1111 2156 1061 2156 1112 2156 1113 2157 1114 2157 1115 2157 1115 2158 1114 2158 1116 2158 1115 2159 1116 2159 1108 2159 1108 2160 1116 2160 1117 2160 1108 2161 1117 2161 1109 2161 1061 2162 1058 2162 1112 2162 1112 2163 1058 2163 1057 2163 1112 2164 1057 2164 1118 2164 1119 2165 1120 2165 1113 2165 1113 2166 1120 2166 1121 2166 1113 2167 1121 2167 1114 2167 1057 2168 1054 2168 1118 2168 1118 2169 1054 2169 1055 2169 1118 2170 1055 2170 1122 2170 1122 2171 1055 2171 1056 2171 1122 2172 1056 2172 1123 2172 1123 2173 1056 2173 1053 2173 1123 2174 1053 2174 1124 2174 1124 2175 1053 2175 1052 2175 1072 2176 1125 2176 1073 2176 1073 2177 1125 2177 1126 2177 1073 2178 1126 2178 1127 2178 1127 2179 1126 2179 1128 2179 1127 2180 1128 2180 1129 2180 1129 2181 1128 2181 1130 2181 1129 2182 1130 2182 1119 2182 1119 2183 1130 2183 1131 2183 1119 2184 1131 2184 1120 2184 1132 2185 1129 2185 1133 2185 1133 2186 1129 2186 1119 2186 1133 2187 1119 2187 1134 2187 1134 2188 1119 2188 1113 2188 1134 2189 1113 2189 1135 2189 1135 2190 1113 2190 1115 2190 1135 2191 1115 2191 1136 2191 1136 2192 1115 2192 1108 2192 1136 2193 1108 2193 1137 2193 1137 2194 1108 2194 1102 2194 1137 2195 1102 2195 1138 2195 1138 2196 1102 2196 1104 2196 1138 2197 1104 2197 1139 2197 1139 2198 1104 2198 1098 2198 1139 2199 1098 2199 1140 2199 1140 2200 1098 2200 1093 2200 1140 2201 1093 2201 1141 2201 1141 2202 1093 2202 1087 2202 1141 2203 1087 2203 1142 2203 1142 2204 1087 2204 1089 2204 1142 2205 1089 2205 1143 2205 1143 2206 1089 2206 1082 2206 1143 2207 1082 2207 1144 2207 1144 2208 1082 2208 1079 2208 1144 2209 1079 2209 1145 2209 1145 2210 1079 2210 1077 2210 1145 2211 1077 2211 1146 2211 1146 2212 1077 2212 1075 2212 1146 2213 1075 2213 1147 2213 1147 2214 1075 2214 1073 2214 1147 2215 1073 2215 1148 2215 1148 2216 1073 2216 1127 2216 1148 2217 1127 2217 1132 2217 1132 2218 1127 2218 1129 2218 1149 2219 1133 2219 1124 2219 1124 2220 1133 2220 1134 2220 1124 2221 1134 2221 1123 2221 1123 2222 1134 2222 1135 2222 1123 2223 1135 2223 1122 2223 1122 2224 1135 2224 1136 2224 1122 2225 1136 2225 1118 2225 1118 2226 1136 2226 1137 2226 1118 2227 1137 2227 1112 2227 1112 2228 1137 2228 1138 2228 1112 2229 1138 2229 1111 2229 1111 2230 1138 2230 1139 2230 1111 2231 1139 2231 1107 2231 1107 2232 1139 2232 1140 2232 1107 2233 1140 2233 1101 2233 1101 2234 1140 2234 1141 2234 1101 2235 1141 2235 1097 2235 1097 2236 1141 2236 1142 2236 1097 2237 1142 2237 1096 2237 1096 2238 1142 2238 1143 2238 1096 2239 1143 2239 1092 2239 1092 2240 1143 2240 1144 2240 1092 2241 1144 2241 1086 2241 1086 2242 1144 2242 1145 2242 1086 2243 1145 2243 1085 2243 1085 2244 1145 2244 1146 2244 1085 2245 1146 2245 1080 2245 1080 2246 1146 2246 1147 2246 1080 2247 1147 2247 1081 2247 1081 2248 1147 2248 1148 2248 1081 2249 1148 2249 1150 2249 1150 2250 1148 2250 1132 2250 1150 2251 1132 2251 1149 2251 1149 2252 1132 2252 1133 2252 1052 2253 1051 2253 1124 2253 1124 2254 1051 2254 1050 2254 1124 2255 1050 2255 1149 2255 1149 2256 1050 2256 1049 2256 1149 2257 1049 2257 1150 2257 1150 2258 1049 2258 1048 2258 1150 2259 1048 2259 1081 2259 1081 2260 1048 2260 1047 2260 1081 2261 1047 2261 1046 2261 1151 2262 1106 2262 1152 2262 1152 2263 1106 2263 1105 2263 1152 2264 1105 2264 1153 2264 1153 2265 1105 2265 1103 2265 1153 2266 1103 2266 1154 2266 1154 2267 1103 2267 1110 2267 1154 2268 1110 2268 1155 2268 1155 2269 1110 2269 1109 2269 1155 2270 1109 2270 1156 2270 1156 2271 1109 2271 1117 2271 1156 2272 1117 2272 1157 2272 1157 2273 1117 2273 1116 2273 1157 2274 1116 2274 1158 2274 1158 2275 1116 2275 1114 2275 1158 2276 1114 2276 1159 2276 1159 2277 1114 2277 1121 2277 1159 2278 1121 2278 1160 2278 1160 2279 1121 2279 1120 2279 1160 2280 1120 2280 1161 2280 1161 2281 1120 2281 1131 2281 1161 2282 1131 2282 1162 2282 1162 2283 1131 2283 1130 2283 1162 2284 1130 2284 1163 2284 1163 2285 1130 2285 1128 2285 1163 2286 1128 2286 1164 2286 1164 2287 1128 2287 1126 2287 1076 2288 1078 2288 1165 2288 1165 2289 1078 2289 1084 2289 1165 2290 1084 2290 1166 2290 1166 2291 1084 2291 1083 2291 1166 2292 1083 2292 1167 2292 1167 2293 1083 2293 1091 2293 1167 2294 1091 2294 1168 2294 1168 2295 1091 2295 1090 2295 1168 2296 1090 2296 1169 2296 1169 2297 1090 2297 1088 2297 1169 2298 1088 2298 1170 2298 1170 2299 1088 2299 1095 2299 1170 2300 1095 2300 1171 2300 1171 2301 1095 2301 1094 2301 1171 2302 1094 2302 1172 2302 1172 2303 1094 2303 1100 2303 1172 2304 1100 2304 1151 2304 1151 2305 1100 2305 1099 2305 1151 2306 1099 2306 1106 2306 1165 2307 1173 2307 1076 2307 1076 2308 1173 2308 1174 2308 1076 2309 1174 2309 1074 2309 1074 2310 1174 2310 1175 2310 1074 2311 1175 2311 1072 2311 1072 2312 1175 2312 1176 2312 1072 2313 1176 2313 1125 2313 1125 2314 1176 2314 1177 2314 1125 2315 1177 2315 1126 2315 1126 2316 1177 2316 1178 2316 1126 2317 1178 2317 1164 2317 1179 2318 1180 2318 1181 2318 1181 2319 1180 2319 1182 2319 1181 2320 1182 2320 1183 2320 1183 2321 1182 2321 1184 2321 1183 2322 1184 2322 1185 2322 1185 2323 1184 2323 1186 2323 1155 2324 1187 2324 1188 2324 1189 2325 1190 2325 1186 2325 1186 2326 1190 2326 1191 2326 1186 2327 1191 2327 1185 2327 1155 2328 1156 2328 1187 2328 1187 2329 1156 2329 1157 2329 1187 2330 1157 2330 1192 2330 1192 2331 1157 2331 1158 2331 1192 2332 1158 2332 1193 2332 1194 2333 1195 2333 1196 2333 1196 2334 1195 2334 1197 2334 1196 2335 1197 2335 1189 2335 1189 2336 1197 2336 1198 2336 1189 2337 1198 2337 1190 2337 1158 2338 1159 2338 1193 2338 1193 2339 1159 2339 1160 2339 1193 2340 1160 2340 1199 2340 1200 2341 1201 2341 1194 2341 1194 2342 1201 2342 1202 2342 1194 2343 1202 2343 1195 2343 1160 2344 1161 2344 1199 2344 1199 2345 1161 2345 1162 2345 1199 2346 1162 2346 1203 2346 1203 2347 1162 2347 1163 2347 1203 2348 1163 2348 1204 2348 1205 2349 1206 2349 1200 2349 1200 2350 1206 2350 1207 2350 1200 2351 1207 2351 1201 2351 1163 2352 1164 2352 1204 2352 1204 2353 1164 2353 1178 2353 1204 2354 1178 2354 1208 2354 1209 2355 1210 2355 1211 2355 1211 2356 1210 2356 1212 2356 1211 2357 1212 2357 1205 2357 1205 2358 1212 2358 1213 2358 1205 2359 1213 2359 1206 2359 1178 2360 1177 2360 1208 2360 1208 2361 1177 2361 1176 2361 1208 2362 1176 2362 1214 2362 1215 2363 1216 2363 1209 2363 1209 2364 1216 2364 1217 2364 1209 2365 1217 2365 1210 2365 1176 2366 1175 2366 1214 2366 1214 2367 1175 2367 1174 2367 1214 2368 1174 2368 1218 2368 1218 2369 1174 2369 1173 2369 1218 2370 1173 2370 1219 2370 1220 2371 1221 2371 1222 2371 1222 2372 1221 2372 1223 2372 1222 2373 1223 2373 1215 2373 1215 2374 1223 2374 1224 2374 1215 2375 1224 2375 1216 2375 1173 2376 1165 2376 1219 2376 1219 2377 1165 2377 1166 2377 1219 2378 1166 2378 1225 2378 1226 2379 1227 2379 1220 2379 1220 2380 1227 2380 1228 2380 1220 2381 1228 2381 1221 2381 1166 2382 1167 2382 1225 2382 1225 2383 1167 2383 1168 2383 1225 2384 1168 2384 1229 2384 1229 2385 1168 2385 1169 2385 1229 2386 1169 2386 1230 2386 1230 2387 1169 2387 1170 2387 1230 2388 1170 2388 1231 2388 1231 2389 1170 2389 1171 2389 1179 2390 1232 2390 1180 2390 1180 2391 1232 2391 1233 2391 1180 2392 1233 2392 1234 2392 1234 2393 1233 2393 1235 2393 1234 2394 1235 2394 1236 2394 1236 2395 1235 2395 1237 2395 1236 2396 1237 2396 1226 2396 1226 2397 1237 2397 1238 2397 1226 2398 1238 2398 1227 2398 1239 2399 1236 2399 1240 2399 1240 2400 1236 2400 1226 2400 1240 2401 1226 2401 1241 2401 1241 2402 1226 2402 1220 2402 1241 2403 1220 2403 1242 2403 1242 2404 1220 2404 1222 2404 1242 2405 1222 2405 1243 2405 1243 2406 1222 2406 1215 2406 1243 2407 1215 2407 1244 2407 1244 2408 1215 2408 1209 2408 1244 2409 1209 2409 1245 2409 1245 2410 1209 2410 1211 2410 1245 2411 1211 2411 1246 2411 1246 2412 1211 2412 1205 2412 1246 2413 1205 2413 1247 2413 1247 2414 1205 2414 1200 2414 1247 2415 1200 2415 1248 2415 1248 2416 1200 2416 1194 2416 1248 2417 1194 2417 1249 2417 1249 2418 1194 2418 1196 2418 1249 2419 1196 2419 1250 2419 1250 2420 1196 2420 1189 2420 1250 2421 1189 2421 1251 2421 1251 2422 1189 2422 1186 2422 1251 2423 1186 2423 1252 2423 1252 2424 1186 2424 1184 2424 1252 2425 1184 2425 1253 2425 1253 2426 1184 2426 1182 2426 1253 2427 1182 2427 1254 2427 1254 2428 1182 2428 1180 2428 1254 2429 1180 2429 1255 2429 1255 2430 1180 2430 1234 2430 1255 2431 1234 2431 1239 2431 1239 2432 1234 2432 1236 2432 1256 2433 1240 2433 1231 2433 1231 2434 1240 2434 1241 2434 1231 2435 1241 2435 1230 2435 1230 2436 1241 2436 1242 2436 1230 2437 1242 2437 1229 2437 1229 2438 1242 2438 1243 2438 1229 2439 1243 2439 1225 2439 1225 2440 1243 2440 1244 2440 1225 2441 1244 2441 1219 2441 1219 2442 1244 2442 1245 2442 1219 2443 1245 2443 1218 2443 1218 2444 1245 2444 1246 2444 1218 2445 1246 2445 1214 2445 1214 2446 1246 2446 1247 2446 1214 2447 1247 2447 1208 2447 1208 2448 1247 2448 1248 2448 1208 2449 1248 2449 1204 2449 1204 2450 1248 2450 1249 2450 1204 2451 1249 2451 1203 2451 1203 2452 1249 2452 1250 2452 1203 2453 1250 2453 1199 2453 1199 2454 1250 2454 1251 2454 1199 2455 1251 2455 1193 2455 1193 2456 1251 2456 1252 2456 1193 2457 1252 2457 1192 2457 1192 2458 1252 2458 1253 2458 1192 2459 1253 2459 1187 2459 1187 2460 1253 2460 1254 2460 1187 2461 1254 2461 1188 2461 1188 2462 1254 2462 1255 2462 1188 2463 1255 2463 1257 2463 1257 2464 1255 2464 1239 2464 1257 2465 1239 2465 1256 2465 1256 2466 1239 2466 1240 2466 1171 2467 1172 2467 1231 2467 1231 2468 1172 2468 1151 2468 1231 2469 1151 2469 1256 2469 1256 2470 1151 2470 1152 2470 1256 2471 1152 2471 1257 2471 1257 2472 1152 2472 1153 2472 1257 2473 1153 2473 1188 2473 1188 2474 1153 2474 1154 2474 1188 2475 1154 2475 1155 2475 1228 2476 1258 2476 1221 2476 1221 2477 1258 2477 1259 2477 1221 2478 1259 2478 1223 2478 1223 2479 1259 2479 1260 2479 1223 2480 1260 2480 1224 2480 1224 2481 1260 2481 1261 2481 1224 2482 1261 2482 1216 2482 1216 2483 1261 2483 1262 2483 1216 2484 1262 2484 1217 2484 1217 2485 1262 2485 1263 2485 1217 2486 1263 2486 1210 2486 1210 2487 1263 2487 1264 2487 1210 2488 1264 2488 1212 2488 1212 2489 1264 2489 1265 2489 1212 2490 1265 2490 1213 2490 1213 2491 1265 2491 1266 2491 1213 2492 1266 2492 1206 2492 1206 2493 1266 2493 1267 2493 1206 2494 1267 2494 1207 2494 1207 2495 1267 2495 1268 2495 1207 2496 1268 2496 1201 2496 1201 2497 1268 2497 1269 2497 1201 2498 1269 2498 1202 2498 1202 2499 1269 2499 1270 2499 1202 2500 1270 2500 1195 2500 1195 2501 1270 2501 1271 2501 1195 2502 1271 2502 1197 2502 1197 2503 1271 2503 1272 2503 1197 2504 1272 2504 1198 2504 1198 2505 1272 2505 1273 2505 1198 2506 1273 2506 1190 2506 1190 2507 1273 2507 1274 2507 1190 2508 1274 2508 1191 2508 1191 2509 1274 2509 1275 2509 1191 2510 1275 2510 1185 2510 1185 2511 1275 2511 1276 2511 1185 2512 1276 2512 1183 2512 1183 2513 1276 2513 1277 2513 1183 2514 1277 2514 1181 2514 1181 2515 1277 2515 1278 2515 1181 2516 1278 2516 1179 2516 1179 2517 1278 2517 1279 2517 1179 2518 1279 2518 1232 2518 1232 2519 1279 2519 1280 2519 1232 2520 1280 2520 1233 2520 1233 2521 1280 2521 1281 2521 1233 2522 1281 2522 1235 2522 1235 2523 1281 2523 1282 2523 1235 2524 1282 2524 1237 2524 1237 2525 1282 2525 1283 2525 1237 2526 1283 2526 1238 2526 1238 2527 1283 2527 1284 2527 1238 2528 1284 2528 1227 2528 1227 2529 1284 2529 1285 2529 1227 2530 1285 2530 1228 2530 1228 2531 1285 2531 1258 2531 1283 2532 1282 2532 1286 2532 1287 2533 1288 2533 1289 2533 1290 2534 1291 2534 1292 2534 1293 2535 1259 2535 1258 2535 1294 2536 1281 2536 1280 2536 1295 2537 1296 2537 1297 2537 1297 2538 1296 2538 1298 2538 1294 2539 1280 2539 1299 2539 1299 2540 1280 2540 1279 2540 1299 2541 1279 2541 1300 2541 1301 2542 1302 2542 1303 2542 1303 2543 1302 2543 1304 2543 1303 2544 1304 2544 1305 2544 1305 2545 1304 2545 1306 2545 1305 2546 1306 2546 1296 2546 1296 2547 1306 2547 1307 2547 1296 2548 1307 2548 1298 2548 1279 2549 1278 2549 1300 2549 1300 2550 1278 2550 1277 2550 1300 2551 1277 2551 1308 2551 1309 2552 1310 2552 1301 2552 1301 2553 1310 2553 1311 2553 1301 2554 1311 2554 1302 2554 1277 2555 1276 2555 1308 2555 1308 2556 1276 2556 1275 2556 1308 2557 1275 2557 1312 2557 1312 2558 1275 2558 1274 2558 1312 2559 1274 2559 1313 2559 1314 2560 1315 2560 1316 2560 1316 2561 1315 2561 1317 2561 1316 2562 1317 2562 1309 2562 1309 2563 1317 2563 1318 2563 1309 2564 1318 2564 1310 2564 1274 2565 1273 2565 1313 2565 1313 2566 1273 2566 1272 2566 1313 2567 1272 2567 1319 2567 1320 2568 1321 2568 1314 2568 1314 2569 1321 2569 1322 2569 1314 2570 1322 2570 1315 2570 1272 2571 1271 2571 1319 2571 1319 2572 1271 2572 1270 2572 1319 2573 1270 2573 1323 2573 1323 2574 1270 2574 1269 2574 1323 2575 1269 2575 1324 2575 1325 2576 1326 2576 1327 2576 1327 2577 1326 2577 1328 2577 1327 2578 1328 2578 1320 2578 1320 2579 1328 2579 1329 2579 1320 2580 1329 2580 1321 2580 1330 2581 1327 2581 1331 2581 1331 2582 1327 2582 1320 2582 1331 2583 1320 2583 1332 2583 1332 2584 1320 2584 1314 2584 1332 2585 1314 2585 1333 2585 1333 2586 1314 2586 1316 2586 1333 2587 1316 2587 1334 2587 1334 2588 1316 2588 1309 2588 1334 2589 1309 2589 1335 2589 1335 2590 1309 2590 1301 2590 1335 2591 1301 2591 1336 2591 1336 2592 1301 2592 1303 2592 1336 2593 1303 2593 1337 2593 1337 2594 1303 2594 1305 2594 1337 2595 1305 2595 1338 2595 1338 2596 1305 2596 1296 2596 1338 2597 1296 2597 1339 2597 1339 2598 1296 2598 1295 2598 1339 2599 1295 2599 1340 2599 1269 2600 1268 2600 1324 2600 1324 2601 1268 2601 1267 2601 1324 2602 1267 2602 1341 2602 1342 2603 1343 2603 1325 2603 1344 2604 1330 2604 1345 2604 1345 2605 1330 2605 1331 2605 1345 2606 1331 2606 1346 2606 1346 2607 1331 2607 1332 2607 1346 2608 1332 2608 1347 2608 1347 2609 1332 2609 1333 2609 1347 2610 1333 2610 1348 2610 1348 2611 1333 2611 1334 2611 1348 2612 1334 2612 1349 2612 1349 2613 1334 2613 1335 2613 1349 2614 1335 2614 1350 2614 1350 2615 1335 2615 1336 2615 1350 2616 1336 2616 1351 2616 1351 2617 1336 2617 1337 2617 1351 2618 1337 2618 1352 2618 1352 2619 1337 2619 1338 2619 1352 2620 1338 2620 1353 2620 1353 2621 1338 2621 1339 2621 1353 2622 1339 2622 1354 2622 1354 2623 1339 2623 1340 2623 1354 2624 1340 2624 1355 2624 1267 2625 1266 2625 1341 2625 1341 2626 1266 2626 1265 2626 1341 2627 1265 2627 1356 2627 1357 2628 1358 2628 1359 2628 1359 2629 1358 2629 1343 2629 1360 2630 1344 2630 1361 2630 1361 2631 1344 2631 1345 2631 1361 2632 1345 2632 1356 2632 1356 2633 1345 2633 1346 2633 1356 2634 1346 2634 1341 2634 1341 2635 1346 2635 1347 2635 1341 2636 1347 2636 1324 2636 1324 2637 1347 2637 1348 2637 1324 2638 1348 2638 1323 2638 1323 2639 1348 2639 1349 2639 1323 2640 1349 2640 1319 2640 1319 2641 1349 2641 1350 2641 1319 2642 1350 2642 1313 2642 1313 2643 1350 2643 1351 2643 1313 2644 1351 2644 1312 2644 1312 2645 1351 2645 1352 2645 1312 2646 1352 2646 1308 2646 1308 2647 1352 2647 1353 2647 1308 2648 1353 2648 1300 2648 1300 2649 1353 2649 1354 2649 1300 2650 1354 2650 1299 2650 1299 2651 1354 2651 1355 2651 1299 2652 1355 2652 1294 2652 1362 2653 1363 2653 1364 2653 1364 2654 1363 2654 1357 2654 1365 2655 1366 2655 1362 2655 1265 2656 1264 2656 1356 2656 1356 2657 1264 2657 1263 2657 1356 2658 1263 2658 1361 2658 1361 2659 1263 2659 1262 2659 1361 2660 1262 2660 1360 2660 1360 2661 1262 2661 1261 2661 1360 2662 1261 2662 1260 2662 1325 2663 1327 2663 1342 2663 1342 2664 1327 2664 1330 2664 1342 2665 1330 2665 1367 2665 1367 2666 1330 2666 1344 2666 1367 2667 1344 2667 1368 2667 1368 2668 1344 2668 1360 2668 1368 2669 1360 2669 1293 2669 1293 2670 1360 2670 1260 2670 1293 2671 1260 2671 1259 2671 1291 2672 1366 2672 1292 2672 1292 2673 1366 2673 1365 2673 1292 2674 1365 2674 1369 2674 1288 2675 1290 2675 1289 2675 1289 2676 1290 2676 1292 2676 1289 2677 1292 2677 1370 2677 1370 2678 1292 2678 1369 2678 1370 2679 1369 2679 1371 2679 1343 2680 1342 2680 1359 2680 1359 2681 1342 2681 1367 2681 1359 2682 1367 2682 1372 2682 1372 2683 1367 2683 1368 2683 1372 2684 1368 2684 1373 2684 1373 2685 1368 2685 1293 2685 1373 2686 1293 2686 1374 2686 1374 2687 1293 2687 1258 2687 1374 2688 1258 2688 1285 2688 1357 2689 1359 2689 1364 2689 1364 2690 1359 2690 1372 2690 1364 2691 1372 2691 1375 2691 1375 2692 1372 2692 1373 2692 1375 2693 1373 2693 1376 2693 1376 2694 1373 2694 1374 2694 1376 2695 1374 2695 1377 2695 1377 2696 1374 2696 1285 2696 1377 2697 1285 2697 1284 2697 1378 2698 1287 2698 1379 2698 1379 2699 1287 2699 1289 2699 1379 2700 1289 2700 1380 2700 1380 2701 1289 2701 1370 2701 1380 2702 1370 2702 1381 2702 1381 2703 1370 2703 1371 2703 1381 2704 1371 2704 1286 2704 1362 2705 1364 2705 1365 2705 1365 2706 1364 2706 1375 2706 1365 2707 1375 2707 1369 2707 1369 2708 1375 2708 1376 2708 1369 2709 1376 2709 1371 2709 1371 2710 1376 2710 1377 2710 1371 2711 1377 2711 1286 2711 1286 2712 1377 2712 1284 2712 1286 2713 1284 2713 1283 2713 1282 2714 1281 2714 1286 2714 1286 2715 1281 2715 1294 2715 1286 2716 1294 2716 1381 2716 1381 2717 1294 2717 1355 2717 1381 2718 1355 2718 1380 2718 1380 2719 1355 2719 1340 2719 1380 2720 1340 2720 1379 2720 1379 2721 1340 2721 1295 2721 1379 2722 1295 2722 1378 2722 1378 2723 1295 2723 1297 2723 1329 2724 1382 2724 1383 2724 1329 2725 1383 2725 1321 2725 1321 2726 1383 2726 1384 2726 1321 2727 1384 2727 1322 2727 1322 2728 1384 2728 1385 2728 1322 2729 1385 2729 1315 2729 1315 2730 1385 2730 1386 2730 1315 2731 1386 2731 1317 2731 1317 2732 1386 2732 1387 2732 1317 2733 1387 2733 1318 2733 1318 2734 1387 2734 1388 2734 1318 2735 1388 2735 1310 2735 1310 2736 1388 2736 1389 2736 1310 2737 1389 2737 1311 2737 1311 2738 1389 2738 1390 2738 1311 2739 1390 2739 1302 2739 1302 2740 1390 2740 1391 2740 1302 2741 1391 2741 1304 2741 1304 2742 1391 2742 1392 2742 1304 2743 1392 2743 1306 2743 1306 2744 1392 2744 1393 2744 1306 2745 1393 2745 1307 2745 1307 2746 1393 2746 1394 2746 1307 2747 1394 2747 1298 2747 1298 2748 1394 2748 1395 2748 1298 2749 1395 2749 1297 2749 1329 2750 1328 2750 1382 2750 1382 2751 1328 2751 1326 2751 1382 2752 1326 2752 1396 2752 1396 2753 1326 2753 1325 2753 1396 2754 1325 2754 1397 2754 1397 2755 1325 2755 1343 2755 1397 2756 1343 2756 1398 2756 1398 2757 1343 2757 1358 2757 1398 2758 1358 2758 1399 2758 1399 2759 1358 2759 1357 2759 1399 2760 1357 2760 1400 2760 1400 2761 1357 2761 1363 2761 1400 2762 1363 2762 1401 2762 1401 2763 1363 2763 1362 2763 1401 2764 1362 2764 1402 2764 1402 2765 1362 2765 1366 2765 1402 2766 1366 2766 1403 2766 1403 2767 1366 2767 1291 2767 1403 2768 1291 2768 1404 2768 1404 2769 1291 2769 1290 2769 1404 2770 1290 2770 1405 2770 1405 2771 1290 2771 1288 2771 1405 2772 1288 2772 1406 2772 1406 2773 1288 2773 1287 2773 1406 2774 1287 2774 1407 2774 1407 2775 1287 2775 1378 2775 1407 2776 1378 2776 1408 2776 1408 2777 1378 2777 1297 2777 1408 2778 1297 2778 1409 2778 1409 2779 1297 2779 1395 2779 1384 2780 1383 2780 1410 2780 1411 2781 1412 2781 1413 2781 1414 2782 1415 2782 1416 2782 1417 2783 1388 2783 1387 2783 1418 2784 1382 2784 1396 2784 1419 2785 1420 2785 1421 2785 1421 2786 1420 2786 1422 2786 1418 2787 1396 2787 1423 2787 1423 2788 1396 2788 1397 2788 1423 2789 1397 2789 1424 2789 1425 2790 1426 2790 1427 2790 1427 2791 1426 2791 1428 2791 1427 2792 1428 2792 1429 2792 1429 2793 1428 2793 1430 2793 1429 2794 1430 2794 1420 2794 1420 2795 1430 2795 1431 2795 1420 2796 1431 2796 1422 2796 1397 2797 1398 2797 1424 2797 1424 2798 1398 2798 1399 2798 1424 2799 1399 2799 1432 2799 1433 2800 1434 2800 1425 2800 1425 2801 1434 2801 1435 2801 1425 2802 1435 2802 1426 2802 1399 2803 1400 2803 1432 2803 1432 2804 1400 2804 1401 2804 1432 2805 1401 2805 1436 2805 1436 2806 1401 2806 1402 2806 1436 2807 1402 2807 1437 2807 1438 2808 1439 2808 1440 2808 1440 2809 1439 2809 1441 2809 1440 2810 1441 2810 1433 2810 1433 2811 1441 2811 1442 2811 1433 2812 1442 2812 1434 2812 1402 2813 1403 2813 1437 2813 1437 2814 1403 2814 1404 2814 1437 2815 1404 2815 1443 2815 1444 2816 1445 2816 1438 2816 1438 2817 1445 2817 1446 2817 1438 2818 1446 2818 1439 2818 1404 2819 1405 2819 1443 2819 1443 2820 1405 2820 1406 2820 1443 2821 1406 2821 1447 2821 1447 2822 1406 2822 1407 2822 1447 2823 1407 2823 1448 2823 1449 2824 1450 2824 1451 2824 1451 2825 1450 2825 1452 2825 1451 2826 1452 2826 1444 2826 1444 2827 1452 2827 1453 2827 1444 2828 1453 2828 1445 2828 1454 2829 1451 2829 1455 2829 1455 2830 1451 2830 1444 2830 1455 2831 1444 2831 1456 2831 1456 2832 1444 2832 1438 2832 1456 2833 1438 2833 1457 2833 1457 2834 1438 2834 1440 2834 1457 2835 1440 2835 1458 2835 1458 2836 1440 2836 1433 2836 1458 2837 1433 2837 1459 2837 1459 2838 1433 2838 1425 2838 1459 2839 1425 2839 1460 2839 1460 2840 1425 2840 1427 2840 1460 2841 1427 2841 1461 2841 1461 2842 1427 2842 1429 2842 1461 2843 1429 2843 1462 2843 1462 2844 1429 2844 1420 2844 1462 2845 1420 2845 1463 2845 1463 2846 1420 2846 1419 2846 1463 2847 1419 2847 1464 2847 1407 2848 1408 2848 1448 2848 1448 2849 1408 2849 1409 2849 1448 2850 1409 2850 1465 2850 1466 2851 1467 2851 1449 2851 1468 2852 1454 2852 1469 2852 1469 2853 1454 2853 1455 2853 1469 2854 1455 2854 1470 2854 1470 2855 1455 2855 1456 2855 1470 2856 1456 2856 1471 2856 1471 2857 1456 2857 1457 2857 1471 2858 1457 2858 1472 2858 1472 2859 1457 2859 1458 2859 1472 2860 1458 2860 1473 2860 1473 2861 1458 2861 1459 2861 1473 2862 1459 2862 1474 2862 1474 2863 1459 2863 1460 2863 1474 2864 1460 2864 1475 2864 1475 2865 1460 2865 1461 2865 1475 2866 1461 2866 1476 2866 1476 2867 1461 2867 1462 2867 1476 2868 1462 2868 1477 2868 1477 2869 1462 2869 1463 2869 1477 2870 1463 2870 1478 2870 1478 2871 1463 2871 1464 2871 1478 2872 1464 2872 1479 2872 1409 2873 1395 2873 1465 2873 1465 2874 1395 2874 1394 2874 1465 2875 1394 2875 1480 2875 1481 2876 1482 2876 1483 2876 1483 2877 1482 2877 1467 2877 1484 2878 1468 2878 1485 2878 1485 2879 1468 2879 1469 2879 1485 2880 1469 2880 1480 2880 1480 2881 1469 2881 1470 2881 1480 2882 1470 2882 1465 2882 1465 2883 1470 2883 1471 2883 1465 2884 1471 2884 1448 2884 1448 2885 1471 2885 1472 2885 1448 2886 1472 2886 1447 2886 1447 2887 1472 2887 1473 2887 1447 2888 1473 2888 1443 2888 1443 2889 1473 2889 1474 2889 1443 2890 1474 2890 1437 2890 1437 2891 1474 2891 1475 2891 1437 2892 1475 2892 1436 2892 1436 2893 1475 2893 1476 2893 1436 2894 1476 2894 1432 2894 1432 2895 1476 2895 1477 2895 1432 2896 1477 2896 1424 2896 1424 2897 1477 2897 1478 2897 1424 2898 1478 2898 1423 2898 1423 2899 1478 2899 1479 2899 1423 2900 1479 2900 1418 2900 1486 2901 1487 2901 1488 2901 1488 2902 1487 2902 1481 2902 1489 2903 1490 2903 1486 2903 1394 2904 1393 2904 1480 2904 1480 2905 1393 2905 1392 2905 1480 2906 1392 2906 1485 2906 1485 2907 1392 2907 1391 2907 1485 2908 1391 2908 1484 2908 1484 2909 1391 2909 1390 2909 1484 2910 1390 2910 1389 2910 1449 2911 1451 2911 1466 2911 1466 2912 1451 2912 1454 2912 1466 2913 1454 2913 1491 2913 1491 2914 1454 2914 1468 2914 1491 2915 1468 2915 1492 2915 1492 2916 1468 2916 1484 2916 1492 2917 1484 2917 1417 2917 1417 2918 1484 2918 1389 2918 1417 2919 1389 2919 1388 2919 1415 2920 1490 2920 1416 2920 1416 2921 1490 2921 1489 2921 1416 2922 1489 2922 1493 2922 1412 2923 1414 2923 1413 2923 1413 2924 1414 2924 1416 2924 1413 2925 1416 2925 1494 2925 1494 2926 1416 2926 1493 2926 1494 2927 1493 2927 1495 2927 1467 2928 1466 2928 1483 2928 1483 2929 1466 2929 1491 2929 1483 2930 1491 2930 1496 2930 1496 2931 1491 2931 1492 2931 1496 2932 1492 2932 1497 2932 1497 2933 1492 2933 1417 2933 1497 2934 1417 2934 1498 2934 1498 2935 1417 2935 1387 2935 1498 2936 1387 2936 1386 2936 1481 2937 1483 2937 1488 2937 1488 2938 1483 2938 1496 2938 1488 2939 1496 2939 1499 2939 1499 2940 1496 2940 1497 2940 1499 2941 1497 2941 1500 2941 1500 2942 1497 2942 1498 2942 1500 2943 1498 2943 1501 2943 1501 2944 1498 2944 1386 2944 1501 2945 1386 2945 1385 2945 1502 2946 1411 2946 1503 2946 1503 2947 1411 2947 1413 2947 1503 2948 1413 2948 1504 2948 1504 2949 1413 2949 1494 2949 1504 2950 1494 2950 1505 2950 1505 2951 1494 2951 1495 2951 1505 2952 1495 2952 1410 2952 1486 2953 1488 2953 1489 2953 1489 2954 1488 2954 1499 2954 1489 2955 1499 2955 1493 2955 1493 2956 1499 2956 1500 2956 1493 2957 1500 2957 1495 2957 1495 2958 1500 2958 1501 2958 1495 2959 1501 2959 1410 2959 1410 2960 1501 2960 1385 2960 1410 2961 1385 2961 1384 2961 1383 2962 1382 2962 1410 2962 1410 2963 1382 2963 1418 2963 1410 2964 1418 2964 1505 2964 1505 2965 1418 2965 1479 2965 1505 2966 1479 2966 1504 2966 1504 2967 1479 2967 1464 2967 1504 2968 1464 2968 1503 2968 1503 2969 1464 2969 1419 2969 1503 2970 1419 2970 1502 2970 1502 2971 1419 2971 1421 2971 1442 2972 1506 2972 1434 2972 1434 2973 1506 2973 1507 2973 1434 2974 1507 2974 1435 2974 1435 2975 1507 2975 1508 2975 1435 2976 1508 2976 1426 2976 1426 2977 1508 2977 1509 2977 1426 2978 1509 2978 1428 2978 1428 2979 1509 2979 1510 2979 1428 2980 1510 2980 1430 2980 1430 2981 1510 2981 1511 2981 1430 2982 1511 2982 1431 2982 1431 2983 1511 2983 1512 2983 1431 2984 1512 2984 1422 2984 1422 2985 1512 2985 1513 2985 1422 2986 1513 2986 1421 2986 1421 2987 1513 2987 1514 2987 1421 2988 1514 2988 1502 2988 1502 2989 1514 2989 1515 2989 1502 2990 1515 2990 1411 2990 1411 2991 1515 2991 1516 2991 1411 2992 1516 2992 1412 2992 1412 2993 1516 2993 1517 2993 1412 2994 1517 2994 1414 2994 1414 2995 1517 2995 1518 2995 1414 2996 1518 2996 1415 2996 1415 2997 1518 2997 1519 2997 1415 2998 1519 2998 1490 2998 1490 2999 1519 2999 1520 2999 1490 3000 1520 3000 1486 3000 1486 3001 1520 3001 1521 3001 1486 3002 1521 3002 1487 3002 1487 3003 1521 3003 1522 3003 1487 3004 1522 3004 1481 3004 1481 3005 1522 3005 1523 3005 1481 3006 1523 3006 1482 3006 1482 3007 1523 3007 1524 3007 1482 3008 1524 3008 1467 3008 1467 3009 1524 3009 1525 3009 1467 3010 1525 3010 1449 3010 1449 3011 1525 3011 1526 3011 1449 3012 1526 3012 1450 3012 1450 3013 1526 3013 1527 3013 1450 3014 1527 3014 1452 3014 1452 3015 1527 3015 1528 3015 1452 3016 1528 3016 1453 3016 1453 3017 1528 3017 1529 3017 1453 3018 1529 3018 1445 3018 1445 3019 1529 3019 1530 3019 1445 3020 1530 3020 1446 3020 1446 3021 1530 3021 1531 3021 1446 3022 1531 3022 1439 3022 1439 3023 1531 3023 1532 3023 1439 3024 1532 3024 1441 3024 1441 3025 1532 3025 1533 3025 1441 3026 1533 3026 1442 3026 1442 3027 1533 3027 1506 3027 1534 3028 1535 3028 1536 3028 1536 3029 1535 3029 1537 3029 1536 3030 1537 3030 1538 3030 1538 3031 1537 3031 1539 3031 1538 3032 1539 3032 1540 3032 1540 3033 1539 3033 1541 3033 1510 3034 1542 3034 1543 3034 1544 3035 1545 3035 1541 3035 1541 3036 1545 3036 1546 3036 1541 3037 1546 3037 1540 3037 1510 3038 1509 3038 1542 3038 1542 3039 1509 3039 1508 3039 1542 3040 1508 3040 1547 3040 1547 3041 1508 3041 1507 3041 1547 3042 1507 3042 1548 3042 1549 3043 1550 3043 1551 3043 1551 3044 1550 3044 1552 3044 1551 3045 1552 3045 1544 3045 1544 3046 1552 3046 1553 3046 1544 3047 1553 3047 1545 3047 1507 3048 1506 3048 1548 3048 1548 3049 1506 3049 1533 3049 1548 3050 1533 3050 1554 3050 1555 3051 1556 3051 1549 3051 1549 3052 1556 3052 1557 3052 1549 3053 1557 3053 1550 3053 1533 3054 1532 3054 1554 3054 1554 3055 1532 3055 1531 3055 1554 3056 1531 3056 1558 3056 1558 3057 1531 3057 1530 3057 1558 3058 1530 3058 1559 3058 1560 3059 1561 3059 1555 3059 1555 3060 1561 3060 1562 3060 1555 3061 1562 3061 1556 3061 1530 3062 1529 3062 1559 3062 1559 3063 1529 3063 1528 3063 1559 3064 1528 3064 1563 3064 1564 3065 1565 3065 1566 3065 1566 3066 1565 3066 1567 3066 1566 3067 1567 3067 1560 3067 1560 3068 1567 3068 1568 3068 1560 3069 1568 3069 1561 3069 1528 3070 1527 3070 1563 3070 1563 3071 1527 3071 1526 3071 1563 3072 1526 3072 1569 3072 1570 3073 1571 3073 1564 3073 1564 3074 1571 3074 1572 3074 1564 3075 1572 3075 1565 3075 1526 3076 1525 3076 1569 3076 1569 3077 1525 3077 1524 3077 1569 3078 1524 3078 1573 3078 1573 3079 1524 3079 1523 3079 1573 3080 1523 3080 1574 3080 1575 3081 1576 3081 1577 3081 1577 3082 1576 3082 1578 3082 1577 3083 1578 3083 1570 3083 1570 3084 1578 3084 1579 3084 1570 3085 1579 3085 1571 3085 1523 3086 1522 3086 1574 3086 1574 3087 1522 3087 1521 3087 1574 3088 1521 3088 1580 3088 1581 3089 1582 3089 1575 3089 1575 3090 1582 3090 1583 3090 1575 3091 1583 3091 1576 3091 1521 3092 1520 3092 1580 3092 1580 3093 1520 3093 1519 3093 1580 3094 1519 3094 1584 3094 1584 3095 1519 3095 1518 3095 1584 3096 1518 3096 1585 3096 1585 3097 1518 3097 1517 3097 1585 3098 1517 3098 1586 3098 1586 3099 1517 3099 1516 3099 1534 3100 1587 3100 1535 3100 1535 3101 1587 3101 1588 3101 1535 3102 1588 3102 1589 3102 1589 3103 1588 3103 1590 3103 1589 3104 1590 3104 1591 3104 1591 3105 1590 3105 1592 3105 1591 3106 1592 3106 1581 3106 1581 3107 1592 3107 1593 3107 1581 3108 1593 3108 1582 3108 1594 3109 1591 3109 1595 3109 1595 3110 1591 3110 1581 3110 1595 3111 1581 3111 1596 3111 1596 3112 1581 3112 1575 3112 1596 3113 1575 3113 1597 3113 1597 3114 1575 3114 1577 3114 1597 3115 1577 3115 1598 3115 1598 3116 1577 3116 1570 3116 1598 3117 1570 3117 1599 3117 1599 3118 1570 3118 1564 3118 1599 3119 1564 3119 1600 3119 1600 3120 1564 3120 1566 3120 1600 3121 1566 3121 1601 3121 1601 3122 1566 3122 1560 3122 1601 3123 1560 3123 1602 3123 1602 3124 1560 3124 1555 3124 1602 3125 1555 3125 1603 3125 1603 3126 1555 3126 1549 3126 1603 3127 1549 3127 1604 3127 1604 3128 1549 3128 1551 3128 1604 3129 1551 3129 1605 3129 1605 3130 1551 3130 1544 3130 1605 3131 1544 3131 1606 3131 1606 3132 1544 3132 1541 3132 1606 3133 1541 3133 1607 3133 1607 3134 1541 3134 1539 3134 1607 3135 1539 3135 1608 3135 1608 3136 1539 3136 1537 3136 1608 3137 1537 3137 1609 3137 1609 3138 1537 3138 1535 3138 1609 3139 1535 3139 1610 3139 1610 3140 1535 3140 1589 3140 1610 3141 1589 3141 1594 3141 1594 3142 1589 3142 1591 3142 1611 3143 1595 3143 1586 3143 1586 3144 1595 3144 1596 3144 1586 3145 1596 3145 1585 3145 1585 3146 1596 3146 1597 3146 1585 3147 1597 3147 1584 3147 1584 3148 1597 3148 1598 3148 1584 3149 1598 3149 1580 3149 1580 3150 1598 3150 1599 3150 1580 3151 1599 3151 1574 3151 1574 3152 1599 3152 1600 3152 1574 3153 1600 3153 1573 3153 1573 3154 1600 3154 1601 3154 1573 3155 1601 3155 1569 3155 1569 3156 1601 3156 1602 3156 1569 3157 1602 3157 1563 3157 1563 3158 1602 3158 1603 3158 1563 3159 1603 3159 1559 3159 1559 3160 1603 3160 1604 3160 1559 3161 1604 3161 1558 3161 1558 3162 1604 3162 1605 3162 1558 3163 1605 3163 1554 3163 1554 3164 1605 3164 1606 3164 1554 3165 1606 3165 1548 3165 1548 3166 1606 3166 1607 3166 1548 3167 1607 3167 1547 3167 1547 3168 1607 3168 1608 3168 1547 3169 1608 3169 1542 3169 1542 3170 1608 3170 1609 3170 1542 3171 1609 3171 1543 3171 1543 3172 1609 3172 1610 3172 1543 3173 1610 3173 1612 3173 1612 3174 1610 3174 1594 3174 1612 3175 1594 3175 1611 3175 1611 3176 1594 3176 1595 3176 1516 3177 1515 3177 1586 3177 1586 3178 1515 3178 1514 3178 1586 3179 1514 3179 1611 3179 1611 3180 1514 3180 1513 3180 1611 3181 1513 3181 1612 3181 1612 3182 1513 3182 1512 3182 1612 3183 1512 3183 1543 3183 1543 3184 1512 3184 1511 3184 1543 3185 1511 3185 1510 3185 1588 3186 1613 3186 1590 3186 1590 3187 1613 3187 1614 3187 1590 3188 1614 3188 1592 3188 1592 3189 1614 3189 1615 3189 1592 3190 1615 3190 1593 3190 1593 3191 1615 3191 1616 3191 1593 3192 1616 3192 1582 3192 1582 3193 1616 3193 1617 3193 1582 3194 1617 3194 1583 3194 1583 3195 1617 3195 1618 3195 1583 3196 1618 3196 1576 3196 1576 3197 1618 3197 1619 3197 1576 3198 1619 3198 1578 3198 1578 3199 1619 3199 1620 3199 1578 3200 1620 3200 1579 3200 1579 3201 1620 3201 1621 3201 1579 3202 1621 3202 1571 3202 1571 3203 1621 3203 1622 3203 1571 3204 1622 3204 1572 3204 1572 3205 1622 3205 1623 3205 1572 3206 1623 3206 1565 3206 1565 3207 1623 3207 1624 3207 1565 3208 1624 3208 1567 3208 1567 3209 1624 3209 1625 3209 1567 3210 1625 3210 1568 3210 1568 3211 1625 3211 1626 3211 1553 3212 1552 3212 1627 3212 1627 3213 1552 3213 1550 3213 1627 3214 1550 3214 1628 3214 1628 3215 1550 3215 1557 3215 1628 3216 1557 3216 1629 3216 1629 3217 1557 3217 1556 3217 1629 3218 1556 3218 1630 3218 1630 3219 1556 3219 1562 3219 1630 3220 1562 3220 1626 3220 1626 3221 1562 3221 1561 3221 1626 3222 1561 3222 1568 3222 1627 3223 1631 3223 1553 3223 1553 3224 1631 3224 1632 3224 1553 3225 1632 3225 1545 3225 1545 3226 1632 3226 1633 3226 1545 3227 1633 3227 1546 3227 1546 3228 1633 3228 1634 3228 1546 3229 1634 3229 1540 3229 1540 3230 1634 3230 1538 3230 1634 3231 1635 3231 1538 3231 1538 3232 1635 3232 1636 3232 1538 3233 1636 3233 1536 3233 1536 3234 1636 3234 1637 3234 1536 3235 1637 3235 1534 3235 1534 3236 1637 3236 1638 3236 1534 3237 1638 3237 1587 3237 1587 3238 1638 3238 1639 3238 1587 3239 1639 3239 1588 3239 1588 3240 1639 3240 1640 3240 1588 3241 1640 3241 1613 3241 1641 3242 1642 3242 1643 3242 1643 3243 1642 3243 1644 3243 1643 3244 1644 3244 1645 3244 1645 3245 1644 3245 1646 3245 1645 3246 1646 3246 1647 3246 1647 3247 1646 3247 1648 3247 1622 3248 1649 3248 1650 3248 1651 3249 1652 3249 1648 3249 1648 3250 1652 3250 1653 3250 1648 3251 1653 3251 1647 3251 1622 3252 1621 3252 1649 3252 1649 3253 1621 3253 1620 3253 1649 3254 1620 3254 1654 3254 1654 3255 1620 3255 1619 3255 1654 3256 1619 3256 1655 3256 1656 3257 1657 3257 1658 3257 1658 3258 1657 3258 1659 3258 1658 3259 1659 3259 1651 3259 1651 3260 1659 3260 1660 3260 1651 3261 1660 3261 1652 3261 1619 3262 1618 3262 1655 3262 1655 3263 1618 3263 1617 3263 1655 3264 1617 3264 1661 3264 1662 3265 1663 3265 1656 3265 1656 3266 1663 3266 1664 3266 1656 3267 1664 3267 1657 3267 1617 3268 1616 3268 1661 3268 1661 3269 1616 3269 1615 3269 1661 3270 1615 3270 1665 3270 1665 3271 1615 3271 1614 3271 1665 3272 1614 3272 1666 3272 1667 3273 1668 3273 1662 3273 1662 3274 1668 3274 1669 3274 1662 3275 1669 3275 1663 3275 1614 3276 1613 3276 1666 3276 1666 3277 1613 3277 1640 3277 1666 3278 1640 3278 1670 3278 1671 3279 1672 3279 1673 3279 1673 3280 1672 3280 1674 3280 1673 3281 1674 3281 1667 3281 1667 3282 1674 3282 1675 3282 1667 3283 1675 3283 1668 3283 1640 3284 1639 3284 1670 3284 1670 3285 1639 3285 1638 3285 1670 3286 1638 3286 1676 3286 1677 3287 1678 3287 1671 3287 1671 3288 1678 3288 1679 3288 1671 3289 1679 3289 1672 3289 1638 3290 1637 3290 1676 3290 1676 3291 1637 3291 1636 3291 1676 3292 1636 3292 1680 3292 1680 3293 1636 3293 1635 3293 1680 3294 1635 3294 1681 3294 1682 3295 1683 3295 1684 3295 1684 3296 1683 3296 1685 3296 1684 3297 1685 3297 1677 3297 1677 3298 1685 3298 1686 3298 1677 3299 1686 3299 1678 3299 1635 3300 1634 3300 1681 3300 1681 3301 1634 3301 1633 3301 1681 3302 1633 3302 1687 3302 1688 3303 1689 3303 1682 3303 1682 3304 1689 3304 1690 3304 1682 3305 1690 3305 1683 3305 1633 3306 1632 3306 1687 3306 1687 3307 1632 3307 1631 3307 1687 3308 1631 3308 1691 3308 1691 3309 1631 3309 1627 3309 1691 3310 1627 3310 1692 3310 1692 3311 1627 3311 1628 3311 1692 3312 1628 3312 1693 3312 1693 3313 1628 3313 1629 3313 1641 3314 1694 3314 1642 3314 1642 3315 1694 3315 1695 3315 1642 3316 1695 3316 1696 3316 1696 3317 1695 3317 1697 3317 1696 3318 1697 3318 1698 3318 1698 3319 1697 3319 1699 3319 1698 3320 1699 3320 1688 3320 1688 3321 1699 3321 1700 3321 1688 3322 1700 3322 1689 3322 1701 3323 1698 3323 1702 3323 1702 3324 1698 3324 1688 3324 1702 3325 1688 3325 1703 3325 1703 3326 1688 3326 1682 3326 1703 3327 1682 3327 1704 3327 1704 3328 1682 3328 1684 3328 1704 3329 1684 3329 1705 3329 1705 3330 1684 3330 1677 3330 1705 3331 1677 3331 1706 3331 1706 3332 1677 3332 1671 3332 1706 3333 1671 3333 1707 3333 1707 3334 1671 3334 1673 3334 1707 3335 1673 3335 1708 3335 1708 3336 1673 3336 1667 3336 1708 3337 1667 3337 1709 3337 1709 3338 1667 3338 1662 3338 1709 3339 1662 3339 1710 3339 1710 3340 1662 3340 1656 3340 1710 3341 1656 3341 1711 3341 1711 3342 1656 3342 1658 3342 1711 3343 1658 3343 1712 3343 1712 3344 1658 3344 1651 3344 1712 3345 1651 3345 1713 3345 1713 3346 1651 3346 1648 3346 1713 3347 1648 3347 1714 3347 1714 3348 1648 3348 1646 3348 1714 3349 1646 3349 1715 3349 1715 3350 1646 3350 1644 3350 1715 3351 1644 3351 1716 3351 1716 3352 1644 3352 1642 3352 1716 3353 1642 3353 1717 3353 1717 3354 1642 3354 1696 3354 1717 3355 1696 3355 1701 3355 1701 3356 1696 3356 1698 3356 1718 3357 1702 3357 1693 3357 1693 3358 1702 3358 1703 3358 1693 3359 1703 3359 1692 3359 1692 3360 1703 3360 1704 3360 1692 3361 1704 3361 1691 3361 1691 3362 1704 3362 1705 3362 1691 3363 1705 3363 1687 3363 1687 3364 1705 3364 1706 3364 1687 3365 1706 3365 1681 3365 1681 3366 1706 3366 1707 3366 1681 3367 1707 3367 1680 3367 1680 3368 1707 3368 1708 3368 1680 3369 1708 3369 1676 3369 1676 3370 1708 3370 1709 3370 1676 3371 1709 3371 1670 3371 1670 3372 1709 3372 1710 3372 1670 3373 1710 3373 1666 3373 1666 3374 1710 3374 1711 3374 1666 3375 1711 3375 1665 3375 1665 3376 1711 3376 1712 3376 1665 3377 1712 3377 1661 3377 1661 3378 1712 3378 1713 3378 1661 3379 1713 3379 1655 3379 1655 3380 1713 3380 1714 3380 1655 3381 1714 3381 1654 3381 1654 3382 1714 3382 1715 3382 1654 3383 1715 3383 1649 3383 1649 3384 1715 3384 1716 3384 1649 3385 1716 3385 1650 3385 1650 3386 1716 3386 1717 3386 1650 3387 1717 3387 1719 3387 1719 3388 1717 3388 1701 3388 1719 3389 1701 3389 1718 3389 1718 3390 1701 3390 1702 3390 1629 3391 1630 3391 1693 3391 1693 3392 1630 3392 1626 3392 1693 3393 1626 3393 1718 3393 1718 3394 1626 3394 1625 3394 1718 3395 1625 3395 1719 3395 1719 3396 1625 3396 1624 3396 1719 3397 1624 3397 1650 3397 1650 3398 1624 3398 1623 3398 1650 3399 1623 3399 1622 3399 1720 3400 1683 3400 1721 3400 1721 3401 1683 3401 1690 3401 1721 3402 1690 3402 1722 3402 1722 3403 1690 3403 1689 3403 1722 3404 1689 3404 1723 3404 1723 3405 1689 3405 1700 3405 1723 3406 1700 3406 1724 3406 1724 3407 1700 3407 1699 3407 1724 3408 1699 3408 1725 3408 1725 3409 1699 3409 1697 3409 1725 3410 1697 3410 1726 3410 1726 3411 1697 3411 1695 3411 1726 3412 1695 3412 1727 3412 1727 3413 1695 3413 1694 3413 1727 3414 1694 3414 1728 3414 1728 3415 1694 3415 1641 3415 1728 3416 1641 3416 1729 3416 1729 3417 1641 3417 1643 3417 1729 3418 1643 3418 1730 3418 1730 3419 1643 3419 1645 3419 1730 3420 1645 3420 1731 3420 1731 3421 1645 3421 1647 3421 1731 3422 1647 3422 1732 3422 1732 3423 1647 3423 1653 3423 1732 3424 1653 3424 1733 3424 1733 3425 1653 3425 1652 3425 1733 3426 1652 3426 1734 3426 1734 3427 1652 3427 1660 3427 1734 3428 1660 3428 1735 3428 1735 3429 1660 3429 1659 3429 1735 3430 1659 3430 1736 3430 1736 3431 1659 3431 1657 3431 1736 3432 1657 3432 1737 3432 1737 3433 1657 3433 1664 3433 1737 3434 1664 3434 1738 3434 1738 3435 1664 3435 1663 3435 1738 3436 1663 3436 1739 3436 1739 3437 1663 3437 1669 3437 1739 3438 1669 3438 1740 3438 1740 3439 1669 3439 1668 3439 1740 3440 1668 3440 1741 3440 1741 3441 1668 3441 1675 3441 1741 3442 1675 3442 1742 3442 1742 3443 1675 3443 1674 3443 1742 3444 1674 3444 1743 3444 1743 3445 1674 3445 1672 3445 1743 3446 1672 3446 1744 3446 1744 3447 1672 3447 1679 3447 1744 3448 1679 3448 1745 3448 1745 3449 1679 3449 1678 3449 1745 3450 1678 3450 1746 3450 1746 3451 1678 3451 1686 3451 1746 3452 1686 3452 1747 3452 1747 3453 1686 3453 1685 3453 1747 3454 1685 3454 1720 3454 1720 3455 1685 3455 1683 3455 1724 3456 1725 3456 1748 3456 1749 3457 1750 3457 1751 3457 1752 3458 1753 3458 1754 3458 1755 3459 1720 3459 1721 3459 1756 3460 1726 3460 1727 3460 1757 3461 1758 3461 1759 3461 1759 3462 1758 3462 1760 3462 1756 3463 1727 3463 1761 3463 1761 3464 1727 3464 1728 3464 1761 3465 1728 3465 1762 3465 1763 3466 1764 3466 1765 3466 1765 3467 1764 3467 1766 3467 1765 3468 1766 3468 1767 3468 1767 3469 1766 3469 1768 3469 1767 3470 1768 3470 1758 3470 1758 3471 1768 3471 1769 3471 1758 3472 1769 3472 1760 3472 1728 3473 1729 3473 1762 3473 1762 3474 1729 3474 1730 3474 1762 3475 1730 3475 1770 3475 1771 3476 1772 3476 1763 3476 1763 3477 1772 3477 1773 3477 1763 3478 1773 3478 1764 3478 1730 3479 1731 3479 1770 3479 1770 3480 1731 3480 1732 3480 1770 3481 1732 3481 1774 3481 1774 3482 1732 3482 1733 3482 1774 3483 1733 3483 1775 3483 1776 3484 1777 3484 1778 3484 1778 3485 1777 3485 1779 3485 1778 3486 1779 3486 1771 3486 1771 3487 1779 3487 1780 3487 1771 3488 1780 3488 1772 3488 1733 3489 1734 3489 1775 3489 1775 3490 1734 3490 1735 3490 1775 3491 1735 3491 1781 3491 1782 3492 1783 3492 1776 3492 1776 3493 1783 3493 1784 3493 1776 3494 1784 3494 1777 3494 1735 3495 1736 3495 1781 3495 1781 3496 1736 3496 1737 3496 1781 3497 1737 3497 1785 3497 1785 3498 1737 3498 1738 3498 1785 3499 1738 3499 1786 3499 1787 3500 1788 3500 1789 3500 1789 3501 1788 3501 1790 3501 1789 3502 1790 3502 1782 3502 1782 3503 1790 3503 1791 3503 1782 3504 1791 3504 1783 3504 1792 3505 1789 3505 1793 3505 1793 3506 1789 3506 1782 3506 1793 3507 1782 3507 1794 3507 1794 3508 1782 3508 1776 3508 1794 3509 1776 3509 1795 3509 1795 3510 1776 3510 1778 3510 1795 3511 1778 3511 1796 3511 1796 3512 1778 3512 1771 3512 1796 3513 1771 3513 1797 3513 1797 3514 1771 3514 1763 3514 1797 3515 1763 3515 1798 3515 1798 3516 1763 3516 1765 3516 1798 3517 1765 3517 1799 3517 1799 3518 1765 3518 1767 3518 1799 3519 1767 3519 1800 3519 1800 3520 1767 3520 1758 3520 1800 3521 1758 3521 1801 3521 1801 3522 1758 3522 1757 3522 1801 3523 1757 3523 1802 3523 1738 3524 1739 3524 1786 3524 1786 3525 1739 3525 1740 3525 1786 3526 1740 3526 1803 3526 1804 3527 1805 3527 1787 3527 1806 3528 1792 3528 1807 3528 1807 3529 1792 3529 1793 3529 1807 3530 1793 3530 1808 3530 1808 3531 1793 3531 1794 3531 1808 3532 1794 3532 1809 3532 1809 3533 1794 3533 1795 3533 1809 3534 1795 3534 1810 3534 1810 3535 1795 3535 1796 3535 1810 3536 1796 3536 1811 3536 1811 3537 1796 3537 1797 3537 1811 3538 1797 3538 1812 3538 1812 3539 1797 3539 1798 3539 1812 3540 1798 3540 1813 3540 1813 3541 1798 3541 1799 3541 1813 3542 1799 3542 1814 3542 1814 3543 1799 3543 1800 3543 1814 3544 1800 3544 1815 3544 1815 3545 1800 3545 1801 3545 1815 3546 1801 3546 1816 3546 1816 3547 1801 3547 1802 3547 1816 3548 1802 3548 1817 3548 1740 3549 1741 3549 1803 3549 1803 3550 1741 3550 1742 3550 1803 3551 1742 3551 1818 3551 1819 3552 1820 3552 1821 3552 1821 3553 1820 3553 1805 3553 1822 3554 1806 3554 1823 3554 1823 3555 1806 3555 1807 3555 1823 3556 1807 3556 1818 3556 1818 3557 1807 3557 1808 3557 1818 3558 1808 3558 1803 3558 1803 3559 1808 3559 1809 3559 1803 3560 1809 3560 1786 3560 1786 3561 1809 3561 1810 3561 1786 3562 1810 3562 1785 3562 1785 3563 1810 3563 1811 3563 1785 3564 1811 3564 1781 3564 1781 3565 1811 3565 1812 3565 1781 3566 1812 3566 1775 3566 1775 3567 1812 3567 1813 3567 1775 3568 1813 3568 1774 3568 1774 3569 1813 3569 1814 3569 1774 3570 1814 3570 1770 3570 1770 3571 1814 3571 1815 3571 1770 3572 1815 3572 1762 3572 1762 3573 1815 3573 1816 3573 1762 3574 1816 3574 1761 3574 1761 3575 1816 3575 1817 3575 1761 3576 1817 3576 1756 3576 1824 3577 1825 3577 1826 3577 1826 3578 1825 3578 1819 3578 1827 3579 1828 3579 1824 3579 1742 3580 1743 3580 1818 3580 1818 3581 1743 3581 1744 3581 1818 3582 1744 3582 1823 3582 1823 3583 1744 3583 1745 3583 1823 3584 1745 3584 1822 3584 1822 3585 1745 3585 1746 3585 1822 3586 1746 3586 1747 3586 1787 3587 1789 3587 1804 3587 1804 3588 1789 3588 1792 3588 1804 3589 1792 3589 1829 3589 1829 3590 1792 3590 1806 3590 1829 3591 1806 3591 1830 3591 1830 3592 1806 3592 1822 3592 1830 3593 1822 3593 1755 3593 1755 3594 1822 3594 1747 3594 1755 3595 1747 3595 1720 3595 1753 3596 1828 3596 1754 3596 1754 3597 1828 3597 1827 3597 1754 3598 1827 3598 1831 3598 1750 3599 1752 3599 1751 3599 1751 3600 1752 3600 1754 3600 1751 3601 1754 3601 1832 3601 1832 3602 1754 3602 1831 3602 1832 3603 1831 3603 1833 3603 1805 3604 1804 3604 1821 3604 1821 3605 1804 3605 1829 3605 1821 3606 1829 3606 1834 3606 1834 3607 1829 3607 1830 3607 1834 3608 1830 3608 1835 3608 1835 3609 1830 3609 1755 3609 1835 3610 1755 3610 1836 3610 1836 3611 1755 3611 1721 3611 1836 3612 1721 3612 1722 3612 1819 3613 1821 3613 1826 3613 1826 3614 1821 3614 1834 3614 1826 3615 1834 3615 1837 3615 1837 3616 1834 3616 1835 3616 1837 3617 1835 3617 1838 3617 1838 3618 1835 3618 1836 3618 1838 3619 1836 3619 1839 3619 1839 3620 1836 3620 1722 3620 1839 3621 1722 3621 1723 3621 1840 3622 1749 3622 1841 3622 1841 3623 1749 3623 1751 3623 1841 3624 1751 3624 1842 3624 1842 3625 1751 3625 1832 3625 1842 3626 1832 3626 1843 3626 1843 3627 1832 3627 1833 3627 1843 3628 1833 3628 1748 3628 1824 3629 1826 3629 1827 3629 1827 3630 1826 3630 1837 3630 1827 3631 1837 3631 1831 3631 1831 3632 1837 3632 1838 3632 1831 3633 1838 3633 1833 3633 1833 3634 1838 3634 1839 3634 1833 3635 1839 3635 1748 3635 1748 3636 1839 3636 1723 3636 1748 3637 1723 3637 1724 3637 1725 3638 1726 3638 1748 3638 1748 3639 1726 3639 1756 3639 1748 3640 1756 3640 1843 3640 1843 3641 1756 3641 1817 3641 1843 3642 1817 3642 1842 3642 1842 3643 1817 3643 1802 3643 1842 3644 1802 3644 1841 3644 1841 3645 1802 3645 1757 3645 1841 3646 1757 3646 1840 3646 1840 3647 1757 3647 1759 3647 1791 3648 1844 3648 1845 3648 1791 3649 1845 3649 1783 3649 1783 3650 1845 3650 1846 3650 1783 3651 1846 3651 1784 3651 1784 3652 1846 3652 1847 3652 1784 3653 1847 3653 1777 3653 1777 3654 1847 3654 1848 3654 1777 3655 1848 3655 1779 3655 1779 3656 1848 3656 1849 3656 1779 3657 1849 3657 1780 3657 1780 3658 1849 3658 1850 3658 1780 3659 1850 3659 1772 3659 1772 3660 1850 3660 1851 3660 1772 3661 1851 3661 1773 3661 1773 3662 1851 3662 1852 3662 1773 3663 1852 3663 1764 3663 1764 3664 1852 3664 1853 3664 1764 3665 1853 3665 1766 3665 1766 3666 1853 3666 1854 3666 1766 3667 1854 3667 1768 3667 1768 3668 1854 3668 1855 3668 1768 3669 1855 3669 1769 3669 1769 3670 1855 3670 1856 3670 1769 3671 1856 3671 1760 3671 1760 3672 1856 3672 1857 3672 1760 3673 1857 3673 1759 3673 1791 3674 1790 3674 1844 3674 1844 3675 1790 3675 1788 3675 1844 3676 1788 3676 1858 3676 1858 3677 1788 3677 1787 3677 1858 3678 1787 3678 1859 3678 1859 3679 1787 3679 1805 3679 1859 3680 1805 3680 1860 3680 1860 3681 1805 3681 1820 3681 1860 3682 1820 3682 1861 3682 1861 3683 1820 3683 1819 3683 1861 3684 1819 3684 1862 3684 1862 3685 1819 3685 1825 3685 1862 3686 1825 3686 1863 3686 1863 3687 1825 3687 1824 3687 1863 3688 1824 3688 1864 3688 1864 3689 1824 3689 1828 3689 1864 3690 1828 3690 1865 3690 1865 3691 1828 3691 1753 3691 1865 3692 1753 3692 1866 3692 1866 3693 1753 3693 1752 3693 1866 3694 1752 3694 1867 3694 1867 3695 1752 3695 1750 3695 1867 3696 1750 3696 1868 3696 1868 3697 1750 3697 1749 3697 1868 3698 1749 3698 1869 3698 1869 3699 1749 3699 1840 3699 1869 3700 1840 3700 1870 3700 1870 3701 1840 3701 1759 3701 1870 3702 1759 3702 1871 3702 1871 3703 1759 3703 1857 3703 1846 3704 1845 3704 1872 3704 1873 3705 1874 3705 1875 3705 1876 3706 1877 3706 1878 3706 1879 3707 1850 3707 1849 3707 1880 3708 1844 3708 1858 3708 1881 3709 1882 3709 1883 3709 1883 3710 1882 3710 1884 3710 1880 3711 1858 3711 1885 3711 1885 3712 1858 3712 1859 3712 1885 3713 1859 3713 1886 3713 1887 3714 1888 3714 1889 3714 1889 3715 1888 3715 1890 3715 1889 3716 1890 3716 1891 3716 1891 3717 1890 3717 1892 3717 1891 3718 1892 3718 1882 3718 1882 3719 1892 3719 1893 3719 1882 3720 1893 3720 1884 3720 1859 3721 1860 3721 1886 3721 1886 3722 1860 3722 1861 3722 1886 3723 1861 3723 1894 3723 1895 3724 1896 3724 1887 3724 1887 3725 1896 3725 1897 3725 1887 3726 1897 3726 1888 3726 1861 3727 1862 3727 1894 3727 1894 3728 1862 3728 1863 3728 1894 3729 1863 3729 1898 3729 1898 3730 1863 3730 1864 3730 1898 3731 1864 3731 1899 3731 1900 3732 1901 3732 1902 3732 1902 3733 1901 3733 1903 3733 1902 3734 1903 3734 1895 3734 1895 3735 1903 3735 1904 3735 1895 3736 1904 3736 1896 3736 1864 3737 1865 3737 1899 3737 1899 3738 1865 3738 1866 3738 1899 3739 1866 3739 1905 3739 1906 3740 1907 3740 1900 3740 1900 3741 1907 3741 1908 3741 1900 3742 1908 3742 1901 3742 1866 3743 1867 3743 1905 3743 1905 3744 1867 3744 1868 3744 1905 3745 1868 3745 1909 3745 1909 3746 1868 3746 1869 3746 1909 3747 1869 3747 1910 3747 1911 3748 1912 3748 1913 3748 1913 3749 1912 3749 1914 3749 1913 3750 1914 3750 1906 3750 1906 3751 1914 3751 1915 3751 1906 3752 1915 3752 1907 3752 1916 3753 1913 3753 1917 3753 1917 3754 1913 3754 1906 3754 1917 3755 1906 3755 1918 3755 1918 3756 1906 3756 1900 3756 1918 3757 1900 3757 1919 3757 1919 3758 1900 3758 1902 3758 1919 3759 1902 3759 1920 3759 1920 3760 1902 3760 1895 3760 1920 3761 1895 3761 1921 3761 1921 3762 1895 3762 1887 3762 1921 3763 1887 3763 1922 3763 1922 3764 1887 3764 1889 3764 1922 3765 1889 3765 1923 3765 1923 3766 1889 3766 1891 3766 1923 3767 1891 3767 1924 3767 1924 3768 1891 3768 1882 3768 1924 3769 1882 3769 1925 3769 1925 3770 1882 3770 1881 3770 1925 3771 1881 3771 1926 3771 1869 3772 1870 3772 1910 3772 1910 3773 1870 3773 1871 3773 1910 3774 1871 3774 1927 3774 1928 3775 1929 3775 1911 3775 1930 3776 1916 3776 1931 3776 1931 3777 1916 3777 1917 3777 1931 3778 1917 3778 1932 3778 1932 3779 1917 3779 1918 3779 1932 3780 1918 3780 1933 3780 1933 3781 1918 3781 1919 3781 1933 3782 1919 3782 1934 3782 1934 3783 1919 3783 1920 3783 1934 3784 1920 3784 1935 3784 1935 3785 1920 3785 1921 3785 1935 3786 1921 3786 1936 3786 1936 3787 1921 3787 1922 3787 1936 3788 1922 3788 1937 3788 1937 3789 1922 3789 1923 3789 1937 3790 1923 3790 1938 3790 1938 3791 1923 3791 1924 3791 1938 3792 1924 3792 1939 3792 1939 3793 1924 3793 1925 3793 1939 3794 1925 3794 1940 3794 1940 3795 1925 3795 1926 3795 1940 3796 1926 3796 1941 3796 1871 3797 1857 3797 1927 3797 1927 3798 1857 3798 1856 3798 1927 3799 1856 3799 1942 3799 1943 3800 1944 3800 1945 3800 1945 3801 1944 3801 1929 3801 1946 3802 1930 3802 1947 3802 1947 3803 1930 3803 1931 3803 1947 3804 1931 3804 1942 3804 1942 3805 1931 3805 1932 3805 1942 3806 1932 3806 1927 3806 1927 3807 1932 3807 1933 3807 1927 3808 1933 3808 1910 3808 1910 3809 1933 3809 1934 3809 1910 3810 1934 3810 1909 3810 1909 3811 1934 3811 1935 3811 1909 3812 1935 3812 1905 3812 1905 3813 1935 3813 1936 3813 1905 3814 1936 3814 1899 3814 1899 3815 1936 3815 1937 3815 1899 3816 1937 3816 1898 3816 1898 3817 1937 3817 1938 3817 1898 3818 1938 3818 1894 3818 1894 3819 1938 3819 1939 3819 1894 3820 1939 3820 1886 3820 1886 3821 1939 3821 1940 3821 1886 3822 1940 3822 1885 3822 1885 3823 1940 3823 1941 3823 1885 3824 1941 3824 1880 3824 1948 3825 1949 3825 1950 3825 1950 3826 1949 3826 1943 3826 1951 3827 1952 3827 1948 3827 1856 3828 1855 3828 1942 3828 1942 3829 1855 3829 1854 3829 1942 3830 1854 3830 1947 3830 1947 3831 1854 3831 1853 3831 1947 3832 1853 3832 1946 3832 1946 3833 1853 3833 1852 3833 1946 3834 1852 3834 1851 3834 1911 3835 1913 3835 1928 3835 1928 3836 1913 3836 1916 3836 1928 3837 1916 3837 1953 3837 1953 3838 1916 3838 1930 3838 1953 3839 1930 3839 1954 3839 1954 3840 1930 3840 1946 3840 1954 3841 1946 3841 1879 3841 1879 3842 1946 3842 1851 3842 1879 3843 1851 3843 1850 3843 1877 3844 1952 3844 1878 3844 1878 3845 1952 3845 1951 3845 1878 3846 1951 3846 1955 3846 1874 3847 1876 3847 1875 3847 1875 3848 1876 3848 1878 3848 1875 3849 1878 3849 1956 3849 1956 3850 1878 3850 1955 3850 1956 3851 1955 3851 1957 3851 1929 3852 1928 3852 1945 3852 1945 3853 1928 3853 1953 3853 1945 3854 1953 3854 1958 3854 1958 3855 1953 3855 1954 3855 1958 3856 1954 3856 1959 3856 1959 3857 1954 3857 1879 3857 1959 3858 1879 3858 1960 3858 1960 3859 1879 3859 1849 3859 1960 3860 1849 3860 1848 3860 1943 3861 1945 3861 1950 3861 1950 3862 1945 3862 1958 3862 1950 3863 1958 3863 1961 3863 1961 3864 1958 3864 1959 3864 1961 3865 1959 3865 1962 3865 1962 3866 1959 3866 1960 3866 1962 3867 1960 3867 1963 3867 1963 3868 1960 3868 1848 3868 1963 3869 1848 3869 1847 3869 1964 3870 1873 3870 1965 3870 1965 3871 1873 3871 1875 3871 1965 3872 1875 3872 1966 3872 1966 3873 1875 3873 1956 3873 1966 3874 1956 3874 1967 3874 1967 3875 1956 3875 1957 3875 1967 3876 1957 3876 1872 3876 1948 3877 1950 3877 1951 3877 1951 3878 1950 3878 1961 3878 1951 3879 1961 3879 1955 3879 1955 3880 1961 3880 1962 3880 1955 3881 1962 3881 1957 3881 1957 3882 1962 3882 1963 3882 1957 3883 1963 3883 1872 3883 1872 3884 1963 3884 1847 3884 1872 3885 1847 3885 1846 3885 1845 3886 1844 3886 1872 3886 1872 3887 1844 3887 1880 3887 1872 3888 1880 3888 1967 3888 1967 3889 1880 3889 1941 3889 1967 3890 1941 3890 1966 3890 1966 3891 1941 3891 1926 3891 1966 3892 1926 3892 1965 3892 1965 3893 1926 3893 1881 3893 1965 3894 1881 3894 1964 3894 1964 3895 1881 3895 1883 3895 1897 3896 43 3896 1888 3896 1888 3897 43 3897 45 3897 1888 3898 45 3898 1890 3898 1890 3899 45 3899 1892 3899 1892 3900 45 3900 47 3900 1892 3901 47 3901 1893 3901 1893 3902 47 3902 1884 3902 1884 3903 47 3903 49 3903 1884 3904 49 3904 1883 3904 1883 3905 49 3905 1964 3905 1964 3906 49 3906 26 3906 1964 3907 26 3907 1873 3907 1873 3908 26 3908 1874 3908 1874 3909 26 3909 28 3909 1874 3910 28 3910 1876 3910 1876 3911 28 3911 1877 3911 1877 3912 28 3912 30 3912 1877 3913 30 3913 1952 3913 32 3914 1949 3914 30 3914 30 3915 1949 3915 1948 3915 30 3916 1948 3916 1952 3916 1911 3917 1929 3917 35 3917 35 3918 1929 3918 1944 3918 35 3919 1944 3919 32 3919 32 3920 1944 3920 1943 3920 32 3921 1943 3921 1949 3921 1911 3922 35 3922 1912 3922 1912 3923 35 3923 37 3923 1912 3924 37 3924 1914 3924 1914 3925 37 3925 1915 3925 1915 3926 37 3926 39 3926 1915 3927 39 3927 1907 3927 1907 3928 39 3928 1908 3928 1908 3929 39 3929 41 3929 1908 3930 41 3930 1901 3930 1897 3931 1896 3931 43 3931 43 3932 1896 3932 1904 3932 43 3933 1904 3933 41 3933 41 3934 1904 3934 1903 3934 41 3935 1903 3935 1901 3935</p>
        </triangles>
      </mesh>
    </geometry>
  </library_geometries>
  <library_controllers/>
  <library_visual_scenes>
    <visual_scene id="Scene" name="Scene">
      <node id="pipeline2" name="pipeline2" type="NODE">
        <matrix sid="transform">0.002 0 0 0 0 0.002 0 0 0 0 0.002 0 0 0 0 1</matrix>
        <instance_geometry url="#pipeline2-mesh" name="pipeline2"/>
      </node>
    </visual_scene>
  </library_visual_scenes>
  <scene>
    <instance_visual_scene url="#Scene"/>
  </scene>
</COLLADA>